"Model","File","OldName","NewName","Folder","Description","Candidate","Line"
"Activité de développement et rehab.SemanticModel","Activité de développement et rehab\Activité de développement et rehab.SemanticModel\definition\tables\Mesure.tmdl","Affaires non terminées ou annulées","Affaires non terminées ou annulées","Activité et qualité de service","Suit un volume d'activité ou un indicateur de qualité de service.","False","1512"
"Activité de développement et rehab.SemanticModel","Activité de développement et rehab\Activité de développement et rehab.SemanticModel\definition\tables\Mesure.tmdl","#AffairesTerminéesDansLesTemps","Affaires terminées dans les temps","Activité et qualité de service","Suit un volume d'activité ou un indicateur de qualité de service.","False","1485"
"Activité de développement et rehab.SemanticModel","Activité de développement et rehab\Activité de développement et rehab.SemanticModel\definition\tables\Mesure.tmdl","#AffairesTerminéesEnRetard","Affaires terminées en retard","Activité et qualité de service","Suit un volume d'activité ou un indicateur de qualité de service.","False","1490"
"Activité de développement et rehab.SemanticModel","Activité de développement et rehab\Activité de développement et rehab.SemanticModel\definition\tables\Mesure.tmdl","# Affaires","Nombre d'affaires","Activité et qualité de service","Suit un volume d'activité ou un indicateur de qualité de service.","False","1479"
"Activité de développement et rehab.SemanticModel","Activité de développement et rehab\Activité de développement et rehab.SemanticModel\definition\tables\Mesure.tmdl","# AffairesTraitées","Nombre d'affaires traitées","Activité et qualité de service","Suit un volume d'activité ou un indicateur de qualité de service.","False","1495"
"Activité de développement et rehab.SemanticModel","Activité de développement et rehab\Activité de développement et rehab.SemanticModel\definition\tables\Mesure.tmdl","Satisfaction annuelle","Satisfaction annuelle","Activité et qualité de service","Suit un volume d'activité ou un indicateur de qualité de service.","False","876"
"Activité de développement et rehab.SemanticModel","Activité de développement et rehab\Activité de développement et rehab.SemanticModel\definition\tables\Mesure.tmdl","%AffairesTerminéesDansLesTemps","Taux d'affaires terminées dans les temps","Activité et qualité de service","Suit un volume d'activité ou un indicateur de qualité de service.","False","1501"
"Activité de développement et rehab.SemanticModel","Activité de développement et rehab\Activité de développement et rehab.SemanticModel\definition\tables\Mesure.tmdl","Nombre d'assurés","Nombre d'assurés","Assurances","Suit la couverture assurantielle des locataires ou des logements.","False","1788"
"Activité de développement et rehab.SemanticModel","Activité de développement et rehab\Activité de développement et rehab.SemanticModel\definition\tables\Mesure.tmdl","Tx d'assurés","Taux d'assurés","Assurances","Suit la couverture assurantielle des locataires ou des logements.","False","1770"
"Activité de développement et rehab.SemanticModel","Activité de développement et rehab\Activité de développement et rehab.SemanticModel\definition\tables\Mesure.tmdl","Tx d'assurés n-1","Taux d'assurés année précédente","Assurances","Suit la couverture assurantielle des locataires ou des logements. La comparaison se fait avec la même période de l'année précédente.","False","2509"
"Activité de développement et rehab.SemanticModel","Activité de développement et rehab\Activité de développement et rehab.SemanticModel\definition\tables\Mesure.tmdl","€ Dette","Dette","Dette et impayés","Indique une proportion liée aux impayés ou à l'évolution de la dette.","False","1985"
"Activité de développement et rehab.SemanticModel","Activité de développement et rehab\Activité de développement et rehab.SemanticModel\definition\tables\Mesure.tmdl","Impayé des Partis","Dette des locataires partis","Dette et impayés","Suit les montants restant dus, les impayés ou leur évolution.","False","2099"
"Activité de développement et rehab.SemanticModel","Activité de développement et rehab\Activité de développement et rehab.SemanticModel\definition\tables\Mesure.tmdl","Dette Partis M-1","Dette des locataires partis du mois précédent","Dette et impayés","Indique une proportion liée aux impayés ou à l'évolution de la dette. La comparaison se fait avec le mois précédent.","False","1108"
"Activité de développement et rehab.SemanticModel","Activité de développement et rehab\Activité de développement et rehab.SemanticModel\definition\tables\Mesure.tmdl","Impayé des présents","Dette des locataires présents","Dette et impayés","Suit les montants restant dus, les impayés ou leur évolution.","False","2092"
"Activité de développement et rehab.SemanticModel","Activité de développement et rehab\Activité de développement et rehab.SemanticModel\definition\tables\Mesure.tmdl","Dette Présents M-1","Dette des locataires présents du mois précédent","Dette et impayés","Indique une proportion liée aux impayés ou à l'évolution de la dette. La comparaison se fait avec le mois précédent.","False","1097"
"Activité de développement et rehab.SemanticModel","Activité de développement et rehab\Activité de développement et rehab.SemanticModel\definition\tables\Mesure.tmdl","€ Dette HPP","Dette hors passages en perte","Dette et impayés","Suit les montants restant dus, les impayés ou leur évolution. Le résultat est cumulé depuis le début de l'année.","False","2028"
"Activité de développement et rehab.SemanticModel","Activité de développement et rehab\Activité de développement et rehab.SemanticModel\definition\tables\Mesure.tmdl","Dette HPP M-1","Dette hors passages en perte du mois précédent","Dette et impayés","Suit les montants restant dus, les impayés ou leur évolution. La comparaison se fait avec le mois précédent.","False","2360"
"Activité de développement et rehab.SemanticModel","Activité de développement et rehab\Activité de développement et rehab.SemanticModel\definition\tables\Mesure.tmdl","Soldem_ca_operation_+ yc PP","Dette positive avec passages en perte","Dette et impayés","Indique une proportion liée aux impayés ou à l'évolution de la dette.","False","613"
"Activité de développement et rehab.SemanticModel","Activité de développement et rehab\Activité de développement et rehab.SemanticModel\definition\tables\Mesure.tmdl","Soldem_ca_operation_+_Partis","Dette positive des locataires partis","Dette et impayés","Indique une proportion liée aux impayés ou à l'évolution de la dette.","False","1102"
"Activité de développement et rehab.SemanticModel","Activité de développement et rehab\Activité de développement et rehab.SemanticModel\definition\tables\Mesure.tmdl","Soldem_ca_operation_+_Present","Dette positive des locataires présents","Dette et impayés","Indique une proportion liée aux impayés ou à l'évolution de la dette.","False","312"
"Activité de développement et rehab.SemanticModel","Activité de développement et rehab\Activité de développement et rehab.SemanticModel\definition\tables\Mesure.tmdl","Soldem1_ca_operation_+","Dette positive du mois précédent","Dette et impayés","Indique une proportion liée aux impayés ou à l'évolution de la dette. La comparaison se fait avec le mois précédent.","False","92"
"Activité de développement et rehab.SemanticModel","Activité de développement et rehab\Activité de développement et rehab.SemanticModel\definition\tables\Mesure.tmdl","Soldem_ca_operation_+ hpp","Dette positive hors passages en perte","Dette et impayés","Indique une proportion liée aux impayés ou à l'évolution de la dette.","False","98"
"Activité de développement et rehab.SemanticModel","Activité de développement et rehab\Activité de développement et rehab.SemanticModel\definition\tables\Mesure.tmdl","Dette présents","Dette présents","Dette et impayés","Indique une proportion liée aux impayés ou à l'évolution de la dette.","False","1068"
"Activité de développement et rehab.SemanticModel","Activité de développement et rehab\Activité de développement et rehab.SemanticModel\definition\tables\Mesure.tmdl","MoisDecembrePrecedent","Mois de décembre précédent","Dette et impayés","Indique une proportion liée aux impayés ou à l'évolution de la dette.","False","1123"
"Activité de développement et rehab.SemanticModel","Activité de développement et rehab\Activité de développement et rehab.SemanticModel\definition\tables\Mesure.tmdl","€ Dette YTD","Montant Dette cumul annuel","Dette et impayés","Suit les montants restant dus, les impayés ou leur évolution. La comparaison se fait avec la même période de l'année précédente.","False","1992"
"Activité de développement et rehab.SemanticModel","Activité de développement et rehab\Activité de développement et rehab.SemanticModel\definition\tables\Mesure.tmdl","€ Dette M1","Montant Dette mois précédent","Dette et impayés","Suit les montants restant dus, les impayés ou leur évolution. La comparaison se fait avec le mois précédent.","False","2059"
"Activité de développement et rehab.SemanticModel","Activité de développement et rehab\Activité de développement et rehab.SemanticModel\definition\tables\Mesure.tmdl","MontantTotal3*Dette_SUMX","Montant total des dettes élevées","Dette et impayés","Indique une proportion liée aux impayés ou à l'évolution de la dette.","False","436"
"Activité de développement et rehab.SemanticModel","Activité de développement et rehab\Activité de développement et rehab.SemanticModel\definition\tables\Mesure.tmdl","NombreCodeCADistinctsAvec3*Dette","Nombre de contrats avec dette élevée","Dette et impayés","Indique une proportion liée aux impayés ou à l'évolution de la dette.","False","430"
"Activité de développement et rehab.SemanticModel","Activité de développement et rehab\Activité de développement et rehab.SemanticModel\definition\tables\Mesure.tmdl","Nb Foyers en impayé","Nombre de Foyers en impayé","Dette et impayés","Indique une proportion liée aux impayés ou à l'évolution de la dette.","False","819"
"Activité de développement et rehab.SemanticModel","Activité de développement et rehab\Activité de développement et rehab.SemanticModel\definition\tables\Mesure.tmdl","Nb ménage en impayé","Nombre de ménages en impayé","Dette et impayés","Indique une proportion liée aux impayés ou à l'évolution de la dette.","False","418"
"Activité de développement et rehab.SemanticModel","Activité de développement et rehab\Activité de développement et rehab.SemanticModel\definition\tables\Mesure.tmdl","Nombre endetté","Nombre endetté","Dette et impayés","Indique une proportion liée aux impayés ou à l'évolution de la dette.","False","1812"
"Activité de développement et rehab.SemanticModel","Activité de développement et rehab\Activité de développement et rehab.SemanticModel\definition\tables\Mesure.tmdl","€ PP","Passages en perte","Dette et impayés","Suit les montants restant dus, les impayés ou leur évolution.","False","1998"
"Activité de développement et rehab.SemanticModel","Activité de développement et rehab\Activité de développement et rehab.SemanticModel\definition\tables\Mesure.tmdl","€ PP YTD","Passages en perte cumulés annuels","Dette et impayés","Suit les montants restant dus, les impayés ou leur évolution. La comparaison se fait avec la même période de l'année précédente.","False","2004"
"Activité de développement et rehab.SemanticModel","Activité de développement et rehab\Activité de développement et rehab.SemanticModel\definition\tables\Mesure.tmdl","CumulPassagesEnPerteAnnuel","Passages en perte cumulés annuels historique","Dette et impayés","Suit les montants restant dus, les impayés ou leur évolution.","False","110"
"Activité de développement et rehab.SemanticModel","Activité de développement et rehab\Activité de développement et rehab.SemanticModel\definition\tables\Mesure.tmdl","% Croissance annuelle","Taux de croissance annuel","Dette et impayés","Indique une proportion liée aux impayés ou à l'évolution de la dette. Le résultat est cumulé depuis le début de l'année.","False","1128"
"Activité de développement et rehab.SemanticModel","Activité de développement et rehab\Activité de développement et rehab.SemanticModel\definition\tables\Mesure.tmdl","% Croissance annuelle Dette","Taux de croissance annuelle de la dette","Dette et impayés","Indique une proportion liée aux impayés ou à l'évolution de la dette. Le résultat est cumulé depuis le début de l'année.","False","2334"
"Activité de développement et rehab.SemanticModel","Activité de développement et rehab\Activité de développement et rehab.SemanticModel\definition\tables\Mesure.tmdl","% croissance_soldem_ca_operation_+_uniquement positif","Taux de croissance de la dette positive","Dette et impayés","Indique une proportion liée aux impayés ou à l'évolution de la dette.","False","1296"
"Activité de développement et rehab.SemanticModel","Activité de développement et rehab\Activité de développement et rehab.SemanticModel\definition\tables\Mesure.tmdl","% Croissance dette M","Taux de croissance mensuelle de la dette","Dette et impayés","Indique une proportion liée aux impayés ou à l'évolution de la dette.","False","2327"
"Activité de développement et rehab.SemanticModel","Activité de développement et rehab\Activité de développement et rehab.SemanticModel\definition\tables\Mesure.tmdl","% croissance_soldem_ca_operation_+","Taux de variation de la dette positive","Dette et impayés","Indique une proportion liée aux impayés ou à l'évolution de la dette.","False","104"
"Activité de développement et rehab.SemanticModel","Activité de développement et rehab\Activité de développement et rehab.SemanticModel\definition\tables\Mesure.tmdl","€ Croissance annuelle Dette","Variation annuelle de la dette","Dette et impayés","Suit les montants restant dus, les impayés ou leur évolution. Le résultat est cumulé depuis le début de l'année.","False","2046"
"Activité de développement et rehab.SemanticModel","Activité de développement et rehab\Activité de développement et rehab.SemanticModel\definition\tables\Mesure.tmdl","CroissanceSoldem_CA_Operation_YTD","Variation de dette cumulée annuelle","Dette et impayés","Indique une proportion liée aux impayés ou à l'évolution de la dette. Le résultat est cumulé depuis le début de l'année.","False","139"
"Activité de développement et rehab.SemanticModel","Activité de développement et rehab\Activité de développement et rehab.SemanticModel\definition\tables\Mesure.tmdl","€ Croissance Dette","Variation mensuelle de la dette","Dette et impayés","Suit les montants restant dus, les impayés ou leur évolution. La comparaison se fait avec le mois précédent.","False","2065"
"Activité de développement et rehab.SemanticModel","Activité de développement et rehab\Activité de développement et rehab.SemanticModel\definition\tables\Mesure.tmdl","€ Croissance soldem_ca_operation","Variation mensuelle de la dette historique","Dette et impayés","Indique une proportion liée aux impayés ou à l'évolution de la dette.","False","121"
"Activité de développement et rehab.SemanticModel","Activité de développement et rehab\Activité de développement et rehab.SemanticModel\definition\tables\Mesure.tmdl","CumulQuittancementsAnnuel","Cumul Quittancements Annuel","Encaissement et quittancement","Additionne les montants facturés, encaissés ou liés aux allocations.","False","701"
"Activité de développement et rehab.SemanticModel","Activité de développement et rehab\Activité de développement et rehab.SemanticModel\definition\tables\Mesure.tmdl","Encaissement + alloc","Encaissement avec allocations","Encaissement et quittancement","Suit la part des sommes encaissées par rapport aux sommes attendues.","False","412"
"Activité de développement et rehab.SemanticModel","Activité de développement et rehab\Activité de développement et rehab.SemanticModel\definition\tables\Mesure.tmdl","Encaissement + AL","Encaissement avec allocations logement","Encaissement et quittancement","Suit la part des sommes encaissées par rapport aux sommes attendues.","False","1079"
"Activité de développement et rehab.SemanticModel","Activité de développement et rehab\Activité de développement et rehab.SemanticModel\definition\tables\Mesure.tmdl","Encaissements + AL cumulés","Encaissements avec allocations logement cumulés","Encaissement et quittancement","Suit la part des sommes encaissées par rapport aux sommes attendues.","False","1022"
"Activité de développement et rehab.SemanticModel","Activité de développement et rehab\Activité de développement et rehab.SemanticModel\definition\tables\Mesure.tmdl","€ Quittancement M-1","Montant Quittancement mois précédent","Encaissement et quittancement","Additionne les montants facturés, encaissés ou liés aux allocations. La comparaison se fait avec le mois précédent.","False","2492"
"Activité de développement et rehab.SemanticModel","Activité de développement et rehab\Activité de développement et rehab.SemanticModel\definition\tables\Mesure.tmdl","NbCA_AL","Nombre de contrats avec allocation logement","Encaissement et quittancement","Additionne les montants facturés, encaissés ou liés aux allocations.","False","388"
"Activité de développement et rehab.SemanticModel","Activité de développement et rehab\Activité de développement et rehab.SemanticModel\definition\tables\Mesure.tmdl","Nombre de ménages AL","Nombre de ménages AL","Encaissement et quittancement","Additionne les montants facturés, encaissés ou liés aux allocations.","False","642"
"Activité de développement et rehab.SemanticModel","Activité de développement et rehab\Activité de développement et rehab.SemanticModel\definition\tables\Mesure.tmdl","Quittancé YTD m1","Quittancé cumul annuel mois précédent","Encaissement et quittancement","Additionne les montants facturés, encaissés ou liés aux allocations. La comparaison se fait avec le mois précédent.","False","1251"
"Activité de développement et rehab.SemanticModel","Activité de développement et rehab\Activité de développement et rehab.SemanticModel\definition\tables\Mesure.tmdl","€ Quittancement","Quittancement","Encaissement et quittancement","Additionne les montants facturés, encaissés ou liés aux allocations.","False","2035"
"Activité de développement et rehab.SemanticModel","Activité de développement et rehab\Activité de développement et rehab.SemanticModel\definition\tables\Mesure.tmdl","€ Quittancement YTD","Quittancement cumulé annuel","Encaissement et quittancement","Additionne les montants facturés, encaissés ou liés aux allocations. La comparaison se fait avec la même période de l'année précédente.","False","2041"
"Activité de développement et rehab.SemanticModel","Activité de développement et rehab\Activité de développement et rehab.SemanticModel\definition\tables\Mesure.tmdl","CumulQuitm_CA_Operation_YTD","Quittancement cumulé annuel historique","Encaissement et quittancement","Additionne les montants facturés, encaissés ou liés aux allocations. Le résultat est cumulé depuis le début de l'année.","False","144"
"Activité de développement et rehab.SemanticModel","Activité de développement et rehab\Activité de développement et rehab.SemanticModel\definition\tables\Mesure.tmdl","Quittancement hors AL (M-1)","Quittancement hors AL (mois précédent)","Encaissement et quittancement","Additionne les montants facturés, encaissés ou liés aux allocations. La comparaison se fait avec le mois précédent.","False","1146"
"Activité de développement et rehab.SemanticModel","Activité de développement et rehab\Activité de développement et rehab.SemanticModel\definition\tables\Mesure.tmdl","€ Quittancement YTD Logement","Quittancement logements cumulé annuel","Encaissement et quittancement","Additionne les montants facturés, encaissés ou liés aux allocations. La comparaison se fait avec la même période de l'année précédente.","False","2176"
"Activité de développement et rehab.SemanticModel","Activité de développement et rehab\Activité de développement et rehab.SemanticModel\definition\tables\Mesure.tmdl","€ Quittancement logements et commerces YTD","Quittancement logements et commerces cumulé annuel","Encaissement et quittancement","Additionne les montants facturés, encaissés ou liés aux allocations. La comparaison se fait avec la même période de l'année précédente.","False","2437"
"Activité de développement et rehab.SemanticModel","Activité de développement et rehab\Activité de développement et rehab.SemanticModel\definition\tables\Mesure.tmdl","€ Quittancement logements et commerces M","Quittancement logements et commerces mensuel","Encaissement et quittancement","Additionne les montants facturés, encaissés ou liés aux allocations.","False","2432"
"Activité de développement et rehab.SemanticModel","Activité de développement et rehab\Activité de développement et rehab.SemanticModel\definition\tables\Mesure.tmdl","Quittancement Logements M","Quittancement logements mensuel","Encaissement et quittancement","Additionne les montants facturés, encaissés ou liés aux allocations.","False","2188"
"Activité de développement et rehab.SemanticModel","Activité de développement et rehab\Activité de développement et rehab.SemanticModel\definition\tables\Mesure.tmdl","€ Quitm_ca_operation","Quittancement mensuel","Encaissement et quittancement","Additionne les montants facturés, encaissés ou liés aux allocations.","False","127"
"Activité de développement et rehab.SemanticModel","Activité de développement et rehab\Activité de développement et rehab.SemanticModel\definition\tables\Mesure.tmdl","Quittancement_m1_Crediteurs","Quittancement mois précédent Crediteurs","Encaissement et quittancement","Additionne les montants facturés, encaissés ou liés aux allocations. La comparaison se fait avec le mois précédent.","False","1235"
"Activité de développement et rehab.SemanticModel","Activité de développement et rehab\Activité de développement et rehab.SemanticModel\definition\tables\Mesure.tmdl","Quittancement_m1_Débiteurs","Quittancement mois précédent Débiteurs","Encaissement et quittancement","Additionne les montants facturés, encaissés ou liés aux allocations. La comparaison se fait avec le mois précédent.","False","1230"
"Activité de développement et rehab.SemanticModel","Activité de développement et rehab\Activité de développement et rehab.SemanticModel\definition\tables\Mesure.tmdl","Quittancement_m1_Soldés","Quittancement mois précédent Soldés","Encaissement et quittancement","Additionne les montants facturés, encaissés ou liés aux allocations. La comparaison se fait avec le mois précédent.","False","1240"
"Activité de développement et rehab.SemanticModel","Activité de développement et rehab\Activité de développement et rehab.SemanticModel\definition\tables\Mesure.tmdl","Quittancement_m1_Total","Quittancement mois précédent Total","Encaissement et quittancement","Additionne les montants facturés, encaissés ou liés aux allocations. La comparaison se fait avec le mois précédent.","False","1245"
"Activité de développement et rehab.SemanticModel","Activité de développement et rehab\Activité de développement et rehab.SemanticModel\definition\tables\Mesure.tmdl","Quittancement_m1_Total_Cumule_Annuel","Quittancement mois précédent Total Cumule Annuel","Encaissement et quittancement","Additionne les montants facturés, encaissés ou liés aux allocations. La comparaison se fait avec le mois précédent.","False","1261"
"Activité de développement et rehab.SemanticModel","Activité de développement et rehab\Activité de développement et rehab.SemanticModel\definition\tables\Mesure.tmdl","Règlements","Règlements","Encaissement et quittancement","Additionne les montants facturés, encaissés ou liés aux allocations.","False","741"
"Activité de développement et rehab.SemanticModel","Activité de développement et rehab\Activité de développement et rehab.SemanticModel\definition\tables\Mesure.tmdl","Règlements HPP","Règlements hors passages en perte","Encaissement et quittancement","Additionne les montants facturés, encaissés ou liés aux allocations.","False","1140"
"Activité de développement et rehab.SemanticModel","Activité de développement et rehab\Activité de développement et rehab.SemanticModel\definition\tables\Mesure.tmdl","Règlements HPP M-12","Règlements hors passages en perte douze mois avant","Encaissement et quittancement","Additionne les montants facturés, encaissés ou liés aux allocations. La comparaison se fait avec le mois précédent.","False","1158"
"Activité de développement et rehab.SemanticModel","Activité de développement et rehab\Activité de développement et rehab.SemanticModel\definition\tables\Mesure.tmdl","Règlements HPP M-1","Règlements hors passages en perte mois précédent","Encaissement et quittancement","Additionne les montants facturés, encaissés ou liés aux allocations. La comparaison se fait avec le mois précédent.","False","1152"
"Activité de développement et rehab.SemanticModel","Activité de développement et rehab\Activité de développement et rehab.SemanticModel\definition\tables\Mesure.tmdl","Règlements locataires","Règlements locataires","Encaissement et quittancement","Additionne les montants facturés, encaissés ou liés aux allocations.","False","1134"
"Activité de développement et rehab.SemanticModel","Activité de développement et rehab\Activité de développement et rehab.SemanticModel\definition\tables\Mesure.tmdl","Tx Croissance M-12 (%)","Taux de croissance douze mois avant","Encaissement et quittancement","Suit la part des sommes encaissées par rapport aux sommes attendues. La comparaison se fait avec le mois précédent.","False","1170"
"Activité de développement et rehab.SemanticModel","Activité de développement et rehab\Activité de développement et rehab.SemanticModel\definition\tables\Mesure.tmdl","Tx Croissance M-1 (%)","Taux de croissance du mois précédent","Encaissement et quittancement","Suit la part des sommes encaissées par rapport aux sommes attendues. La comparaison se fait avec le mois précédent.","False","1164"
"Activité de développement et rehab.SemanticModel","Activité de développement et rehab\Activité de développement et rehab.SemanticModel\definition\tables\Mesure.tmdl","Taux Règlements HPP CB M","Taux de règlements CB mensuel hors passages en perte","Encaissement et quittancement","Suit la part des sommes encaissées par rapport aux sommes attendues.","False","1224"
"Activité de développement et rehab.SemanticModel","Activité de développement et rehab\Activité de développement et rehab.SemanticModel\definition\tables\Mesure.tmdl","Taux Règlements HPP Espèces M","Taux de règlements en espèces mensuel hors passages en perte","Encaissement et quittancement","Suit la part des sommes encaissées par rapport aux sommes attendues.","False","1194"
"Activité de développement et rehab.SemanticModel","Activité de développement et rehab\Activité de développement et rehab.SemanticModel\definition\tables\Mesure.tmdl","Taux Règlements HPP IBAN M","Taux de règlements IBAN mensuel hors passages en perte","Encaissement et quittancement","Suit la part des sommes encaissées par rapport aux sommes attendues.","False","1200"
"Activité de développement et rehab.SemanticModel","Activité de développement et rehab\Activité de développement et rehab.SemanticModel\definition\tables\Mesure.tmdl","Taux Règlements HPP Chèque M","Taux de règlements par chèque mensuel hors passages en perte","Encaissement et quittancement","Suit la part des sommes encaissées par rapport aux sommes attendues.","False","1218"
"Activité de développement et rehab.SemanticModel","Activité de développement et rehab\Activité de développement et rehab.SemanticModel\definition\tables\Mesure.tmdl","Taux Règlements HPP Prélèvements M","Taux de règlements par prélèvement mensuel hors passages en perte","Encaissement et quittancement","Suit la part des sommes encaissées par rapport aux sommes attendues.","False","1206"
"Activité de développement et rehab.SemanticModel","Activité de développement et rehab\Activité de développement et rehab.SemanticModel\definition\tables\Mesure.tmdl","Taux Règlements HPP Virements M","Taux de règlements par virement mensuel hors passages en perte","Encaissement et quittancement","Suit la part des sommes encaissées par rapport aux sommes attendues.","False","1212"
"Activité de développement et rehab.SemanticModel","Activité de développement et rehab\Activité de développement et rehab.SemanticModel\definition\tables\Mesure.tmdl","Taux d'encaissement YTD DTP Corrigé","Taux d'encaissement cumul annuel DTP Corrigé","Encaissement et quittancement","Suit la part des sommes encaissées par rapport aux sommes attendues. Le résultat est cumulé depuis le début de l'année.","False","1272"
"Activité de développement et rehab.SemanticModel","Activité de développement et rehab\Activité de développement et rehab.SemanticModel\definition\tables\Mesure.tmdl","Taux Encaissement YTD","Taux d'encaissement cumulé annuel","Encaissement et quittancement","Suit la part des sommes encaissées par rapport aux sommes attendues. Le résultat est cumulé depuis le début de l'année.","False","2052"
"Activité de développement et rehab.SemanticModel","Activité de développement et rehab\Activité de développement et rehab.SemanticModel\definition\tables\Mesure.tmdl","% Taux Encaissement YTD LY","Taux d'encaissement cumulé annuel année précédente","Encaissement et quittancement","Suit la part des sommes encaissées par rapport aux sommes attendues. La comparaison se fait avec la même période de l'année précédente.","False","2078"
"Activité de développement et rehab.SemanticModel","Activité de développement et rehab\Activité de développement et rehab.SemanticModel\definition\tables\Mesure.tmdl","tx encaissement YTD","Taux d'encaissement cumulé annuel historique","Encaissement et quittancement","Suit la part des sommes encaissées par rapport aux sommes attendues. Le résultat est cumulé depuis le début de l'année.","False","150"
"Activité de développement et rehab.SemanticModel","Activité de développement et rehab\Activité de développement et rehab.SemanticModel\definition\tables\Mesure.tmdl","Tx Encaissement hpp soldes_ca_operation","Taux d'encaissement hors passages en perte","Encaissement et quittancement","Suit la part des sommes encaissées par rapport aux sommes attendues.","False","133"
"Activité de développement et rehab.SemanticModel","Activité de développement et rehab\Activité de développement et rehab.SemanticModel\definition\tables\Mesure.tmdl","% Taux Encaissement Mensuel","Taux d'encaissement mensuel","Encaissement et quittancement","Suit la part des sommes encaissées par rapport aux sommes attendues.","False","2071"
"Activité de développement et rehab.SemanticModel","Activité de développement et rehab\Activité de développement et rehab.SemanticModel\definition\tables\Mesure.tmdl","% Taux Encaissement Mensuel LY","Taux d'encaissement mensuel année précédente","Encaissement et quittancement","Suit la part des sommes encaissées par rapport aux sommes attendues. La comparaison se fait avec la même période de l'année précédente.","False","2085"
"Activité de développement et rehab.SemanticModel","Activité de développement et rehab\Activité de développement et rehab.SemanticModel\definition\tables\Mesure.tmdl","Taux d'encaissement mensuel DTP Corrigé","Taux d'encaissement mensuel DTP Corrigé","Encaissement et quittancement","Suit la part des sommes encaissées par rapport aux sommes attendues.","False","1278"
"Activité de développement et rehab.SemanticModel","Activité de développement et rehab\Activité de développement et rehab.SemanticModel\definition\tables\Mesure.tmdl","Tx Encaissement YTD N-1","Taux Encaissement cumul annuel année précédente","Encaissement et quittancement","Suit la part des sommes encaissées par rapport aux sommes attendues. La comparaison se fait avec la même période de l'année précédente.","False","625"
"Activité de développement et rehab.SemanticModel","Activité de développement et rehab\Activité de développement et rehab.SemanticModel\definition\tables\Mesure.tmdl","tx encaissement YTD recalculé","Taux encaissement cumul annuel recalculé","Encaissement et quittancement","Suit la part des sommes encaissées par rapport aux sommes attendues. Le résultat est cumulé depuis le début de l'année.","False","707"
"Activité de développement et rehab.SemanticModel","Activité de développement et rehab\Activité de développement et rehab.SemanticModel\definition\tables\Mesure.tmdl","Taux RALI YTD","Taux RALI cumul annuel","Encaissement et quittancement","Suit la part des sommes encaissées par rapport aux sommes attendues. Le résultat est cumulé depuis le début de l'année.","False","1290"
"Activité de développement et rehab.SemanticModel","Activité de développement et rehab\Activité de développement et rehab.SemanticModel\definition\tables\Mesure.tmdl","Taux RALI mensuel","Taux RALI mensuel","Encaissement et quittancement","Suit la part des sommes encaissées par rapport aux sommes attendues.","False","1284"
"Activité de développement et rehab.SemanticModel","Activité de développement et rehab\Activité de développement et rehab.SemanticModel\definition\tables\Mesure.tmdl","Cible agréments","Cible agréments","Indicateurs généraux","Indique une proportion simple à interpréter.","False","2714"
"Activité de développement et rehab.SemanticModel","Activité de développement et rehab\Activité de développement et rehab.SemanticModel\definition\tables\Mesure.tmdl","Cible mises en chantiers","Cible mises en chantiers","Indicateurs généraux","Indique une proportion simple à interpréter.","False","2668"
"Activité de développement et rehab.SemanticModel","Activité de développement et rehab\Activité de développement et rehab.SemanticModel\definition\tables\Mesure.tmdl","Indécence_mano","Indécence mano","Indicateurs généraux","Additionne des montants ou des valeurs.","False","1691"
"Activité de développement et rehab.SemanticModel","Activité de développement et rehab\Activité de développement et rehab.SemanticModel\definition\tables\Mesure.tmdl","Mesure 4 2","Mesure 4 2","Indicateurs généraux","Indicateur métier utilisé pour le pilotage.","False","1507"
"Activité de développement et rehab.SemanticModel","Activité de développement et rehab\Activité de développement et rehab.SemanticModel\definition\tables\Mesure.tmdl","Mesure 5 2","Mesure 5 2","Indicateurs généraux","Indicateur métier utilisé pour le pilotage.","False","1835"
"Activité de développement et rehab.SemanticModel","Activité de développement et rehab\Activité de développement et rehab.SemanticModel\definition\tables\Mesure.tmdl","Mesure 6 2","Mesure 6 2","Indicateurs généraux","Indicateur métier utilisé pour le pilotage.","False","2796"
"Activité de développement et rehab.SemanticModel","Activité de développement et rehab\Activité de développement et rehab.SemanticModel\definition\tables\Mesure.tmdl","Mesure 8","Mesure 8","Indicateurs généraux","Indicateur métier utilisé pour le pilotage.","False","2414"
"Activité de développement et rehab.SemanticModel","Activité de développement et rehab\Activité de développement et rehab.SemanticModel\definition\tables\Mesure.tmdl","Mesure 9","Mesure 9","Indicateurs généraux","Indicateur métier utilisé pour le pilotage.","False","2685"
"Activité de développement et rehab.SemanticModel","Activité de développement et rehab\Activité de développement et rehab.SemanticModel\definition\tables\Mesure.tmdl","Nombre agréments en cours","Nombre agréments en cours","Indicateurs généraux","Compte un nombre d'éléments distincts.","False","2688"
"Activité de développement et rehab.SemanticModel","Activité de développement et rehab\Activité de développement et rehab.SemanticModel\definition\tables\Mesure.tmdl","Réel MEC cumulé I","Réel MEC cumulé I","Indicateurs généraux","Indique une proportion simple à interpréter.","False","2837"
"Activité de développement et rehab.SemanticModel","Activité de développement et rehab\Activité de développement et rehab.SemanticModel\definition\tables\Mesure.tmdl","Réel MEC cumulé V","Réel MEC cumulé V","Indicateurs généraux","Indique une proportion simple à interpréter.","False","2846"
"Activité de développement et rehab.SemanticModel","Activité de développement et rehab\Activité de développement et rehab.SemanticModel\definition\tables\Mesure.tmdl","Structures collectives","Structures collectives","Indicateurs généraux","Indicateur métier utilisé pour le pilotage.","False","965"
"Activité de développement et rehab.SemanticModel","Activité de développement et rehab\Activité de développement et rehab.SemanticModel\definition\tables\Mesure.tmdl","obj_2024_dette","Objectif 2024 de dette","Objectifs","Sert à comparer un résultat à un objectif de pilotage. Le résultat est cumulé depuis le début de l'année.","False","499"
"Activité de développement et rehab.SemanticModel","Activité de développement et rehab\Activité de développement et rehab.SemanticModel\definition\tables\Mesure.tmdl","obj_2024-vacancefi","Objectif 2024 de vacance financière","Objectifs","Sert à comparer un résultat à un objectif de pilotage. Le résultat est cumulé depuis le début de l'année.","False","505"
"Activité de développement et rehab.SemanticModel","Activité de développement et rehab\Activité de développement et rehab.SemanticModel\definition\tables\Mesure.tmdl","Objectif agrément","Objectif agrément","Objectifs","Sert à comparer un résultat à un objectif de pilotage.","False","2657"
"Activité de développement et rehab.SemanticModel","Activité de développement et rehab\Activité de développement et rehab.SemanticModel\definition\tables\Mesure.tmdl","Objectif Plafond Annuel Dette Loc","Objectif annuel de dette locataires","Objectifs","Sert à comparer un résultat à un objectif de pilotage.","False","156"
"Activité de développement et rehab.SemanticModel","Activité de développement et rehab\Activité de développement et rehab.SemanticModel\definition\tables\Mesure.tmdl","Obj_entrees_salaries","Objectif d'entrées de salariés","Objectifs","Sert à comparer un résultat à un objectif de pilotage.","False","523"
"Activité de développement et rehab.SemanticModel","Activité de développement et rehab\Activité de développement et rehab.SemanticModel\definition\tables\Mesure.tmdl","objectif intéressement tx encaissement","Objectif intéressement Taux encaissement","Objectifs","Sert à comparer un résultat à un objectif de pilotage.","False","535"
"Activité de développement et rehab.SemanticModel","Activité de développement et rehab\Activité de développement et rehab.SemanticModel\definition\tables\Mesure.tmdl","objectif intéressement tx vac fi com lgt","Objectif intéressement Taux vacance financière commerces logements","Objectifs","Sert à comparer un résultat à un objectif de pilotage.","False","541"
"Activité de développement et rehab.SemanticModel","Activité de développement et rehab\Activité de développement et rehab.SemanticModel\definition\tables\Mesure.tmdl","Objectif_Total_Dette","Objectif total de dette","Objectifs","Sert à comparer un résultat à un objectif de pilotage. Le résultat est cumulé depuis le début de l'année.","False","511"
"Activité de développement et rehab.SemanticModel","Activité de développement et rehab\Activité de développement et rehab.SemanticModel\definition\tables\Mesure.tmdl","Objectif_Total_Vacance","Objectif total de vacance","Objectifs","Sert à comparer un résultat à un objectif de pilotage. Le résultat est cumulé depuis le début de l'année.","False","517"
"Activité de développement et rehab.SemanticModel","Activité de développement et rehab\Activité de développement et rehab.SemanticModel\definition\tables\Mesure.tmdl","Objectifs agréments 2026","Objectifs agréments 2026","Objectifs","Sert à comparer un résultat à un objectif de pilotage.","False","2662"
"Activité de développement et rehab.SemanticModel","Activité de développement et rehab\Activité de développement et rehab.SemanticModel\definition\tables\Mesure.tmdl","Plafond_mutation","Plafond mutation","Objectifs","Sert à comparer un résultat à un objectif de pilotage.","False","1824"
"Activité de développement et rehab.SemanticModel","Activité de développement et rehab\Activité de développement et rehab.SemanticModel\definition\tables\Mesure.tmdl","Ratio intéressement encaissement","Ratio intéressement encaissement","Objectifs","Sert à comparer un résultat à un objectif de pilotage. Le résultat est cumulé depuis le début de l'année.","False","547"
"Activité de développement et rehab.SemanticModel","Activité de développement et rehab\Activité de développement et rehab.SemanticModel\definition\tables\Mesure.tmdl","Ratio intéressement vac fi com","Ratio intéressement vacance financière commerces","Objectifs","Sert à comparer un résultat à un objectif de pilotage. Le résultat est cumulé depuis le début de l'année.","False","553"
"Activité de développement et rehab.SemanticModel","Activité de développement et rehab\Activité de développement et rehab.SemanticModel\definition\tables\Mesure.tmdl","Ratio mutation","Ratio mutation","Objectifs","Sert à comparer un résultat à un objectif de pilotage. Le résultat est cumulé depuis le début de l'année.","False","1830"
"Activité de développement et rehab.SemanticModel","Activité de développement et rehab\Activité de développement et rehab.SemanticModel\definition\tables\Mesure.tmdl","Dep_object_salaries","Taux d'atteinte de l'objectif d'entrées de salariés","Objectifs","Sert à comparer un résultat à un objectif de pilotage. Le résultat est cumulé depuis le début de l'année.","False","529"
"Activité de développement et rehab.SemanticModel","Activité de développement et rehab\Activité de développement et rehab.SemanticModel\definition\tables\Mesure.tmdl","% Dép objectif dette loc YTD","Taux d'atteinte de l'objectif dette locataires cumulé annuel","Objectifs","Sert à comparer un résultat à un objectif de pilotage. Le résultat est cumulé depuis le début de l'année.","False","493"
"Activité de développement et rehab.SemanticModel","Activité de développement et rehab\Activité de développement et rehab.SemanticModel\definition\tables\Mesure.tmdl","% Dép obj vacance logement","Taux d'atteinte de l'objectif vacance logements","Objectifs","Sert à comparer un résultat à un objectif de pilotage. Le résultat est cumulé depuis le début de l'année.","False","487"
"Activité de développement et rehab.SemanticModel","Activité de développement et rehab\Activité de développement et rehab.SemanticModel\definition\tables\Mesure.tmdl","Variation de Ratio intéressement vac fi com par xAgence","Variation du ratio d'intéressement vacance financière par agence","Objectifs","Sert à comparer un résultat à un objectif de pilotage.","False","583"
"Activité de développement et rehab.SemanticModel","Activité de développement et rehab\Activité de développement et rehab.SemanticModel\definition\tables\Mesure.tmdl","Cible entrées salariés","Cible entrées salariés","Occupation et mobilité","Mesure la part ou le rythme des mouvements d'occupation.","False","1963"
"Activité de développement et rehab.SemanticModel","Activité de développement et rehab\Activité de développement et rehab.SemanticModel\definition\tables\Mesure.tmdl","Entrées YTD","Entrées cumulées annuelles historiques","Occupation et mobilité","Compte les entrées, sorties ou mouvements des locataires. Le résultat est cumulé depuis le début de l'année.","False","282"
"Activité de développement et rehab.SemanticModel","Activité de développement et rehab\Activité de développement et rehab.SemanticModel\definition\tables\Mesure.tmdl","Entrées salariés","Entrées de salariés","Occupation et mobilité","Compte les entrées, sorties ou mouvements des locataires.","False","481"
"Activité de développement et rehab.SemanticModel","Activité de développement et rehab\Activité de développement et rehab.SemanticModel\definition\tables\Mesure.tmdl","Entrées salariés YTD","Entrées de salariés cumulées annuelles","Occupation et mobilité","Compte les entrées, sorties ou mouvements des locataires. Le résultat est cumulé depuis le début de l'année.","False","475"
"Activité de développement et rehab.SemanticModel","Activité de développement et rehab\Activité de développement et rehab.SemanticModel\definition\tables\Mesure.tmdl","Entrées en 2025","Entrées en 2025","Occupation et mobilité","Compte les entrées, sorties ou mouvements des locataires. Le résultat est cumulé depuis le début de l'année.","False","2533"
"Activité de développement et rehab.SemanticModel","Activité de développement et rehab\Activité de développement et rehab.SemanticModel\definition\tables\Mesure.tmdl","# Entrées LOC YTD","Entrées locataires cumulées annuelles","Occupation et mobilité","Compte les entrées, sorties ou mouvements des locataires. La comparaison se fait avec la même période de l'année précédente.","False","2141"
"Activité de développement et rehab.SemanticModel","Activité de développement et rehab\Activité de développement et rehab.SemanticModel\definition\tables\Mesure.tmdl","Mobilité N-1","Mobilité année précédente","Occupation et mobilité","Mesure la part ou le rythme des mouvements d'occupation. La comparaison se fait avec la même période de l'année précédente.","False","2106"
"Activité de développement et rehab.SemanticModel","Activité de développement et rehab\Activité de développement et rehab.SemanticModel\definition\tables\Mesure.tmdl","Mobilité YTD","Mobilité cumul annuel","Occupation et mobilité","Mesure la part ou le rythme des mouvements d'occupation. Le résultat est cumulé depuis le début de l'année.","False","300"
"Activité de développement et rehab.SemanticModel","Activité de développement et rehab\Activité de développement et rehab.SemanticModel\definition\tables\Mesure.tmdl","Mobilité YTD new","Mobilité cumulée annuelle","Occupation et mobilité","Mesure la part ou le rythme des mouvements d'occupation. La comparaison se fait avec la même période de l'année précédente.","False","2120"
"Activité de développement et rehab.SemanticModel","Activité de développement et rehab\Activité de développement et rehab.SemanticModel\definition\tables\Mesure.tmdl","Mobilité mensuelle","Mobilité mensuelle","Occupation et mobilité","Mesure la part ou le rythme des mouvements d'occupation.","False","306"
"Activité de développement et rehab.SemanticModel","Activité de développement et rehab\Activité de développement et rehab.SemanticModel\definition\tables\Mesure.tmdl","Mobilité 12m","Mobilité sur douze mois","Occupation et mobilité","Mesure la part ou le rythme des mouvements d'occupation.","False","1818"
"Activité de développement et rehab.SemanticModel","Activité de développement et rehab\Activité de développement et rehab.SemanticModel\definition\tables\Mesure.tmdl","Mobilité 1a","Mobilité sur un an","Occupation et mobilité","Mesure la part ou le rythme des mouvements d'occupation.","False","2113"
"Activité de développement et rehab.SemanticModel","Activité de développement et rehab\Activité de développement et rehab.SemanticModel\definition\tables\Mesure.tmdl","Mutation","Mutation","Occupation et mobilité","Compte les entrées, sorties ou mouvements des locataires.","False","1746"
"Activité de développement et rehab.SemanticModel","Activité de développement et rehab\Activité de développement et rehab.SemanticModel\definition\tables\Mesure.tmdl","Mutations YTD","Mutations cumul annuel","Occupation et mobilité","Compte les entrées, sorties ou mouvements des locataires. Le résultat est cumulé depuis le début de l'année.","False","1752"
"Activité de développement et rehab.SemanticModel","Activité de développement et rehab\Activité de développement et rehab.SemanticModel\definition\tables\Mesure.tmdl","# Mutations YTD","Mutations cumulées annuelles","Occupation et mobilité","Compte les entrées, sorties ou mouvements des locataires. La comparaison se fait avec la même période de l'année précédente.","False","2127"
"Activité de développement et rehab.SemanticModel","Activité de développement et rehab\Activité de développement et rehab.SemanticModel\definition\tables\Mesure.tmdl","# Sorties","Nombre de sorties","Occupation et mobilité","Compte les entrées, sorties ou mouvements des locataires.","False","198"
"Activité de développement et rehab.SemanticModel","Activité de développement et rehab\Activité de développement et rehab.SemanticModel\definition\tables\Mesure.tmdl","# Entrées","Nombre d'entrées","Occupation et mobilité","Compte les entrées, sorties ou mouvements des locataires.","False","191"
"Activité de développement et rehab.SemanticModel","Activité de développement et rehab\Activité de développement et rehab.SemanticModel\definition\tables\Mesure.tmdl","# Entrées YTD","Nombre d'entrées cumulées annuelles","Occupation et mobilité","Compte les entrées, sorties ou mouvements des locataires. La comparaison se fait avec la même période de l'année précédente.","False","2134"
"Activité de développement et rehab.SemanticModel","Activité de développement et rehab\Activité de développement et rehab.SemanticModel\definition\tables\Mesure.tmdl","# Entrées Salariés YTD","Nombre d'entrées de salariés cumulées annuelles","Occupation et mobilité","Compte les entrées, sorties ou mouvements des locataires. La comparaison se fait avec la même période de l'année précédente.","False","2148"
"Activité de développement et rehab.SemanticModel","Activité de développement et rehab\Activité de développement et rehab.SemanticModel\definition\tables\Mesure.tmdl","Sorties YTD","Sorties cumul annuel","Occupation et mobilité","Compte les entrées, sorties ou mouvements des locataires. La comparaison se fait avec la même période de l'année précédente.","False","2016"
"Activité de développement et rehab.SemanticModel","Activité de développement et rehab\Activité de développement et rehab.SemanticModel\definition\tables\Mesure.tmdl","Sorties_YTD","Sorties cumulées annuelles","Occupation et mobilité","Compte les entrées, sorties ou mouvements des locataires. Le résultat est cumulé depuis le début de l'année.","False","294"
"Activité de développement et rehab.SemanticModel","Activité de développement et rehab\Activité de développement et rehab.SemanticModel\definition\tables\Mesure.tmdl","Sorties_12M","Sorties sur douze mois","Occupation et mobilité","Compte les entrées, sorties ou mouvements des locataires.","False","400"
"Activité de développement et rehab.SemanticModel","Activité de développement et rehab\Activité de développement et rehab.SemanticModel\definition\tables\Mesure.tmdl","Tx de mutation YTD","Taux de mutation cumul annuel","Occupation et mobilité","Mesure la part ou le rythme des mouvements d'occupation. Le résultat est cumulé depuis le début de l'année.","False","1764"
"Activité de développement et rehab.SemanticModel","Activité de développement et rehab\Activité de développement et rehab.SemanticModel\definition\tables\Mesure.tmdl","% Entrées Salariés YTD","Taux Entrées Salariés cumul annuel","Occupation et mobilité","Mesure la part ou le rythme des mouvements d'occupation. Le résultat est cumulé depuis le début de l'année.","False","336"
"Activité de développement et rehab.SemanticModel","Activité de développement et rehab\Activité de développement et rehab.SemanticModel\definition\tables\Mesure.tmdl","Affaires Indécence en cours","Affaires Indécence en cours","Patrimoine","Compte des éléments du patrimoine comme les logements, commerces, bâtiments ou unités de gestion.","False","2393"
"Activité de développement et rehab.SemanticModel","Activité de développement et rehab\Activité de développement et rehab.SemanticModel\definition\tables\Mesure.tmdl","Affaires Indécence en instance","Affaires Indécence en instance","Patrimoine","Compte des éléments du patrimoine comme les logements, commerces, bâtiments ou unités de gestion.","False","1577"
"Activité de développement et rehab.SemanticModel","Activité de développement et rehab\Activité de développement et rehab.SemanticModel\definition\tables\Mesure.tmdl","Affaires indécence traitées","Affaires indécence traitées","Patrimoine","Compte des éléments du patrimoine comme les logements, commerces, bâtiments ou unités de gestion.","False","1593"
"Activité de développement et rehab.SemanticModel","Activité de développement et rehab\Activité de développement et rehab.SemanticModel\definition\tables\Mesure.tmdl","Affaires Indécence traitées ou closes","Affaires Indécence traitées ou closes","Patrimoine","Compte des éléments du patrimoine comme les logements, commerces, bâtiments ou unités de gestion.","False","1611"
"Activité de développement et rehab.SemanticModel","Activité de développement et rehab\Activité de développement et rehab.SemanticModel\definition\tables\Mesure.tmdl","Age","Age","Patrimoine","Compte des éléments du patrimoine comme les logements, commerces, bâtiments ou unités de gestion.","False","1045"
"Activité de développement et rehab.SemanticModel","Activité de développement et rehab\Activité de développement et rehab.SemanticModel\definition\tables\Mesure.tmdl","Cible livraisons","Cible livraisons","Patrimoine","Suit un indicateur descriptif du patrimoine.","False","2816"
"Activité de développement et rehab.SemanticModel","Activité de développement et rehab\Activité de développement et rehab.SemanticModel\definition\tables\Mesure.tmdl","Coût / lgt","Coût / logements","Patrimoine","Compte des éléments du patrimoine comme les logements, commerces, bâtiments ou unités de gestion.","False","1558"
"Activité de développement et rehab.SemanticModel","Activité de développement et rehab\Activité de développement et rehab.SemanticModel\definition\tables\Mesure.tmdl","DDC - Agréments reçus","DDC - Agréments reçus","Patrimoine","Compte des éléments du patrimoine comme les logements, commerces, bâtiments ou unités de gestion.","False","1697"
"Activité de développement et rehab.SemanticModel","Activité de développement et rehab\Activité de développement et rehab.SemanticModel\definition\tables\Mesure.tmdl","DDC - Livraisons à date","DDC - Livraisons à date","Patrimoine","Suit un indicateur descriptif du patrimoine.","False","1640"
"Activité de développement et rehab.SemanticModel","Activité de développement et rehab\Activité de développement et rehab.SemanticModel\definition\tables\Mesure.tmdl","Délais moyens de chantier","Délais moyens de chantier","Patrimoine","Suit un indicateur descriptif du patrimoine.","False","2719"
"Activité de développement et rehab.SemanticModel","Activité de développement et rehab\Activité de développement et rehab.SemanticModel\definition\tables\Mesure.tmdl","Délais moyens de chantier LY","Délais moyens de chantier année précédente","Patrimoine","Suit un indicateur descriptif du patrimoine. La comparaison se fait avec la même période de l'année précédente.","False","2725"
"Activité de développement et rehab.SemanticModel","Activité de développement et rehab\Activité de développement et rehab.SemanticModel\definition\tables\Mesure.tmdl","Fonds propres rehab","Fonds propres rehab","Patrimoine","Suit un indicateur descriptif du patrimoine.","False","1545"
"Activité de développement et rehab.SemanticModel","Activité de développement et rehab\Activité de développement et rehab.SemanticModel\definition\tables\Mesure.tmdl","GH","GH","Patrimoine","Compte des éléments du patrimoine comme les logements, commerces, bâtiments ou unités de gestion.","False","1016"
"Activité de développement et rehab.SemanticModel","Activité de développement et rehab\Activité de développement et rehab.SemanticModel\definition\tables\Mesure.tmdl","Indice de densité urbaine","Indice de densité urbaine","Patrimoine","Suit un indicateur descriptif du patrimoine.","False","2476"
"Activité de développement et rehab.SemanticModel","Activité de développement et rehab\Activité de développement et rehab.SemanticModel\definition\tables\Mesure.tmdl","k€ Acquis","K€ Acquis","Patrimoine","Suit un indicateur descriptif du patrimoine.","False","1387"
"Activité de développement et rehab.SemanticModel","Activité de développement et rehab\Activité de développement et rehab.SemanticModel\definition\tables\Mesure.tmdl","k€ Compromis","K€ Compromis","Patrimoine","Suit un indicateur descriptif du patrimoine.","False","1350"
"Activité de développement et rehab.SemanticModel","Activité de développement et rehab\Activité de développement et rehab.SemanticModel\definition\tables\Mesure.tmdl","k€ EPFR","K€ EPFR","Patrimoine","Suit un indicateur descriptif du patrimoine.","False","1317"
"Activité de développement et rehab.SemanticModel","Activité de développement et rehab\Activité de développement et rehab.SemanticModel\definition\tables\Mesure.tmdl","Livraisons cumulées","Livraisons cumulées","Patrimoine","Compte des éléments du patrimoine comme les logements, commerces, bâtiments ou unités de gestion. La comparaison se fait avec la même période de l'année précédente.","False","216"
"Activité de développement et rehab.SemanticModel","Activité de développement et rehab\Activité de développement et rehab.SemanticModel\definition\tables\Mesure.tmdl","Livraisons I","Livraisons I","Patrimoine","Suit un indicateur descriptif du patrimoine.","False","2821"
"Activité de développement et rehab.SemanticModel","Activité de développement et rehab\Activité de développement et rehab.SemanticModel\definition\tables\Mesure.tmdl","Livraisons V","Livraisons V","Patrimoine","Suit un indicateur descriptif du patrimoine.","False","2829"
"Activité de développement et rehab.SemanticModel","Activité de développement et rehab\Activité de développement et rehab.SemanticModel\definition\tables\Mesure.tmdl","Livraisons yc PSLA","Livraisons yc PSLA","Patrimoine","Compte des éléments du patrimoine comme les logements, commerces, bâtiments ou unités de gestion.","False","1706"
"Activité de développement et rehab.SemanticModel","Activité de développement et rehab\Activité de développement et rehab.SemanticModel\definition\tables\Mesure.tmdl","Logements","Logements","Patrimoine","Compte des éléments du patrimoine comme les logements, commerces, bâtiments ou unités de gestion.","False","825"
"Activité de développement et rehab.SemanticModel","Activité de développement et rehab\Activité de développement et rehab.SemanticModel\definition\tables\Mesure.tmdl","# Acquis1","Nombre de Acquis1","Patrimoine","Compte des éléments du patrimoine comme les logements, commerces, bâtiments ou unités de gestion.","False","1369"
"Activité de développement et rehab.SemanticModel","Activité de développement et rehab\Activité de développement et rehab.SemanticModel\definition\tables\Mesure.tmdl","# Bâtiments","Nombre de bâtiments","Patrimoine","Compte des éléments du patrimoine comme les logements, commerces, bâtiments ou unités de gestion.","False","2354"
"Activité de développement et rehab.SemanticModel","Activité de développement et rehab\Activité de développement et rehab.SemanticModel\definition\tables\Mesure.tmdl","# Commerces","Nombre de commerces","Patrimoine","Compte des éléments du patrimoine comme les logements, commerces, bâtiments ou unités de gestion.","False","276"
"Activité de développement et rehab.SemanticModel","Activité de développement et rehab\Activité de développement et rehab.SemanticModel\definition\tables\Mesure.tmdl","# Commerces m-1","Nombre de commerces du mois précédent","Patrimoine","Compte des éléments du patrimoine comme les logements, commerces, bâtiments ou unités de gestion. La comparaison se fait avec le mois précédent.","False","1050"
"Activité de développement et rehab.SemanticModel","Activité de développement et rehab\Activité de développement et rehab.SemanticModel\definition\tables\Mesure.tmdl","# Commerces 2024","Nombre de commerces en 2024","Patrimoine","Compte des éléments du patrimoine comme les logements, commerces, bâtiments ou unités de gestion.","False","837"
"Activité de développement et rehab.SemanticModel","Activité de développement et rehab\Activité de développement et rehab.SemanticModel\definition\tables\Mesure.tmdl","# Commerces vacants","Nombre de commerces vacants","Patrimoine","Compte des éléments du patrimoine comme les logements, commerces, bâtiments ou unités de gestion.","False","1056"
"Activité de développement et rehab.SemanticModel","Activité de développement et rehab\Activité de développement et rehab.SemanticModel\definition\tables\Mesure.tmdl","# Compromis","Nombre de Compromis","Patrimoine","Compte des éléments du patrimoine comme les logements, commerces, bâtiments ou unités de gestion.","False","1334"
"Activité de développement et rehab.SemanticModel","Activité de développement et rehab\Activité de développement et rehab.SemanticModel\definition\tables\Mesure.tmdl","# CA principaux","Nombre de contrats principaux","Patrimoine","Compte des éléments du patrimoine comme les logements, commerces, bâtiments ou unités de gestion.","False","1776"
"Activité de développement et rehab.SemanticModel","Activité de développement et rehab\Activité de développement et rehab.SemanticModel\definition\tables\Mesure.tmdl","# EPFR","Nombre de EPFR","Patrimoine","Compte des éléments du patrimoine comme les logements, commerces, bâtiments ou unités de gestion.","False","1301"
"Activité de développement et rehab.SemanticModel","Activité de développement et rehab\Activité de développement et rehab.SemanticModel\definition\tables\Mesure.tmdl","Nb LIBRE","Nombre de LIBRE","Patrimoine","Compte des éléments du patrimoine comme les logements, commerces, bâtiments ou unités de gestion.","False","1921"
"Activité de développement et rehab.SemanticModel","Activité de développement et rehab\Activité de développement et rehab.SemanticModel\definition\tables\Mesure.tmdl","# Livraisons M","Nombre de livraisons logements mensuelles","Patrimoine","Compte des éléments du patrimoine comme les logements, commerces, bâtiments ou unités de gestion.","False","1034"
"Activité de développement et rehab.SemanticModel","Activité de développement et rehab\Activité de développement et rehab.SemanticModel\definition\tables\Mesure.tmdl","# Livraisons mensuelles","Nombre de livraisons mensuelles","Patrimoine","Compte des éléments du patrimoine comme les logements, commerces, bâtiments ou unités de gestion.","False","21"
"Activité de développement et rehab.SemanticModel","Activité de développement et rehab\Activité de développement et rehab.SemanticModel\definition\tables\Mesure.tmdl","Nombre de livraisons rehab","Nombre de livraisons rehab","Patrimoine","Compte des éléments du patrimoine comme les logements, commerces, bâtiments ou unités de gestion.","False","1457"
"Activité de développement et rehab.SemanticModel","Activité de développement et rehab\Activité de développement et rehab.SemanticModel\definition\tables\Mesure.tmdl","Nb LLS","Nombre de LLS","Patrimoine","Compte des éléments du patrimoine comme les logements, commerces, bâtiments ou unités de gestion.","False","1957"
"Activité de développement et rehab.SemanticModel","Activité de développement et rehab\Activité de développement et rehab.SemanticModel\definition\tables\Mesure.tmdl","Nb LLTS","Nombre de LLTS","Patrimoine","Compte des éléments du patrimoine comme les logements, commerces, bâtiments ou unités de gestion.","False","1933"
"Activité de développement et rehab.SemanticModel","Activité de développement et rehab\Activité de développement et rehab.SemanticModel\definition\tables\Mesure.tmdl","# Logements","Nombre de logements","Patrimoine","Compte des éléments du patrimoine comme les logements, commerces, bâtiments ou unités de gestion.","False","270"
"Activité de développement et rehab.SemanticModel","Activité de développement et rehab\Activité de développement et rehab.SemanticModel\definition\tables\Mesure.tmdl","# Collectifs","Nombre de logements collectifs","Patrimoine","Compte des éléments du patrimoine comme les logements, commerces, bâtiments ou unités de gestion.","False","2521"
"Activité de développement et rehab.SemanticModel","Activité de développement et rehab\Activité de développement et rehab.SemanticModel\definition\tables\Mesure.tmdl","# Logements m-1","Nombre de logements du mois précédent","Patrimoine","Compte des éléments du patrimoine comme les logements, commerces, bâtiments ou unités de gestion. La comparaison se fait avec le mois précédent.","False","1085"
"Activité de développement et rehab.SemanticModel","Activité de développement et rehab\Activité de développement et rehab.SemanticModel\definition\tables\Mesure.tmdl","# Logements et commerces contractés","Nombre de logements et commerces contractés","Patrimoine","Compte des éléments du patrimoine comme les logements, commerces, bâtiments ou unités de gestion.","False","2503"
"Activité de développement et rehab.SemanticModel","Activité de développement et rehab\Activité de développement et rehab.SemanticModel\definition\tables\Mesure.tmdl","# Individuels","Nombre de logements individuels","Patrimoine","Compte des éléments du patrimoine comme les logements, commerces, bâtiments ou unités de gestion.","False","2515"
"Activité de développement et rehab.SemanticModel","Activité de développement et rehab\Activité de développement et rehab.SemanticModel\definition\tables\Mesure.tmdl","Nombre de logements prévus en LBU","Nombre de logements prévus en LBU","Patrimoine","Compte des éléments du patrimoine comme les logements, commerces, bâtiments ou unités de gestion.","False","2708"
"Activité de développement et rehab.SemanticModel","Activité de développement et rehab\Activité de développement et rehab.SemanticModel\definition\tables\Mesure.tmdl","# Logements Vacants","Nombre de logements vacants","Patrimoine","Compte des éléments du patrimoine comme les logements, commerces, bâtiments ou unités de gestion.","False","39"
"Activité de développement et rehab.SemanticModel","Activité de développement et rehab\Activité de développement et rehab.SemanticModel\definition\tables\Mesure.tmdl","# Loges","Nombre de loges","Patrimoine","Compte des éléments du patrimoine comme les logements, commerces, bâtiments ou unités de gestion.","False","559"
"Activité de développement et rehab.SemanticModel","Activité de développement et rehab\Activité de développement et rehab.SemanticModel\definition\tables\DDC - MEC.tmdl","# MEC Cumul Annuel","Nombre de MEC Cumul Annuel","Patrimoine","Compte des éléments du patrimoine comme les logements, commerces, bâtiments ou unités de gestion. Le résultat est cumulé depuis le début de l'année.","False","3"
"Activité de développement et rehab.SemanticModel","Activité de développement et rehab\Activité de développement et rehab.SemanticModel\definition\tables\Mesure.tmdl","Nb PLI","Nombre de PLI","Patrimoine","Compte des éléments du patrimoine comme les logements, commerces, bâtiments ou unités de gestion.","False","1939"
"Activité de développement et rehab.SemanticModel","Activité de développement et rehab\Activité de développement et rehab.SemanticModel\definition\tables\Mesure.tmdl","Nb PSLA","Nombre de PSLA","Patrimoine","Compte des éléments du patrimoine comme les logements, commerces, bâtiments ou unités de gestion.","False","1951"
"Activité de développement et rehab.SemanticModel","Activité de développement et rehab\Activité de développement et rehab.SemanticModel\definition\tables\Mesure.tmdl","Nb T1","Nombre de T1","Patrimoine","Compte des éléments du patrimoine comme les logements, commerces, bâtiments ou unités de gestion.","False","1891"
"Activité de développement et rehab.SemanticModel","Activité de développement et rehab\Activité de développement et rehab.SemanticModel\definition\tables\Mesure.tmdl","Nb T2","Nombre de T2","Patrimoine","Compte des éléments du patrimoine comme les logements, commerces, bâtiments ou unités de gestion.","False","1897"
"Activité de développement et rehab.SemanticModel","Activité de développement et rehab\Activité de développement et rehab.SemanticModel\definition\tables\Mesure.tmdl","Nb T3","Nombre de T3","Patrimoine","Compte des éléments du patrimoine comme les logements, commerces, bâtiments ou unités de gestion.","False","1903"
"Activité de développement et rehab.SemanticModel","Activité de développement et rehab\Activité de développement et rehab.SemanticModel\definition\tables\Mesure.tmdl","Nb T4","Nombre de T4","Patrimoine","Compte des éléments du patrimoine comme les logements, commerces, bâtiments ou unités de gestion.","False","1909"
"Activité de développement et rehab.SemanticModel","Activité de développement et rehab\Activité de développement et rehab.SemanticModel\definition\tables\Mesure.tmdl","Nb T5+","Nombre de T5 et plus","Patrimoine","Compte des éléments du patrimoine comme les logements, commerces, bâtiments ou unités de gestion.","False","1915"
"Activité de développement et rehab.SemanticModel","Activité de développement et rehab\Activité de développement et rehab.SemanticModel\definition\tables\Mesure.tmdl","Nb d'étages","Nombre d'étages","Patrimoine","Compte des éléments du patrimoine comme les logements, commerces, bâtiments ou unités de gestion.","False","1880"
"Activité de développement et rehab.SemanticModel","Activité de développement et rehab\Activité de développement et rehab.SemanticModel\definition\tables\Mesure.tmdl","Nombre d'OS Réhab","Nombre d'OS Réhab","Patrimoine","Compte des éléments du patrimoine comme les logements, commerces, bâtiments ou unités de gestion.","False","1433"
"Activité de développement et rehab.SemanticModel","Activité de développement et rehab\Activité de développement et rehab.SemanticModel\definition\tables\Mesure.tmdl","# UG","Nombre d'UG","Patrimoine","Compte des éléments du patrimoine comme les logements, commerces, bâtiments ou unités de gestion.","False","15"
"Activité de développement et rehab.SemanticModel","Activité de développement et rehab\Activité de développement et rehab.SemanticModel\definition\tables\Mesure.tmdl","# UG Vacants VVO","Nombre d'UG vacantes volontaires","Patrimoine","Compte des éléments du patrimoine comme les logements, commerces, bâtiments ou unités de gestion.","False","808"
"Activité de développement et rehab.SemanticModel","Activité de développement et rehab\Activité de développement et rehab.SemanticModel\definition\tables\Mesure.tmdl","Nombre Livraisons","Nombre Livraisons","Patrimoine","Compte des éléments du patrimoine comme les logements, commerces, bâtiments ou unités de gestion.","False","1445"
"Activité de développement et rehab.SemanticModel","Activité de développement et rehab\Activité de développement et rehab.SemanticModel\definition\tables\Mesure.tmdl","Nombre logements agrées","Nombre logements agrées","Patrimoine","Compte des éléments du patrimoine comme les logements, commerces, bâtiments ou unités de gestion.","False","1412"
"Activité de développement et rehab.SemanticModel","Activité de développement et rehab\Activité de développement et rehab.SemanticModel\definition\tables\Mesure.tmdl","Nombre Logements prévisionnels","Nombre Logements prévisionnels","Patrimoine","Compte des éléments du patrimoine comme les logements, commerces, bâtiments ou unités de gestion.","False","2540"
"Activité de développement et rehab.SemanticModel","Activité de développement et rehab\Activité de développement et rehab.SemanticModel\definition\tables\Mesure.tmdl","Nombre logements programmés","Nombre logements programmés","Patrimoine","Compte des éléments du patrimoine comme les logements, commerces, bâtiments ou unités de gestion.","False","1406"
"Activité de développement et rehab.SemanticModel","Activité de développement et rehab\Activité de développement et rehab.SemanticModel\definition\tables\Mesure.tmdl","Nombre OS Réhab","Nombre OS Réhab","Patrimoine","Compte des éléments du patrimoine comme les logements, commerces, bâtiments ou unités de gestion.","False","1421"
"Activité de développement et rehab.SemanticModel","Activité de développement et rehab\Activité de développement et rehab.SemanticModel\definition\tables\Mesure.tmdl","Prévisionnel cumulé","Prévisionnel cumulé","Patrimoine","Suit un indicateur descriptif du patrimoine. La comparaison se fait avec la même période de l'année précédente.","False","2558"
"Activité de développement et rehab.SemanticModel","Activité de développement et rehab\Activité de développement et rehab.SemanticModel\definition\tables\Mesure.tmdl","Prévisionnel livraison graph","Prévisionnel livraison graph","Patrimoine","Suit un indicateur descriptif du patrimoine.","False","2546"
"Activité de développement et rehab.SemanticModel","Activité de développement et rehab\Activité de développement et rehab.SemanticModel\definition\tables\Mesure.tmdl","Prévisionnel livraison PSLA","Prévisionnel livraison PSLA","Patrimoine","Suit un indicateur descriptif du patrimoine.","False","2651"
"Activité de développement et rehab.SemanticModel","Activité de développement et rehab\Activité de développement et rehab.SemanticModel\definition\tables\Mesure.tmdl","Prix m²","Prix mensuel²","Patrimoine","Suit un indicateur descriptif du patrimoine.","False","1040"
"Activité de développement et rehab.SemanticModel","Activité de développement et rehab\Activité de développement et rehab.SemanticModel\definition\tables\Mesure.tmdl","Réel cumulé","Réel cumulé","Patrimoine","Suit un indicateur descriptif du patrimoine. La comparaison se fait avec la même période de l'année précédente.","False","2564"
"Activité de développement et rehab.SemanticModel","Activité de développement et rehab\Activité de développement et rehab.SemanticModel\definition\tables\Mesure.tmdl","réel livraison graph","Réel livraison graph","Patrimoine","Suit un indicateur descriptif du patrimoine.","False","2552"
"Activité de développement et rehab.SemanticModel","Activité de développement et rehab\Activité de développement et rehab.SemanticModel\definition\tables\Mesure.tmdl","Rehab - Agréments :","Rehab - Agréments","Patrimoine","Suit un indicateur descriptif du patrimoine.","False","1658"
"Activité de développement et rehab.SemanticModel","Activité de développement et rehab\Activité de développement et rehab.SemanticModel\definition\tables\Mesure.tmdl","Rehab - Aménagements PMR :","Rehab - Aménagements PMR","Patrimoine","Suit un indicateur descriptif du patrimoine.","False","1666"
"Activité de développement et rehab.SemanticModel","Activité de développement et rehab\Activité de développement et rehab.SemanticModel\definition\tables\Mesure.tmdl","Rehab - Mises en chantier","Rehab - Mises en chantier","Patrimoine","Suit un indicateur descriptif du patrimoine.","False","1675"
"Activité de développement et rehab.SemanticModel","Activité de développement et rehab\Activité de développement et rehab.SemanticModel\definition\tables\Mesure.tmdl","Rehab - Réhabilitations livrées","Rehab - Réhabilitations livrées","Patrimoine","Suit un indicateur descriptif du patrimoine.","False","1683"
"Activité de développement et rehab.SemanticModel","Activité de développement et rehab\Activité de développement et rehab.SemanticModel\definition\tables\Mesure.tmdl","Surface OS Réhab","Surface OS Réhab","Patrimoine","Suit un indicateur descriptif du patrimoine.","False","1518"
"Activité de développement et rehab.SemanticModel","Activité de développement et rehab\Activité de développement et rehab.SemanticModel\definition\tables\Mesure.tmdl","% Commerces","Taux Commerces","Patrimoine","Compte des éléments du patrimoine comme les logements, commerces, bâtiments ou unités de gestion.","False","1840"
"Activité de développement et rehab.SemanticModel","Activité de développement et rehab\Activité de développement et rehab.SemanticModel\definition\tables\Mesure.tmdl","% Logements","Taux Logements","Patrimoine","Compte des éléments du patrimoine comme les logements, commerces, bâtiments ou unités de gestion.","False","377"
"Activité de développement et rehab.SemanticModel","Activité de développement et rehab\Activité de développement et rehab.SemanticModel\definition\tables\Mesure.tmdl","Titre Dynamique","Titre Dynamique","Patrimoine","Suit un indicateur descriptif du patrimoine.","False","2578"
"Activité de développement et rehab.SemanticModel","Activité de développement et rehab\Activité de développement et rehab.SemanticModel\definition\tables\Mesure.tmdl","Agréements reçus","Agréements reçus","Temps","Sert à comparer ou cumuler un indicateur dans le temps.","False","2631"
"Activité de développement et rehab.SemanticModel","Activité de développement et rehab\Activité de développement et rehab.SemanticModel\definition\tables\Mesure.tmdl","Agréments déposés","Agréments déposés","Temps","Sert à comparer ou cumuler un indicateur dans le temps.","False","2619"
"Activité de développement et rehab.SemanticModel","Activité de développement et rehab\Activité de développement et rehab.SemanticModel\definition\tables\Mesure.tmdl","Agréments déposés cumulés","Agréments déposés cumulés","Temps","Sert à comparer ou cumuler un indicateur dans le temps. La comparaison se fait avec la même période de l'année précédente.","False","2625"
"Activité de développement et rehab.SemanticModel","Activité de développement et rehab\Activité de développement et rehab.SemanticModel\definition\tables\Mesure.tmdl","Agréments reçus cumulés","Agréments reçus cumulés","Temps","Sert à comparer ou cumuler un indicateur dans le temps. La comparaison se fait avec la même période de l'année précédente.","False","2637"
"Activité de développement et rehab.SemanticModel","Activité de développement et rehab\Activité de développement et rehab.SemanticModel\definition\tables\Mesure.tmdl","DDC - Agréments à date","DDC - Agréments à date","Temps","Sert à comparer ou cumuler un indicateur dans le temps.","False","1632"
"Activité de développement et rehab.SemanticModel","Activité de développement et rehab\Activité de développement et rehab.SemanticModel\definition\tables\Mesure.tmdl","DDC - Mises en chantier à date","DDC - Mises en chantier à date","Temps","Sert à comparer ou cumuler un indicateur dans le temps.","False","1650"
"Activité de développement et rehab.SemanticModel","Activité de développement et rehab\Activité de développement et rehab.SemanticModel\definition\tables\Mesure.tmdl","Investissement","Investissement","Temps","Sert à comparer ou cumuler un indicateur dans le temps.","False","1531"
"Activité de développement et rehab.SemanticModel","Activité de développement et rehab\Activité de développement et rehab.SemanticModel\definition\tables\Mesure.tmdl","Nombre de mises en chantier","Nombre de mises en chantier","Temps","Sert à comparer ou cumuler un indicateur dans le temps.","False","2702"
"Activité de développement et rehab.SemanticModel","Activité de développement et rehab\Activité de développement et rehab.SemanticModel\definition\tables\Mesure.tmdl","Nombre d'opé déposées","Nombre d'opé déposées","Temps","Sert à comparer ou cumuler un indicateur dans le temps.","False","2673"
"Activité de développement et rehab.SemanticModel","Activité de développement et rehab\Activité de développement et rehab.SemanticModel\definition\tables\Mesure.tmdl","Nombre d'opérations reçus","Nombre d'opérations reçus","Temps","Sert à comparer ou cumuler un indicateur dans le temps.","False","2679"
"Activité de développement et rehab.SemanticModel","Activité de développement et rehab\Activité de développement et rehab.SemanticModel\definition\tables\Mesure.tmdl","PPM1","Passages en perte du mois précédent","Temps","Sert à comparer ou cumuler un indicateur dans le temps. La comparaison se fait avec le mois précédent.","False","115"
"Activité de développement et rehab.SemanticModel","Activité de développement et rehab\Activité de développement et rehab.SemanticModel\definition\tables\Mesure.tmdl","Prévisionnel cumulé mise en chantier","Prévisionnel cumulé mise en chantier","Temps","Sert à comparer ou cumuler un indicateur dans le temps. La comparaison se fait avec la même période de l'année précédente.","False","2593"
"Activité de développement et rehab.SemanticModel","Activité de développement et rehab\Activité de développement et rehab.SemanticModel\definition\tables\Mesure.tmdl","Prévisionnel mises en chantier graph","Prévisionnel mises en chantier graph","Temps","Sert à comparer ou cumuler un indicateur dans le temps.","False","2587"
"Activité de développement et rehab.SemanticModel","Activité de développement et rehab\Activité de développement et rehab.SemanticModel\definition\tables\Mesure.tmdl","Réel MEC cumulé","Réel MEC cumulé","Temps","Sert à comparer ou cumuler un indicateur dans le temps. La comparaison se fait avec la même période de l'année précédente.","False","2605"
"Activité de développement et rehab.SemanticModel","Activité de développement et rehab\Activité de développement et rehab.SemanticModel\definition\tables\Mesure.tmdl","réel mise en chantier graph","Réel mise en chantier graph","Temps","Sert à comparer ou cumuler un indicateur dans le temps.","False","2599"
"Activité de développement et rehab.SemanticModel","Activité de développement et rehab\Activité de développement et rehab.SemanticModel\definition\tables\Mesure.tmdl","Tx de mise en chantier","Taux de mise en chantier","Temps","Sert à comparer ou cumuler un indicateur dans le temps.","False","2694"
"Activité de développement et rehab.SemanticModel","Activité de développement et rehab\Activité de développement et rehab.SemanticModel\definition\tables\Mesure.tmdl","Armos Quittancement Théorique","Armos Quittancement Théorique","Vacance\Financière","Compte les logements, commerces ou unités concernés par une situation de vacance. Le résultat est cumulé depuis le début de l'année.","False","757"
"Activité de développement et rehab.SemanticModel","Activité de développement et rehab\Activité de développement et rehab.SemanticModel\definition\tables\Mesure.tmdl","Loyers Quittançables HC","Loyers Quittançables HC","Vacance\Financière","Mesure le montant ou le volume lié à la vacance.","False","1726"
"Activité de développement et rehab.SemanticModel","Activité de développement et rehab\Activité de développement et rehab.SemanticModel\definition\tables\Mesure.tmdl","Loyers Quittançables TCC","Loyers Quittançables TCC","Vacance\Financière","Mesure le montant ou le volume lié à la vacance.","False","747"
"Activité de développement et rehab.SemanticModel","Activité de développement et rehab\Activité de développement et rehab.SemanticModel\definition\tables\Mesure.tmdl","MontantTotal3*vacance_SUMX","Montant total des vacances élevées","Vacance\Financière","Compte les logements, commerces ou unités concernés par une situation de vacance. Le résultat est cumulé depuis le début de l'année.","False","763"
"Activité de développement et rehab.SemanticModel","Activité de développement et rehab\Activité de développement et rehab.SemanticModel\definition\tables\Mesure.tmdl","% Tx Vac Comm YTD","Taux de vacance commerciale cumulé annuel","Vacance\Financière","Indique la part de vacance par rapport au volume de référence, pour suivre le niveau de vacance. Le résultat est cumulé depuis le début de l'année.","False","264"
"Activité de développement et rehab.SemanticModel","Activité de développement et rehab\Activité de développement et rehab.SemanticModel\definition\tables\Mesure.tmdl","Tx de vacance fi YTD comm recalcul","Taux de vacance financière cumul annuel commerciale recalcul","Vacance\Financière","Indique la part de vacance par rapport au volume de référence, pour suivre le niveau de vacance. Le résultat est cumulé depuis le début de l'année.","False","683"
"Activité de développement et rehab.SemanticModel","Activité de développement et rehab\Activité de développement et rehab.SemanticModel\definition\tables\Mesure.tmdl","Tx de vacance fi YTD Strat recalcul","Taux de vacance financière cumul annuel stratégique recalcul","Vacance\Financière","Indique la part de vacance par rapport au volume de référence, pour suivre le niveau de vacance. Le résultat est cumulé depuis le début de l'année.","False","689"
"Activité de développement et rehab.SemanticModel","Activité de développement et rehab\Activité de développement et rehab.SemanticModel\definition\tables\Mesure.tmdl","Tx de vacance fi YTD Tech recalcul","Taux de vacance financière cumul annuel technique recalcul","Vacance\Financière","Indique la part de vacance par rapport au volume de référence, pour suivre le niveau de vacance. Le résultat est cumulé depuis le début de l'année.","False","695"
"Activité de développement et rehab.SemanticModel","Activité de développement et rehab\Activité de développement et rehab.SemanticModel\definition\tables\Mesure.tmdl","% Tx Vac Fi YTD","Taux de vacance financière cumulé annuel","Vacance\Financière","Indique la part de vacance par rapport au volume de référence, pour suivre le niveau de vacance. Le résultat est cumulé depuis le début de l'année.","False","210"
"Activité de développement et rehab.SemanticModel","Activité de développement et rehab\Activité de développement et rehab.SemanticModel\definition\tables\Mesure.tmdl","% Vacance Financière Logements YTD","Taux de vacance financière logements cumulé annuel","Vacance\Financière","Indique la part de vacance par rapport au volume de référence, pour suivre le niveau de vacance. Le résultat est cumulé depuis le début de l'année.","False","2181"
"Activité de développement et rehab.SemanticModel","Activité de développement et rehab\Activité de développement et rehab.SemanticModel\definition\tables\Mesure.tmdl","% Vacance Financière Logements M","Taux de vacance financière logements mensuel","Vacance\Financière","Indique la part de vacance par rapport au volume de référence, pour suivre le niveau de vacance.","False","2194"
"Activité de développement et rehab.SemanticModel","Activité de développement et rehab\Activité de développement et rehab.SemanticModel\definition\tables\Mesure.tmdl","% Tx Vac Fi mensuelle","Taux de vacance financière mensuel","Vacance\Financière","Indique la part de vacance par rapport au volume de référence, pour suivre le niveau de vacance.","False","246"
"Activité de développement et rehab.SemanticModel","Activité de développement et rehab\Activité de développement et rehab.SemanticModel\definition\tables\Mesure.tmdl","vacance fi YTD recalcul","Taux de vacance financière recalculé cumulé annuel","Vacance\Financière","Indique la part de vacance par rapport au volume de référence, pour suivre le niveau de vacance. Le résultat est cumulé depuis le début de l'année.","False","671"
"Activité de développement et rehab.SemanticModel","Activité de développement et rehab\Activité de développement et rehab.SemanticModel\definition\tables\Mesure.tmdl","% Tx Vac Strat Fi YTD","Taux de vacance financière stratégique cumulé annuel","Vacance\Financière","Indique la part de vacance par rapport au volume de référence, pour suivre le niveau de vacance. Le résultat est cumulé depuis le début de l'année.","False","252"
"Activité de développement et rehab.SemanticModel","Activité de développement et rehab\Activité de développement et rehab.SemanticModel\definition\tables\Mesure.tmdl","% Tx Vac Tech Fi YTD","Taux de vacance financière technique cumulé annuel","Vacance\Financière","Indique la part de vacance par rapport au volume de référence, pour suivre le niveau de vacance. Le résultat est cumulé depuis le début de l'année.","False","258"
"Activité de développement et rehab.SemanticModel","Activité de développement et rehab\Activité de développement et rehab.SemanticModel\definition\tables\Mesure.tmdl","% Vacance Financière Commerciale Logements YTD","Taux Vacance Financière Commerciale Logements cumul annuel","Vacance\Financière","Indique la part de vacance par rapport au volume de référence, pour suivre le niveau de vacance. Le résultat est cumulé depuis le début de l'année.","False","2259"
"Activité de développement et rehab.SemanticModel","Activité de développement et rehab\Activité de développement et rehab.SemanticModel\definition\tables\Mesure.tmdl","% Vacance Financière Stratégique Logements YTD","Taux Vacance Financière Stratégique Logements cumul annuel","Vacance\Financière","Indique la part de vacance par rapport au volume de référence, pour suivre le niveau de vacance. Le résultat est cumulé depuis le début de l'année.","False","2266"
"Activité de développement et rehab.SemanticModel","Activité de développement et rehab\Activité de développement et rehab.SemanticModel\definition\tables\Mesure.tmdl","% Vacance globale commerces et logements YTD","Taux Vacance globale commerces et logements cumul annuel","Vacance\Financière","Indique la part de vacance par rapport au volume de référence, pour suivre le niveau de vacance. Le résultat est cumulé depuis le début de l'année.","False","2442"
"Activité de développement et rehab.SemanticModel","Activité de développement et rehab\Activité de développement et rehab.SemanticModel\definition\tables\Mesure.tmdl","Vacance < 3M","Vacance < 3M","Vacance\Financière","Compte les logements, commerces ou unités concernés par une situation de vacance. Le résultat est cumulé depuis le début de l'année.","False","769"
"Activité de développement et rehab.SemanticModel","Activité de développement et rehab\Activité de développement et rehab.SemanticModel\definition\tables\Mesure.tmdl","Vacance financière - Commerces & Bureaux","Vacance financière - Commerces et Bureaux","Vacance\Financière","Mesure le montant ou le volume lié à la vacance.","False","2754"
"Activité de développement et rehab.SemanticModel","Activité de développement et rehab\Activité de développement et rehab.SemanticModel\definition\tables\Mesure.tmdl","Vacance Financière Commerces YTD","Vacance Financière Commerces cumul annuel","Vacance\Financière","Compte les logements, commerces ou unités concernés par une situation de vacance. La comparaison se fait avec la même période de l'année précédente.","False","2273"
"Activité de développement et rehab.SemanticModel","Activité de développement et rehab\Activité de développement et rehab.SemanticModel\definition\tables\Mesure.tmdl","Vacance Financière Commerces YTD LY","Vacance Financière Commerces cumul annuel année précédente","Vacance\Financière","Compte les logements, commerces ou unités concernés par une situation de vacance. La comparaison se fait avec la même période de l'année précédente.","False","2280"
"Activité de développement et rehab.SemanticModel","Activité de développement et rehab\Activité de développement et rehab.SemanticModel\definition\tables\Mesure.tmdl","Vacance Financière Commerce et Logement TCC YTD","Vacance financière commerces et logements cumulée annuelle","Vacance\Financière","Compte les logements, commerces ou unités concernés par une situation de vacance. La comparaison se fait avec la même période de l'année précédente.","False","2425"
"Activité de développement et rehab.SemanticModel","Activité de développement et rehab\Activité de développement et rehab.SemanticModel\definition\tables\Mesure.tmdl","Vacance Financière Commerce et Logement TCC M","Vacance financière commerces et logements mensuelle","Vacance\Financière","Mesure le montant ou le volume lié à la vacance.","False","2419"
"Activité de développement et rehab.SemanticModel","Activité de développement et rehab\Activité de développement et rehab.SemanticModel\definition\tables\Mesure.tmdl","Vacance Financière Commerces M","Vacance financière commerces mensuelle","Vacance\Financière","Mesure le montant ou le volume lié à la vacance.","False","2235"
"Activité de développement et rehab.SemanticModel","Activité de développement et rehab\Activité de développement et rehab.SemanticModel\definition\tables\Mesure.tmdl","Vacance financière commerciale LGT","Vacance financière commerciale logements","Vacance\Financière","Compte les logements, commerces ou unités concernés par une situation de vacance.","False","2201"
"Activité de développement et rehab.SemanticModel","Activité de développement et rehab\Activité de développement et rehab.SemanticModel\definition\tables\Mesure.tmdl","Vacance financière commerciale LGT YTD","Vacance financière commerciale logements cumul annuel","Vacance\Financière","Compte les logements, commerces ou unités concernés par une situation de vacance. La comparaison se fait avec la même période de l'année précédente.","False","2208"
"Activité de développement et rehab.SemanticModel","Activité de développement et rehab\Activité de développement et rehab.SemanticModel\definition\tables\Mesure.tmdl","vacance financière YTD","Vacance financière cumul annuel","Vacance\Financière","Compte les logements, commerces ou unités concernés par une situation de vacance. Le résultat est cumulé depuis le début de l'année.","False","204"
"Activité de développement et rehab.SemanticModel","Activité de développement et rehab\Activité de développement et rehab.SemanticModel\definition\tables\Mesure.tmdl","Vacance financière YTD - Commerces & Bureaux","Vacance financière cumul annuel - Commerces et Bureaux","Vacance\Financière","Mesure le montant ou le volume lié à la vacance. La comparaison se fait avec la même période de l'année précédente.","False","2761"
"Activité de développement et rehab.SemanticModel","Activité de développement et rehab\Activité de développement et rehab.SemanticModel\definition\tables\Mesure.tmdl","Vacance Financière YTD N-1","Vacance Financière cumul annuel année précédente","Vacance\Financière","Compte les logements, commerces ou unités concernés par une situation de vacance. La comparaison se fait avec la même période de l'année précédente.","False","607"
"Activité de développement et rehab.SemanticModel","Activité de développement et rehab\Activité de développement et rehab.SemanticModel\definition\tables\Mesure.tmdl","VacanceFinanciereYTDRecalculeHC","Vacance financière hors charges recalculée cumulée annuelle","Vacance\Financière","Compte les logements, commerces ou unités concernés par une situation de vacance. Le résultat est cumulé depuis le début de l'année.","False","1863"
"Activité de développement et rehab.SemanticModel","Activité de développement et rehab\Activité de développement et rehab.SemanticModel\definition\tables\Mesure.tmdl","Vacance Financière Logements YTD","Vacance financière logements cumulée annuelle","Vacance\Financière","Compte les logements, commerces ou unités concernés par une situation de vacance. La comparaison se fait avec la même période de l'année précédente.","False","2162"
"Activité de développement et rehab.SemanticModel","Activité de développement et rehab\Activité de développement et rehab.SemanticModel\definition\tables\Mesure.tmdl","Vacance Financière Logements YTD LY","Vacance financière logements cumulée annuelle précédente","Vacance\Financière","Compte les logements, commerces ou unités concernés par une situation de vacance. La comparaison se fait avec la même période de l'année précédente.","False","2169"
"Activité de développement et rehab.SemanticModel","Activité de développement et rehab\Activité de développement et rehab.SemanticModel\definition\tables\Mesure.tmdl","Vacance financière MEL LGT","Vacance financière logements en mise en location","Vacance\Financière","Compte les logements, commerces ou unités concernés par une situation de vacance.","False","2376"
"Activité de développement et rehab.SemanticModel","Activité de développement et rehab\Activité de développement et rehab.SemanticModel\definition\tables\Mesure.tmdl","Vacance financière MEL LGT YTD","Vacance financière logements en mise en location cumulée annuelle","Vacance\Financière","Compte les logements, commerces ou unités concernés par une situation de vacance. La comparaison se fait avec la même période de l'année précédente.","False","2383"
"Activité de développement et rehab.SemanticModel","Activité de développement et rehab\Activité de développement et rehab.SemanticModel\definition\tables\Mesure.tmdl","Vacance Financière Logements M","Vacance financière logements mensuelle","Vacance\Financière","Compte les logements, commerces ou unités concernés par une situation de vacance.","False","2155"
"Activité de développement et rehab.SemanticModel","Activité de développement et rehab\Activité de développement et rehab.SemanticModel\definition\tables\Mesure.tmdl","VacanceFinanciereYTDRecalcule","Vacance financière recalculée cumulée annuelle","Vacance\Financière","Mesure le montant ou le volume lié à la vacance. Le résultat est cumulé depuis le début de l'année.","False","718"
"Activité de développement et rehab.SemanticModel","Activité de développement et rehab\Activité de développement et rehab.SemanticModel\definition\tables\Mesure.tmdl","Vacance Financière Stratégique LGT","Vacance Financière Stratégique logements","Vacance\Financière","Compte les logements, commerces ou unités concernés par une situation de vacance.","False","2215"
"Activité de développement et rehab.SemanticModel","Activité de développement et rehab\Activité de développement et rehab.SemanticModel\definition\tables\Mesure.tmdl","Vacance Financière Stratégique LGT YTD","Vacance Financière Stratégique logements cumul annuel","Vacance\Financière","Compte les logements, commerces ou unités concernés par une situation de vacance. La comparaison se fait avec la même période de l'année précédente.","False","2222"
"Activité de développement et rehab.SemanticModel","Activité de développement et rehab\Activité de développement et rehab.SemanticModel\definition\tables\Mesure.tmdl","Vacance financière technique LGT","Vacance financière technique logements","Vacance\Financière","Compte les logements, commerces ou unités concernés par une situation de vacance.","False","2340"
"Activité de développement et rehab.SemanticModel","Activité de développement et rehab\Activité de développement et rehab.SemanticModel\definition\tables\Mesure.tmdl","Vacance financière technique LGT YTD","Vacance financière technique logements cumul annuel","Vacance\Financière","Compte les logements, commerces ou unités concernés par une situation de vacance. La comparaison se fait avec la même période de l'année précédente.","False","2347"
"Activité de développement et rehab.SemanticModel","Activité de développement et rehab\Activité de développement et rehab.SemanticModel\definition\tables\Mesure.tmdl","Vacance commerciale","Nombre de logements en vacance commerciale","Vacance\Physique","Compte les logements, commerces ou unités concernés par une situation de vacance.","False","442"
"Activité de développement et rehab.SemanticModel","Activité de développement et rehab\Activité de développement et rehab.SemanticModel\definition\tables\Mesure.tmdl","# Logements Vacants Stratégique","Nombre de logements en vacance stratégique","Vacance\Physique","Compte les logements, commerces ou unités concernés par une situation de vacance.","False","1806"
"Activité de développement et rehab.SemanticModel","Activité de développement et rehab\Activité de développement et rehab.SemanticModel\definition\tables\Mesure.tmdl","# Logements Vacants Commercial","Nombre de logements vacants en commercial","Vacance\Physique","Compte les logements, commerces ou unités concernés par une situation de vacance.","False","1794"
"Activité de développement et rehab.SemanticModel","Activité de développement et rehab\Activité de développement et rehab.SemanticModel\definition\tables\Mesure.tmdl","# UG Vacance Ordinaire","Nombre d'UG en vacance ordinaire","Vacance\Physique","Compte les logements, commerces ou unités concernés par une situation de vacance.","False","222"
"Activité de développement et rehab.SemanticModel","Activité de développement et rehab\Activité de développement et rehab.SemanticModel\definition\tables\Mesure.tmdl","# UG Vacants Technique","Nombre d'UG en vacance technique","Vacance\Physique","Compte les logements, commerces ou unités concernés par une situation de vacance.","False","1800"
"Activité de développement et rehab.SemanticModel","Activité de développement et rehab\Activité de développement et rehab.SemanticModel\definition\tables\Mesure.tmdl","Nb UG Vac Plus 3 Mois","Nombre d'UG vacantes depuis plus de trois mois","Vacance\Physique","Compte les logements, commerces ou unités concernés par une situation de vacance.","False","797"
"Activité de développement et rehab.SemanticModel","Activité de développement et rehab\Activité de développement et rehab.SemanticModel\definition\tables\Mesure.tmdl","Vacance globale","Nombre total de logements vacants","Vacance\Physique","Compte les logements, commerces ou unités concernés par une situation de vacance.","False","448"
"Activité de développement et rehab.SemanticModel","Activité de développement et rehab\Activité de développement et rehab.SemanticModel\definition\tables\Mesure.tmdl","Part vacance stratégique","Part vacance stratégique","Vacance\Physique","Indique la part de vacance par rapport au volume de référence, pour suivre le niveau de vacance.","False","1869"
"Activité de développement et rehab.SemanticModel","Activité de développement et rehab\Activité de développement et rehab.SemanticModel\definition\tables\Mesure.tmdl","Part vacance stratégique dans la vacance globale","Part vacance stratégique dans la vacance globale","Vacance\Physique","Indique la part de vacance par rapport au volume de référence, pour suivre le niveau de vacance.","False","577"
"Activité de développement et rehab.SemanticModel","Activité de développement et rehab\Activité de développement et rehab.SemanticModel\definition\tables\Mesure.tmdl","% Vac com commerces","Taux de vacance commerciale des commerces","Vacance\Physique","Indique la part de vacance par rapport au volume de référence, pour suivre le niveau de vacance.","False","1845"
"Activité de développement et rehab.SemanticModel","Activité de développement et rehab\Activité de développement et rehab.SemanticModel\definition\tables\Mesure.tmdl","% Vac","Taux Vac","Vacance\Physique","Indique la part de vacance par rapport au volume de référence, pour suivre le niveau de vacance.","False","1062"
"Activité de développement et rehab.SemanticModel","Activité de développement et rehab\Activité de développement et rehab.SemanticModel\definition\tables\Mesure.tmdl","% Vac com","Taux Vac commerces","Vacance\Physique","Indique la part de vacance par rapport au volume de référence, pour suivre le niveau de vacance.","False","565"
"Activité de développement et rehab.SemanticModel","Activité de développement et rehab\Activité de développement et rehab.SemanticModel\definition\tables\Mesure.tmdl","Vacance commerciale - Commerces & Bureaux","Vacance commerciale - Commerces et Bureaux","Vacance\Physique","Mesure le montant ou le volume lié à la vacance.","False","2740"
"Activité de développement et rehab.SemanticModel","Activité de développement et rehab\Activité de développement et rehab.SemanticModel\definition\tables\Mesure.tmdl","Vacance commerciale YTD - Commerces & Bureaux","Vacance commerciale cumul annuel - Commerces et Bureaux","Vacance\Physique","Mesure le montant ou le volume lié à la vacance. La comparaison se fait avec la même période de l'année précédente.","False","2747"
"Activité de développement et rehab.SemanticModel","Activité de développement et rehab\Activité de développement et rehab.SemanticModel\definition\tables\Mesure.tmdl","TotalVacanceComm_ug","Vacance commerciale totale par UG","Vacance\Physique","Compte les logements, commerces ou unités concernés par une situation de vacance.","False","723"
"Activité de développement et rehab.SemanticModel","Activité de développement et rehab\Activité de développement et rehab.SemanticModel\definition\tables\Mesure.tmdl","TotalVacanceDemol_ug","Vacance liée aux démolitions par UG","Vacance\Physique","Mesure le montant ou le volume lié à la vacance.","False","780"
"Activité de développement et rehab.SemanticModel","Activité de développement et rehab\Activité de développement et rehab.SemanticModel\definition\tables\Mesure.tmdl","TotalVacanceVendu_ug","Vacance liée aux ventes par UG","Vacance\Physique","Mesure le montant ou le volume lié à la vacance.","False","775"
"Activité de développement et rehab.SemanticModel","Activité de développement et rehab\Activité de développement et rehab.SemanticModel\definition\tables\Mesure.tmdl","Vacance MEL - Commerces & Bureaux","Vacance mise en location - Commerces et Bureaux","Vacance\Physique","Mesure le montant ou le volume lié à la vacance.","False","2768"
"Activité de développement et rehab.SemanticModel","Activité de développement et rehab\Activité de développement et rehab.SemanticModel\definition\tables\Mesure.tmdl","Vacance MEL YTD - Commerces & Bureaux","Vacance mise en location cumul annuel - Commerces et Bureaux","Vacance\Physique","Mesure le montant ou le volume lié à la vacance. La comparaison se fait avec la même période de l'année précédente.","False","2775"
"Activité de développement et rehab.SemanticModel","Activité de développement et rehab\Activité de développement et rehab.SemanticModel\definition\tables\Mesure.tmdl","Vacance moins de trois mois","Vacance moins de trois mois","Vacance\Physique","Compte les logements, commerces ou unités concernés par une situation de vacance.","False","803"
"Activité de développement et rehab.SemanticModel","Activité de développement et rehab\Activité de développement et rehab.SemanticModel\definition\tables\Mesure.tmdl","Vacance phy commerciale commerces","Vacance phy commerciale commerces","Vacance\Physique","Compte les logements, commerces ou unités concernés par une situation de vacance.","False","1851"
"Activité de développement et rehab.SemanticModel","Activité de développement et rehab\Activité de développement et rehab.SemanticModel\definition\tables\Mesure.tmdl","Vacance phy globale commerce","Vacance phy globale commerce","Vacance\Physique","Compte les logements, commerces ou unités concernés par une situation de vacance.","False","1857"
"Activité de développement et rehab.SemanticModel","Activité de développement et rehab\Activité de développement et rehab.SemanticModel\definition\tables\Mesure.tmdl","Vacance stratégique - Commerces & Bureaux","Vacance stratégique - Commerces et Bureaux","Vacance\Physique","Mesure le montant ou le volume lié à la vacance.","False","2782"
"Activité de développement et rehab.SemanticModel","Activité de développement et rehab\Activité de développement et rehab.SemanticModel\definition\tables\Mesure.tmdl","Vacance stratégique YTD - Commerces & Bureaux","Vacance stratégique cumul annuel - Commerces et Bureaux","Vacance\Physique","Mesure le montant ou le volume lié à la vacance. La comparaison se fait avec la même période de l'année précédente.","False","2789"
"Activité de développement et rehab.SemanticModel","Activité de développement et rehab\Activité de développement et rehab.SemanticModel\definition\tables\Mesure.tmdl","Vacance Stratégique logement","Vacance Stratégique logement","Vacance\Physique","Compte les logements, commerces ou unités concernés par une situation de vacance.","False","571"
"Activité de développement et rehab.SemanticModel","Activité de développement et rehab\Activité de développement et rehab.SemanticModel\definition\tables\Mesure.tmdl","TotalVacanceStrat_ug","Vacance stratégique totale par UG","Vacance\Physique","Compte les logements, commerces ou unités concernés par une situation de vacance.","False","729"
"Activité de développement et rehab.SemanticModel","Activité de développement et rehab\Activité de développement et rehab.SemanticModel\definition\tables\Mesure.tmdl","Vacance technique - Commerces & Bureaux","Vacance technique - Commerces et Bureaux","Vacance\Physique","Mesure le montant ou le volume lié à la vacance.","False","2802"
"Activité de développement et rehab.SemanticModel","Activité de développement et rehab\Activité de développement et rehab.SemanticModel\definition\tables\Mesure.tmdl","Vacance technique YTD - Commerces & Bureaux","Vacance technique cumul annuel - Commerces et Bureaux","Vacance\Physique","Mesure le montant ou le volume lié à la vacance. La comparaison se fait avec la même période de l'année précédente.","False","2809"
"Activité de développement et rehab.SemanticModel","Activité de développement et rehab\Activité de développement et rehab.SemanticModel\definition\tables\Mesure.tmdl","TotalVacanceTech_ug","Vacance technique totale par UG","Vacance\Physique","Compte les logements, commerces ou unités concernés par une situation de vacance.","False","735"
"Activité de développement et rehab.SemanticModel","Activité de développement et rehab\Activité de développement et rehab.SemanticModel\definition\tables\Mesure.tmdl","VacanceVolontaireYTD","Vacance Volontaire cumul annuel","Vacance\Physique","Compte les logements, commerces ou unités concernés par une situation de vacance. Le résultat est cumulé depuis le début de l'année.","False","785"
"Activité de développement et rehab.SemanticModel","Activité de développement et rehab\Activité de développement et rehab.SemanticModel\definition\tables\Mesure.tmdl","# CA","# CA","À vérifier","À vérifier avant usage. Cette mesure n'a pas été retrouvée dans les rapports analysés et doit être confirmée avec le métier. Elle est conservée temporairement pour éviter de supprimer un calcul potentiellement utile.","True","45"
"Activité de développement et rehab.SemanticModel","Activité de développement et rehab\Activité de développement et rehab.SemanticModel\definition\tables\Mesure.tmdl","# CA presents","# CA presents","À vérifier","À vérifier avant usage. Cette mesure n'a pas été retrouvée dans les rapports analysés et doit être confirmée avec le métier. Elle est conservée temporairement pour éviter de supprimer un calcul potentiellement utile.","True","324"
"Activité de développement et rehab.SemanticModel","Activité de développement et rehab\Activité de développement et rehab.SemanticModel\definition\tables\Mesure.tmdl","# Livraisons Mensuelles commerces","# Livraisons Mensuelles commerces","À vérifier","À vérifier avant usage. Cette mesure n'a pas été retrouvée dans les rapports analysés et doit être confirmée avec le métier. Elle est conservée temporairement pour éviter de supprimer un calcul potentiellement utile.","True","595"
"Activité de développement et rehab.SemanticModel","Activité de développement et rehab\Activité de développement et rehab.SemanticModel\definition\tables\Mesure.tmdl","# Logements contractés","# Logements contractés","À vérifier","À vérifier avant usage. Cette mesure n'a pas été retrouvée dans les rapports analysés et doit être confirmée avec le métier. Elle est conservée temporairement pour éviter de supprimer un calcul potentiellement utile.","True","1782"
"Activité de développement et rehab.SemanticModel","Activité de développement et rehab\Activité de développement et rehab.SemanticModel\definition\tables\Mesure.tmdl","# Logements vacants m-1","# Logements vacants m-1","À vérifier","À vérifier avant usage. Cette mesure n'a pas été retrouvée dans les rapports analysés et doit être confirmée avec le métier. Elle est conservée temporairement pour éviter de supprimer un calcul potentiellement utile.","True","1091"
"Activité de développement et rehab.SemanticModel","Activité de développement et rehab\Activité de développement et rehab.SemanticModel\definition\tables\Mesure.tmdl","# Sorties YTD LY","# Sorties YTD LY","À vérifier","À vérifier avant usage. Cette mesure n'a pas été retrouvée dans les rapports analysés et doit être confirmée avec le métier. Elle est conservée temporairement pour éviter de supprimer un calcul potentiellement utile.","True","2022"
"Activité de développement et rehab.SemanticModel","Activité de développement et rehab\Activité de développement et rehab.SemanticModel\definition\tables\Mesure.tmdl","# UG M1","# UG M1","À vérifier","À vérifier avant usage. Cette mesure n'a pas été retrouvée dans les rapports analysés et doit être confirmée avec le métier. Elle est conservée temporairement pour éviter de supprimer un calcul potentiellement utile.","True","33"
"Activité de développement et rehab.SemanticModel","Activité de développement et rehab\Activité de développement et rehab.SemanticModel\definition\tables\Mesure.tmdl","% Entrées Salariés","% Entrées Salariés","À vérifier","À vérifier avant usage. Cette mesure n'a pas été retrouvée dans les rapports analysés et doit être confirmée avec le métier. Elle est conservée temporairement pour éviter de supprimer un calcul potentiellement utile.","True","185"
"Activité de développement et rehab.SemanticModel","Activité de développement et rehab\Activité de développement et rehab.SemanticModel\definition\tables\Mesure.tmdl","% quittançable TTC","% quittançable TTC","À vérifier","À vérifier avant usage. Cette mesure n'a pas été retrouvée dans les rapports analysés et doit être confirmée avec le métier. Elle est conservée temporairement pour éviter de supprimer un calcul potentiellement utile.","True","1875"
"Activité de développement et rehab.SemanticModel","Activité de développement et rehab\Activité de développement et rehab.SemanticModel\definition\tables\Mesure.tmdl","% Tx Vac Comm Fi mensuelle","% Tx Vac Comm Fi mensuelle","À vérifier","À vérifier avant usage. Cette mesure n'a pas été retrouvée dans les rapports analysés et doit être confirmée avec le métier. Elle est conservée temporairement pour éviter de supprimer un calcul potentiellement utile.","True","240"
"Activité de développement et rehab.SemanticModel","Activité de développement et rehab\Activité de développement et rehab.SemanticModel\definition\tables\Mesure.tmdl","% Tx Vac Strat Fi mensuelle","% Tx Vac Strat Fi mensuelle","À vérifier","À vérifier avant usage. Cette mesure n'a pas été retrouvée dans les rapports analysés et doit être confirmée avec le métier. Elle est conservée temporairement pour éviter de supprimer un calcul potentiellement utile.","True","228"
"Activité de développement et rehab.SemanticModel","Activité de développement et rehab\Activité de développement et rehab.SemanticModel\definition\tables\Mesure.tmdl","% Tx Vac Tech Fi mensuelle","% Tx Vac Tech Fi mensuelle","À vérifier","À vérifier avant usage. Cette mesure n'a pas été retrouvée dans les rapports analysés et doit être confirmée avec le métier. Elle est conservée temporairement pour éviter de supprimer un calcul potentiellement utile.","True","234"
"Activité de développement et rehab.SemanticModel","Activité de développement et rehab\Activité de développement et rehab.SemanticModel\definition\tables\Mesure.tmdl","% tximpaye M Operation","% tximpaye M Operation","À vérifier","À vérifier avant usage. Cette mesure n'a pas été retrouvée dans les rapports analysés et doit être confirmée avec le métier. Elle est conservée temporairement pour éviter de supprimer un calcul potentiellement utile.","True","80"
"Activité de développement et rehab.SemanticModel","Activité de développement et rehab\Activité de développement et rehab.SemanticModel\definition\tables\Mesure.tmdl","% txrecouv Hpp M operation","% txrecouv Hpp M operation","À vérifier","À vérifier avant usage. Cette mesure n'a pas été retrouvée dans les rapports analysés et doit être confirmée avec le métier. Elle est conservée temporairement pour éviter de supprimer un calcul potentiellement utile.","True","62"
"Activité de développement et rehab.SemanticModel","Activité de développement et rehab\Activité de développement et rehab.SemanticModel\definition\tables\Mesure.tmdl","% txrecouv Hpp YTD operation","% txrecouv Hpp YTD operation","À vérifier","À vérifier avant usage. Cette mesure n'a pas été retrouvée dans les rapports analysés et doit être confirmée avec le métier. Elle est conservée temporairement pour éviter de supprimer un calcul potentiellement utile.","True","74"
"Activité de développement et rehab.SemanticModel","Activité de développement et rehab\Activité de développement et rehab.SemanticModel\definition\tables\Mesure.tmdl","% txrecouv M operation","% txrecouv M operation","À vérifier","À vérifier avant usage. Cette mesure n'a pas été retrouvée dans les rapports analysés et doit être confirmée avec le métier. Elle est conservée temporairement pour éviter de supprimer un calcul potentiellement utile.","True","56"
"Activité de développement et rehab.SemanticModel","Activité de développement et rehab\Activité de développement et rehab.SemanticModel\definition\tables\Mesure.tmdl","% txrecouv YTD operation","% txrecouv YTD operation","À vérifier","À vérifier avant usage. Cette mesure n'a pas été retrouvée dans les rapports analysés et doit être confirmée avec le métier. Elle est conservée temporairement pour éviter de supprimer un calcul potentiellement utile.","True","68"
"Activité de développement et rehab.SemanticModel","Activité de développement et rehab\Activité de développement et rehab.SemanticModel\definition\tables\Mesure.tmdl","% Vac strat","% Vac strat","À vérifier","À vérifier avant usage. Cette mesure n'a pas été retrouvée dans les rapports analysés et doit être confirmée avec le métier. Elle est conservée temporairement pour éviter de supprimer un calcul potentiellement utile.","True","659"
"Activité de développement et rehab.SemanticModel","Activité de développement et rehab\Activité de développement et rehab.SemanticModel\definition\tables\Mesure.tmdl","% Vacance Financière Commerces M","% Vacance Financière Commerces M","À vérifier","À vérifier avant usage. Cette mesure n'a pas été retrouvée dans les rapports analysés et doit être confirmée avec le métier. Elle est conservée temporairement pour éviter de supprimer un calcul potentiellement utile.","True","2320"
"Activité de développement et rehab.SemanticModel","Activité de développement et rehab\Activité de développement et rehab.SemanticModel\definition\tables\Mesure.tmdl","% Vacance Financière Commerces YTD","% Vacance Financière Commerces YTD","À vérifier","À vérifier avant usage. Cette mesure n'a pas été retrouvée dans les rapports analysés et doit être confirmée avec le métier. Elle est conservée temporairement pour éviter de supprimer un calcul potentiellement utile.","True","2313"
"Activité de développement et rehab.SemanticModel","Activité de développement et rehab\Activité de développement et rehab.SemanticModel\definition\tables\Mesure.tmdl","% Vacance Financière Commerciale Commerces YTD","% Vacance Financière Commerciale Commerces YTD","À vérifier","À vérifier avant usage. Cette mesure n'a pas été retrouvée dans les rapports analysés et doit être confirmée avec le métier. Elle est conservée temporairement pour éviter de supprimer un calcul potentiellement utile.","True","2299"
"Activité de développement et rehab.SemanticModel","Activité de développement et rehab\Activité de développement et rehab.SemanticModel\definition\tables\Mesure.tmdl","% Vacance Financière Stratégique Commerces YTD","% Vacance Financière Stratégique Commerces YTD","À vérifier","À vérifier avant usage. Cette mesure n'a pas été retrouvée dans les rapports analysés et doit être confirmée avec le métier. Elle est conservée temporairement pour éviter de supprimer un calcul potentiellement utile.","True","2306"
"Activité de développement et rehab.SemanticModel","Activité de développement et rehab\Activité de développement et rehab.SemanticModel\definition\tables\Mesure.tmdl","% Vacance globale commerces et logements HC YTD","% Vacance globale commerces et logements HC YTD","À vérifier","À vérifier avant usage. Cette mesure n'a pas été retrouvée dans les rapports analysés et doit être confirmée avec le métier. Elle est conservée temporairement pour éviter de supprimer un calcul potentiellement utile.","True","2470"
"Activité de développement et rehab.SemanticModel","Activité de développement et rehab\Activité de développement et rehab.SemanticModel\definition\tables\Mesure.tmdl","€ Quittancement logements et commerces M HC","€ Quittancement logements et commerces M HC","À vérifier","À vérifier avant usage. Cette mesure n'a pas été retrouvée dans les rapports analysés et doit être confirmée avec le métier. Elle est conservée temporairement pour éviter de supprimer un calcul potentiellement utile.","True","2448"
"Activité de développement et rehab.SemanticModel","Activité de développement et rehab\Activité de développement et rehab.SemanticModel\definition\tables\Mesure.tmdl","€ Quittancement logements et commerces YTD HC","€ Quittancement logements et commerces YTD HC","À vérifier","À vérifier avant usage. Cette mesure n'a pas été retrouvée dans les rapports analysés et doit être confirmée avec le métier. Elle est conservée temporairement pour éviter de supprimer un calcul potentiellement utile.","True","2453"
"Activité de développement et rehab.SemanticModel","Activité de développement et rehab\Activité de développement et rehab.SemanticModel\definition\tables\Mesure.tmdl","€ Quittancement YTD M-1","€ Quittancement YTD M-1","À vérifier","À vérifier avant usage. Cette mesure n'a pas été retrouvée dans les rapports analysés et doit être confirmée avec le métier. Elle est conservée temporairement pour éviter de supprimer un calcul potentiellement utile.","True","2498"
"Activité de développement et rehab.SemanticModel","Activité de développement et rehab\Activité de développement et rehab.SemanticModel\definition\tables\Mesure.tmdl","€ Total Vacance M UG","€ Total Vacance M UG","À vérifier","À vérifier avant usage. Cette mesure n'a pas été retrouvée dans les rapports analysés et doit être confirmée avec le métier. Elle est conservée temporairement pour éviter de supprimer un calcul potentiellement utile.","True","173"
"Activité de développement et rehab.SemanticModel","Activité de développement et rehab\Activité de développement et rehab.SemanticModel\definition\tables\Mesure.tmdl","Absenteisme :","Absenteisme :","À vérifier","À vérifier avant usage. Cette mesure n'a pas été retrouvée dans les rapports analysés et doit être confirmée avec le métier. Elle est conservée temporairement pour éviter de supprimer un calcul potentiellement utile.","True","902"
"Activité de développement et rehab.SemanticModel","Activité de développement et rehab\Activité de développement et rehab.SemanticModel\definition\tables\Mesure.tmdl","Acquisitions","Acquisitions","À vérifier","À vérifier avant usage. Cette mesure n'a pas été retrouvée dans les rapports analysés et doit être confirmée avec le métier. Elle est conservée temporairement pour éviter de supprimer un calcul potentiellement utile.","True","864"
"Activité de développement et rehab.SemanticModel","Activité de développement et rehab\Activité de développement et rehab.SemanticModel\definition\tables\Mesure.tmdl","Affaires économiques sociales et familiales","Affaires économiques sociales et familiales","À vérifier","À vérifier avant usage. Cette mesure n'a pas été retrouvée dans les rapports analysés et doit être confirmée avec le métier. Elle est conservée temporairement pour éviter de supprimer un calcul potentiellement utile.","True","1005"
"Activité de développement et rehab.SemanticModel","Activité de développement et rehab\Activité de développement et rehab.SemanticModel\definition\tables\Mesure.tmdl","Affaires traitées","Affaires traitées","À vérifier","À vérifier avant usage. Cette mesure n'a pas été retrouvée dans les rapports analysés et doit être confirmée avec le métier. Elle est conservée temporairement pour éviter de supprimer un calcul potentiellement utile.","True","999"
"Activité de développement et rehab.SemanticModel","Activité de développement et rehab\Activité de développement et rehab.SemanticModel\definition\tables\Mesure.tmdl","Agréments","Agréments","À vérifier","À vérifier avant usage. Cette mesure n'a pas été retrouvée dans les rapports analysés et doit être confirmée avec le métier. Elle est conservée temporairement pour éviter de supprimer un calcul potentiellement utile.","True","948"
"Activité de développement et rehab.SemanticModel","Activité de développement et rehab\Activité de développement et rehab.SemanticModel\definition\tables\Mesure.tmdl","Agréments Réhab","Agréments Réhab","À vérifier","À vérifier avant usage. Cette mesure n'a pas été retrouvée dans les rapports analysés et doit être confirmée avec le métier. Elle est conservée temporairement pour éviter de supprimer un calcul potentiellement utile.","True","1011"
"Activité de développement et rehab.SemanticModel","Activité de développement et rehab\Activité de développement et rehab.SemanticModel\definition\tables\Mesure.tmdl","Aménagements PMR","Aménagements PMR","À vérifier","À vérifier avant usage. Cette mesure n'a pas été retrouvée dans les rapports analysés et doit être confirmée avec le métier. Elle est conservée temporairement pour éviter de supprimer un calcul potentiellement utile.","True","932"
"Activité de développement et rehab.SemanticModel","Activité de développement et rehab\Activité de développement et rehab.SemanticModel\definition\tables\Mesure.tmdl","Attributions salariées","Attributions salariées","À vérifier","À vérifier avant usage. Cette mesure n'a pas été retrouvée dans les rapports analysés et doit être confirmée avec le métier. Elle est conservée temporairement pour éviter de supprimer un calcul potentiellement utile.","True","926"
"Activité de développement et rehab.SemanticModel","Activité de développement et rehab\Activité de développement et rehab.SemanticModel\definition\tables\Mesure.tmdl","Autre variation de stock","Autre variation de stock","À vérifier","À vérifier avant usage. Cette mesure n'a pas été retrouvée dans les rapports analysés et doit être confirmée avec le métier. Elle est conservée temporairement pour éviter de supprimer un calcul potentiellement utile.","True","27"
"Activité de développement et rehab.SemanticModel","Activité de développement et rehab\Activité de développement et rehab.SemanticModel\definition\tables\Mesure.tmdl","Balance annuelle","Balance annuelle","À vérifier","À vérifier avant usage. Cette mesure n'a pas été retrouvée dans les rapports analysés et doit être confirmée avec le métier. Elle est conservée temporairement pour éviter de supprimer un calcul potentiellement utile.","True","342"
"Activité de développement et rehab.SemanticModel","Activité de développement et rehab\Activité de développement et rehab.SemanticModel\definition\tables\Mesure.tmdl","Compromis :","Compromis :","À vérifier","À vérifier avant usage. Cette mesure n'a pas été retrouvée dans les rapports analysés et doit être confirmée avec le métier. Elle est conservée temporairement pour éviter de supprimer un calcul potentiellement utile.","True","858"
"Activité de développement et rehab.SemanticModel","Activité de développement et rehab\Activité de développement et rehab.SemanticModel\definition\tables\Mesure.tmdl","croissance_soldem_ca_operation_+","croissance_soldem_ca_operation_+","À vérifier","À vérifier avant usage. Cette mesure n'a pas été retrouvée dans les rapports analysés et doit être confirmée avec le métier. Elle est conservée temporairement pour éviter de supprimer un calcul potentiellement utile.","True","636"
"Activité de développement et rehab.SemanticModel","Activité de développement et rehab\Activité de développement et rehab.SemanticModel\definition\tables\Mesure.tmdl","CroissanceSoldem_CA_Operation_YTD N-1","CroissanceSoldem_CA_Operation_YTD N-1","À vérifier","À vérifier avant usage. Cette mesure n'a pas été retrouvée dans les rapports analysés et doit être confirmée avec le métier. Elle est conservée temporairement pour éviter de supprimer un calcul potentiellement utile.","True","631"
"Activité de développement et rehab.SemanticModel","Activité de développement et rehab\Activité de développement et rehab.SemanticModel\definition\tables\Mesure.tmdl","CroissanceSoldem_CA_Operation_YTD_test","CroissanceSoldem_CA_Operation_YTD_test","À vérifier","À vérifier avant usage. Cette mesure n'a pas été retrouvée dans les rapports analysés et doit être confirmée avec le métier. Elle est conservée temporairement pour éviter de supprimer un calcul potentiellement utile.","True","1975"
"Activité de développement et rehab.SemanticModel","Activité de développement et rehab\Activité de développement et rehab.SemanticModel\definition\tables\Mesure.tmdl","DAF Financements obtenus","DAF Financements obtenus","À vérifier","À vérifier avant usage. Cette mesure n'a pas été retrouvée dans les rapports analysés et doit être confirmée avec le métier. Elle est conservée temporairement pour éviter de supprimer un calcul potentiellement utile.","True","977"
"Activité de développement et rehab.SemanticModel","Activité de développement et rehab\Activité de développement et rehab.SemanticModel\definition\tables\Mesure.tmdl","DAF Trésoreries","DAF Trésoreries","À vérifier","À vérifier avant usage. Cette mesure n'a pas été retrouvée dans les rapports analysés et doit être confirmée avec le métier. Elle est conservée temporairement pour éviter de supprimer un calcul potentiellement utile.","True","971"
"Activité de développement et rehab.SemanticModel","Activité de développement et rehab\Activité de développement et rehab.SemanticModel\definition\tables\Mesure.tmdl","Dates données GL","Dates données GL","À vérifier","À vérifier avant usage. Cette mesure n'a pas été retrouvée dans les rapports analysés et doit être confirmée avec le métier. Elle est conservée temporairement pour éviter de supprimer un calcul potentiellement utile.","True","1113"
"Activité de développement et rehab.SemanticModel","Activité de développement et rehab\Activité de développement et rehab.SemanticModel\definition\tables\Mesure.tmdl","DDC Livraisons","DDC Livraisons","À vérifier","À vérifier avant usage. Cette mesure n'a pas été retrouvée dans les rapports analysés et doit être confirmée avec le métier. Elle est conservée temporairement pour éviter de supprimer un calcul potentiellement utile.","True","938"
"Activité de développement et rehab.SemanticModel","Activité de développement et rehab\Activité de développement et rehab.SemanticModel\definition\tables\Mesure.tmdl","Découpage 2","Découpage 2","À vérifier","À vérifier avant usage. Cette mesure n'a pas été retrouvée dans les rapports analysés et doit être confirmée avec le métier. Elle est conservée temporairement pour éviter de supprimer un calcul potentiellement utile.","True","1474"
"Activité de développement et rehab.SemanticModel","Activité de développement et rehab\Activité de développement et rehab.SemanticModel\definition\tables\Mesure.tmdl","Découpage1","Découpage1","À vérifier","À vérifier avant usage. Cette mesure n'a pas été retrouvée dans les rapports analysés et doit être confirmée avec le métier. Elle est conservée temporairement pour éviter de supprimer un calcul potentiellement utile.","True","1469"
"Activité de développement et rehab.SemanticModel","Activité de développement et rehab\Activité de développement et rehab.SemanticModel\definition\tables\Mesure.tmdl","Dette avec PP","Dette avec PP","À vérifier","À vérifier avant usage. Cette mesure n'a pas été retrouvée dans les rapports analysés et doit être confirmée avec le métier. Elle est conservée temporairement pour éviter de supprimer un calcul potentiellement utile.","True","424"
"Activité de développement et rehab.SemanticModel","Activité de développement et rehab\Activité de développement et rehab.SemanticModel\definition\tables\Mesure.tmdl","Dette YTD","Dette YTD","À vérifier","À vérifier avant usage. Cette mesure n'a pas été retrouvée dans les rapports analysés et doit être confirmée avec le métier. Elle est conservée temporairement pour éviter de supprimer un calcul potentiellement utile.","True","2011"
"Activité de développement et rehab.SemanticModel","Activité de développement et rehab\Activité de développement et rehab.SemanticModel\definition\tables\Mesure.tmdl","DIS dénominateur","DIS dénominateur","À vérifier","À vérifier avant usage. Cette mesure n'a pas été retrouvée dans les rapports analysés et doit être confirmée avec le métier. Elle est conservée temporairement pour éviter de supprimer un calcul potentiellement utile.","True","1736"
"Activité de développement et rehab.SemanticModel","Activité de développement et rehab\Activité de développement et rehab.SemanticModel\definition\tables\Mesure.tmdl","DIS indicateur % de loyer / loyer plafond","DIS indicateur % de loyer / loyer plafond","À vérifier","À vérifier avant usage. Cette mesure n'a pas été retrouvée dans les rapports analysés et doit être confirmée avec le métier. Elle est conservée temporairement pour éviter de supprimer un calcul potentiellement utile.","True","1741"
"Activité de développement et rehab.SemanticModel","Activité de développement et rehab\Activité de développement et rehab.SemanticModel\definition\tables\Mesure.tmdl","DIS numérateur","DIS numérateur","À vérifier","À vérifier avant usage. Cette mesure n'a pas été retrouvée dans les rapports analysés et doit être confirmée avec le métier. Elle est conservée temporairement pour éviter de supprimer un calcul potentiellement utile.","True","1731"
"Activité de développement et rehab.SemanticModel","Activité de développement et rehab\Activité de développement et rehab.SemanticModel\definition\tables\Mesure.tmdl","DistinctCount_CodeCA_par_Tranche","DistinctCount_CodeCA_par_Tranche","À vérifier","À vérifier avant usage. Cette mesure n'a pas été retrouvée dans les rapports analysés et doit être confirmée avec le métier. Elle est conservée temporairement pour éviter de supprimer un calcul potentiellement utile.","True","1118"
"Activité de développement et rehab.SemanticModel","Activité de développement et rehab\Activité de développement et rehab.SemanticModel\definition\tables\Mesure.tmdl","Dont CDI :","Dont CDI :","À vérifier","À vérifier avant usage. Cette mesure n'a pas été retrouvée dans les rapports analysés et doit être confirmée avec le métier. Elle est conservée temporairement pour éviter de supprimer un calcul potentiellement utile.","True","897"
"Activité de développement et rehab.SemanticModel","Activité de développement et rehab\Activité de développement et rehab.SemanticModel\definition\tables\Mesure.tmdl","Encaissement_Alloc_Cumul_Annuel","Encaissement_Alloc_Cumul_Annuel","À vérifier","À vérifier avant usage. Cette mesure n'a pas été retrouvée dans les rapports analysés et doit être confirmée avec le métier. Elle est conservée temporairement pour éviter de supprimer un calcul potentiellement utile.","True","1267"
"Activité de développement et rehab.SemanticModel","Activité de développement et rehab\Activité de développement et rehab.SemanticModel\definition\tables\Mesure.tmdl","Entrées 2024","Entrées 2024","À vérifier","À vérifier avant usage. Cette mesure n'a pas été retrouvée dans les rapports analysés et doit être confirmée avec le métier. Elle est conservée temporairement pour éviter de supprimer un calcul potentiellement utile.","True","914"
"Activité de développement et rehab.SemanticModel","Activité de développement et rehab\Activité de développement et rehab.SemanticModel\definition\tables\Mesure.tmdl","Entrées salariées recalcul","Entrées salariées recalcul","À vérifier","À vérifier avant usage. Cette mesure n'a pas été retrouvée dans les rapports analysés et doit être confirmée avec le métier. Elle est conservée temporairement pour éviter de supprimer un calcul potentiellement utile.","True","994"
"Activité de développement et rehab.SemanticModel","Activité de développement et rehab\Activité de développement et rehab.SemanticModel\definition\tables\Mesure.tmdl","Entrées salariés YTD graph","Entrées salariés YTD graph","À vérifier","À vérifier avant usage. Cette mesure n'a pas été retrouvée dans les rapports analysés et doit être confirmée avec le métier. Elle est conservée temporairement pour éviter de supprimer un calcul potentiellement utile.","True","653"
"Activité de développement et rehab.SemanticModel","Activité de développement et rehab\Activité de développement et rehab.SemanticModel\definition\tables\Mesure.tmdl","Entrées YTD LOC","Entrées YTD LOC","À vérifier","À vérifier avant usage. Cette mesure n'a pas été retrouvée dans les rapports analysés et doit être confirmée avec le métier. Elle est conservée temporairement pour éviter de supprimer un calcul potentiellement utile.","True","665"
"Activité de développement et rehab.SemanticModel","Activité de développement et rehab\Activité de développement et rehab.SemanticModel\definition\tables\Mesure.tmdl","Entrées YTD N-1","Entrées YTD N-1","À vérifier","À vérifier avant usage. Cette mesure n'a pas été retrouvée dans les rapports analysés et doit être confirmée avec le métier. Elle est conservée temporairement pour éviter de supprimer un calcul potentiellement utile.","True","288"
"Activité de développement et rehab.SemanticModel","Activité de développement et rehab\Activité de développement et rehab.SemanticModel\definition\tables\Mesure.tmdl","ETP","ETP","À vérifier","À vérifier avant usage. Cette mesure n'a pas été retrouvée dans les rapports analysés et doit être confirmée avec le métier. Elle est conservée temporairement pour éviter de supprimer un calcul potentiellement utile.","True","892"
"Activité de développement et rehab.SemanticModel","Activité de développement et rehab\Activité de développement et rehab.SemanticModel\definition\tables\Mesure.tmdl","Fonds propres","Fonds propres","À vérifier","À vérifier avant usage. Cette mesure n'a pas été retrouvée dans les rapports analysés et doit être confirmée avec le métier. Elle est conservée temporairement pour éviter de supprimer un calcul potentiellement utile.","True","983"
"Activité de développement et rehab.SemanticModel","Activité de développement et rehab\Activité de développement et rehab.SemanticModel\definition\tables\Mesure.tmdl","heures d'insertion","heures d'insertion","À vérifier","À vérifier avant usage. Cette mesure n'a pas été retrouvée dans les rapports analysés et doit être confirmée avec le métier. Elle est conservée temporairement pour éviter de supprimer un calcul potentiellement utile.","True","953"
"Activité de développement et rehab.SemanticModel","Activité de développement et rehab\Activité de développement et rehab.SemanticModel\definition\tables\Mesure.tmdl","Indice de pauvreté","Indice de pauvreté","À vérifier","À vérifier avant usage. Cette mesure n'a pas été retrouvée dans les rapports analysés et doit être confirmée avec le métier. Elle est conservée temporairement pour éviter de supprimer un calcul potentiellement utile.","True","2487"
"Activité de développement et rehab.SemanticModel","Activité de développement et rehab\Activité de développement et rehab.SemanticModel\definition\tables\Mesure.tmdl","Livraisons cumulées alt","Livraisons cumulées alt","À vérifier","À vérifier avant usage. Cette mesure n'a pas été retrouvée dans les rapports analysés et doit être confirmée avec le métier. Elle est conservée temporairement pour éviter de supprimer un calcul potentiellement utile.","True","601"
"Activité de développement et rehab.SemanticModel","Activité de développement et rehab\Activité de développement et rehab.SemanticModel\definition\tables\Mesure.tmdl","Logements 2023","Logements 2023","À vérifier","À vérifier avant usage. Cette mesure n'a pas été retrouvée dans les rapports analysés et doit être confirmée avec le métier. Elle est conservée temporairement pour éviter de supprimer un calcul potentiellement utile.","True","831"
"Activité de développement et rehab.SemanticModel","Activité de développement et rehab\Activité de développement et rehab.SemanticModel\definition\tables\Mesure.tmdl","Logements indécents","Logements indécents","À vérifier","À vérifier avant usage. Cette mesure n'a pas été retrouvée dans les rapports analysés et doit être confirmée avec le métier. Elle est conservée temporairement pour éviter de supprimer un calcul potentiellement utile.","True","1572"
"Activité de développement et rehab.SemanticModel","Activité de développement et rehab\Activité de développement et rehab.SemanticModel\definition\tables\Mesure.tmdl","Mesure","Mesure","À vérifier","À vérifier avant usage. Cette mesure n'a pas été retrouvée dans les rapports analysés et doit être confirmée avec le métier. Elle est conservée temporairement pour éviter de supprimer un calcul potentiellement utile.","True","469"
"Activité de développement et rehab.SemanticModel","Activité de développement et rehab\Activité de développement et rehab.SemanticModel\definition\tables\Mesure.tmdl","Mesure 2","Mesure 2","À vérifier","À vérifier avant usage. Cette mesure n'a pas été retrouvée dans les rapports analysés et doit être confirmée avec le métier. Elle est conservée temporairement pour éviter de supprimer un calcul potentiellement utile.","True","848"
"Activité de développement et rehab.SemanticModel","Activité de développement et rehab\Activité de développement et rehab.SemanticModel\definition\tables\Mesure.tmdl","Mesure 3","Mesure 3","À vérifier","À vérifier avant usage. Cette mesure n'a pas été retrouvée dans les rapports analysés et doit être confirmée avec le métier. Elle est conservée temporairement pour éviter de supprimer un calcul potentiellement utile.","True","1074"
"Activité de développement et rehab.SemanticModel","Activité de développement et rehab\Activité de développement et rehab.SemanticModel\definition\tables\Mesure.tmdl","Mesure 4","Mesure 4","À vérifier","À vérifier avant usage. Cette mesure n'a pas été retrouvée dans les rapports analysés et doit être confirmée avec le métier. Elle est conservée temporairement pour éviter de supprimer un calcul potentiellement utile.","True","1418"
"Activité de développement et rehab.SemanticModel","Activité de développement et rehab\Activité de développement et rehab.SemanticModel\definition\tables\Mesure.tmdl","Mesure 5","Mesure 5","À vérifier","À vérifier avant usage. Cette mesure n'a pas été retrouvée dans les rapports analysés et doit être confirmée avec le métier. Elle est conservée temporairement pour éviter de supprimer un calcul potentiellement utile.","True","1569"
"Activité de développement et rehab.SemanticModel","Activité de développement et rehab\Activité de développement et rehab.SemanticModel\definition\tables\Mesure.tmdl","Mesure 6","Mesure 6","À vérifier","À vérifier avant usage. Cette mesure n'a pas été retrouvée dans les rapports analysés et doit être confirmée avec le métier. Elle est conservée temporairement pour éviter de supprimer un calcul potentiellement utile.","True","1715"
"Activité de développement et rehab.SemanticModel","Activité de développement et rehab\Activité de développement et rehab.SemanticModel\definition\tables\Mesure.tmdl","Mesure 7","Mesure 7","À vérifier","À vérifier avant usage. Cette mesure n'a pas été retrouvée dans les rapports analysés et doit être confirmée avec le métier. Elle est conservée temporairement pour éviter de supprimer un calcul potentiellement utile.","True","2390"
"Activité de développement et rehab.SemanticModel","Activité de développement et rehab\Activité de développement et rehab.SemanticModel\definition\tables\Mesure.tmdl","Mises en chantier","Mises en chantier","À vérifier","À vérifier avant usage. Cette mesure n'a pas été retrouvée dans les rapports analysés et doit être confirmée avec le métier. Elle est conservée temporairement pour éviter de supprimer un calcul potentiellement utile.","True","943"
"Activité de développement et rehab.SemanticModel","Activité de développement et rehab\Activité de développement et rehab.SemanticModel\definition\tables\Mesure.tmdl","Mises en chantier Réhab","Mises en chantier Réhab","À vérifier","À vérifier avant usage. Cette mesure n'a pas été retrouvée dans les rapports analysés et doit être confirmée avec le métier. Elle est conservée temporairement pour éviter de supprimer un calcul potentiellement utile.","True","887"
"Activité de développement et rehab.SemanticModel","Activité de développement et rehab\Activité de développement et rehab.SemanticModel\definition\tables\Mesure.tmdl","Mobilité 2024","Mobilité 2024","À vérifier","À vérifier avant usage. Cette mesure n'a pas été retrouvée dans les rapports analysés et doit être confirmée avec le métier. Elle est conservée temporairement pour éviter de supprimer un calcul potentiellement utile.","True","920"
"Activité de développement et rehab.SemanticModel","Activité de développement et rehab\Activité de développement et rehab.SemanticModel\definition\tables\Mesure.tmdl","MoisDecembre","MoisDecembre","À vérifier","À vérifier avant usage. Cette mesure n'a pas été retrouvée dans les rapports analysés et doit être confirmée avec le métier. Elle est conservée temporairement pour éviter de supprimer un calcul potentiellement utile.","True","1980"
"Activité de développement et rehab.SemanticModel","Activité de développement et rehab\Activité de développement et rehab.SemanticModel\definition\tables\Mesure.tmdl","Moyenne Glissante 12m Vac fi","Moyenne Glissante 12m Vac fi","À vérifier","À vérifier avant usage. Cette mesure n'a pas été retrouvée dans les rapports analysés et doit être confirmée avec le métier. Elle est conservée temporairement pour éviter de supprimer un calcul potentiellement utile.","True","10"
"Activité de développement et rehab.SemanticModel","Activité de développement et rehab\Activité de développement et rehab.SemanticModel\definition\tables\Mesure.tmdl","Nb jour vac YTD","Nb jour vac YTD","À vérifier","À vérifier avant usage. Cette mesure n'a pas été retrouvée dans les rapports analysés et doit être confirmée avec le métier. Elle est conservée temporairement pour éviter de supprimer un calcul potentiellement utile.","True","791"
"Activité de développement et rehab.SemanticModel","Activité de développement et rehab\Activité de développement et rehab.SemanticModel\definition\tables\Mesure.tmdl","Nb NA","Nb NA","À vérifier","À vérifier avant usage. Cette mesure n'a pas été retrouvée dans les rapports analysés et doit être confirmée avec le métier. Elle est conservée temporairement pour éviter de supprimer un calcul potentiellement utile.","True","1927"
"Activité de développement et rehab.SemanticModel","Activité de développement et rehab\Activité de développement et rehab.SemanticModel\definition\tables\Mesure.tmdl","Nb PLS","Nb PLS","À vérifier","À vérifier avant usage. Cette mesure n'a pas été retrouvée dans les rapports analysés et doit être confirmée avec le métier. Elle est conservée temporairement pour éviter de supprimer un calcul potentiellement utile.","True","1945"
"Activité de développement et rehab.SemanticModel","Activité de développement et rehab\Activité de développement et rehab.SemanticModel\definition\tables\Mesure.tmdl","Nombre d'entrée PP","Nombre d'entrée PP","À vérifier","À vérifier avant usage. Cette mesure n'a pas été retrouvée dans les rapports analysés et doit être confirmée avec le métier. Elle est conservée temporairement pour éviter de supprimer un calcul potentiellement utile.","True","330"
"Activité de développement et rehab.SemanticModel","Activité de développement et rehab\Activité de développement et rehab.SemanticModel\definition\tables\Mesure.tmdl","Nombre d'entrée PP YTD","Nombre d'entrée PP YTD","À vérifier","À vérifier avant usage. Cette mesure n'a pas été retrouvée dans les rapports analysés et doit être confirmée avec le métier. Elle est conservée temporairement pour éviter de supprimer un calcul potentiellement utile.","True","179"
"Activité de développement et rehab.SemanticModel","Activité de développement et rehab\Activité de développement et rehab.SemanticModel\definition\tables\Mesure.tmdl","Objectif annuel vac fi","Objectif annuel vac fi","À vérifier","À vérifier avant usage. Cette mesure n'a pas été retrouvée dans les rapports analysés et doit être confirmée avec le métier. Elle est conservée temporairement pour éviter de supprimer un calcul potentiellement utile.","True","167"
"Activité de développement et rehab.SemanticModel","Activité de développement et rehab\Activité de développement et rehab.SemanticModel\definition\tables\Mesure.tmdl","Objectif encaissement","Objectif encaissement","À vérifier","À vérifier avant usage. Cette mesure n'a pas été retrouvée dans les rapports analysés et doit être confirmée avec le métier. Elle est conservée temporairement pour éviter de supprimer un calcul potentiellement utile.","True","464"
"Activité de développement et rehab.SemanticModel","Activité de développement et rehab\Activité de développement et rehab.SemanticModel\definition\tables\Mesure.tmdl","Objectif vac fi à date","Objectif vac fi à date","À vérifier","À vérifier avant usage. Cette mesure n'a pas été retrouvée dans les rapports analysés et doit être confirmée avec le métier. Elle est conservée temporairement pour éviter de supprimer un calcul potentiellement utile.","True","394"
"Activité de développement et rehab.SemanticModel","Activité de développement et rehab\Activité de développement et rehab.SemanticModel\definition\tables\Mesure.tmdl","Parcelles","Parcelles","À vérifier","À vérifier avant usage. Cette mesure n'a pas été retrouvée dans les rapports analysés et doit être confirmée avec le métier. Elle est conservée temporairement pour éviter de supprimer un calcul potentiellement utile.","True","2481"
"Activité de développement et rehab.SemanticModel","Activité de développement et rehab\Activité de développement et rehab.SemanticModel\definition\tables\Mesure.tmdl","Quitm_ca_calculé","Quitm_ca_calculé","À vérifier","À vérifier avant usage. Cette mesure n'a pas été retrouvée dans les rapports analysés et doit être confirmée avec le métier. Elle est conservée temporairement pour éviter de supprimer un calcul potentiellement utile.","True","1721"
"Activité de développement et rehab.SemanticModel","Activité de développement et rehab\Activité de développement et rehab.SemanticModel\definition\tables\Mesure.tmdl","Quitm_CA_Operation_Annuel","Quitm_CA_Operation_Annuel","À vérifier","À vérifier avant usage. Cette mesure n'a pas été retrouvée dans les rapports analysés et doit être confirmée avec le métier. Elle est conservée temporairement pour éviter de supprimer un calcul potentiellement utile.","True","1256"
"Activité de développement et rehab.SemanticModel","Activité de développement et rehab\Activité de développement et rehab.SemanticModel\definition\tables\Mesure.tmdl","Quittancement Commerces","Quittancement Commerces","À vérifier","À vérifier avant usage. Cette mesure n'a pas été retrouvée dans les rapports analysés et doit être confirmée avec le métier. Elle est conservée temporairement pour éviter de supprimer un calcul potentiellement utile.","True","2287"
"Activité de développement et rehab.SemanticModel","Activité de développement et rehab\Activité de développement et rehab.SemanticModel\definition\tables\Mesure.tmdl","Quittancement Commerces YTD","Quittancement Commerces YTD","À vérifier","À vérifier avant usage. Cette mesure n'a pas été retrouvée dans les rapports analysés et doit être confirmée avec le métier. Elle est conservée temporairement pour éviter de supprimer un calcul potentiellement utile.","True","2293"
"Activité de développement et rehab.SemanticModel","Activité de développement et rehab\Activité de développement et rehab.SemanticModel\definition\tables\Mesure.tmdl","Quittancement m1","Quittancement m1","À vérifier","À vérifier avant usage. Cette mesure n'a pas été retrouvée dans les rapports analysés et doit être confirmée avec le métier. Elle est conservée temporairement pour éviter de supprimer un calcul potentiellement utile.","True","2365"
"Activité de développement et rehab.SemanticModel","Activité de développement et rehab\Activité de développement et rehab.SemanticModel\definition\tables\Mesure.tmdl","Ratio contrôle","Ratio contrôle","À vérifier","À vérifier avant usage. Cette mesure n'a pas été retrouvée dans les rapports analysés et doit être confirmée avec le métier. Elle est conservée temporairement pour éviter de supprimer un calcul potentiellement utile.","True","648"
"Activité de développement et rehab.SemanticModel","Activité de développement et rehab\Activité de développement et rehab.SemanticModel\definition\tables\Mesure.tmdl","Réhabilitations Livrées","Réhabilitations Livrées","À vérifier","À vérifier avant usage. Cette mesure n'a pas été retrouvée dans les rapports analysés et doit être confirmée avec le métier. Elle est conservée temporairement pour éviter de supprimer un calcul potentiellement utile.","True","882"
"Activité de développement et rehab.SemanticModel","Activité de développement et rehab\Activité de développement et rehab.SemanticModel\definition\tables\Mesure.tmdl","Réservations PSLA :","Réservations PSLA :","À vérifier","À vérifier avant usage. Cette mesure n'a pas été retrouvée dans les rapports analysés et doit être confirmée avec le métier. Elle est conservée temporairement pour éviter de supprimer un calcul potentiellement utile.","True","870"
"Activité de développement et rehab.SemanticModel","Activité de développement et rehab\Activité de développement et rehab.SemanticModel\definition\tables\Mesure.tmdl","Salaire injectés","Salaire injectés","À vérifier","À vérifier avant usage. Cette mesure n'a pas été retrouvée dans les rapports analysés et doit être confirmée avec le métier. Elle est conservée temporairement pour éviter de supprimer un calcul potentiellement utile.","True","959"
"Activité de développement et rehab.SemanticModel","Activité de développement et rehab\Activité de développement et rehab.SemanticModel\definition\tables\Mesure.tmdl","Satisfaction globale","Satisfaction globale","À vérifier","À vérifier avant usage. Cette mesure n'a pas été retrouvée dans les rapports analysés et doit être confirmée avec le métier. Elle est conservée temporairement pour éviter de supprimer un calcul potentiellement utile.","True","454"
"Activité de développement et rehab.SemanticModel","Activité de développement et rehab\Activité de développement et rehab.SemanticModel\definition\tables\Mesure.tmdl","Satisfaction réclamation","Satisfaction réclamation","À vérifier","À vérifier avant usage. Cette mesure n'a pas été retrouvée dans les rapports analysés et doit être confirmée avec le métier. Elle est conservée temporairement pour éviter de supprimer un calcul potentiellement utile.","True","459"
"Activité de développement et rehab.SemanticModel","Activité de développement et rehab\Activité de développement et rehab.SemanticModel\definition\tables\Mesure.tmdl","Soldem_ca_operation_+ yc PP_presents","Soldem_ca_operation_+ yc PP_presents","À vérifier","À vérifier avant usage. Cette mesure n'a pas été retrouvée dans les rapports analysés et doit être confirmée avec le métier. Elle est conservée temporairement pour éviter de supprimer un calcul potentiellement utile.","True","843"
"Activité de développement et rehab.SemanticModel","Activité de développement et rehab\Activité de développement et rehab.SemanticModel\definition\tables\Mesure.tmdl","Soldem_ca_operation_+_Absent","Soldem_ca_operation_+_Absent","À vérifier","À vérifier avant usage. Cette mesure n'a pas été retrouvée dans les rapports analysés et doit être confirmée avec le métier. Elle est conservée temporairement pour éviter de supprimer un calcul potentiellement utile.","True","318"
"Activité de développement et rehab.SemanticModel","Activité de développement et rehab\Activité de développement et rehab.SemanticModel\definition\tables\Mesure.tmdl","Soldem_ca_operation_+_LOC","Soldem_ca_operation_+_LOC","À vérifier","À vérifier avant usage. Cette mesure n'a pas été retrouvée dans les rapports analysés et doit être confirmée avec le métier. Elle est conservée temporairement pour éviter de supprimer un calcul potentiellement utile.","True","162"
"Activité de développement et rehab.SemanticModel","Activité de développement et rehab\Activité de développement et rehab.SemanticModel\definition\tables\Mesure.tmdl","Sorties 2024","Sorties 2024","À vérifier","À vérifier avant usage. Cette mesure n'a pas été retrouvée dans les rapports analysés et doit être confirmée avec le métier. Elle est conservée temporairement pour éviter de supprimer un calcul potentiellement utile.","True","908"
"Activité de développement et rehab.SemanticModel","Activité de développement et rehab\Activité de développement et rehab.SemanticModel\definition\tables\Mesure.tmdl","T1","T1","À vérifier","À vérifier avant usage. Cette mesure n'a pas été retrouvée dans les rapports analysés et doit être confirmée avec le métier. Elle est conservée temporairement pour éviter de supprimer un calcul potentiellement utile.","True","1885"
"Activité de développement et rehab.SemanticModel","Activité de développement et rehab\Activité de développement et rehab.SemanticModel\definition\tables\Mesure.tmdl","Taux - 20 jours réclamation 2024","Taux - 20 jours réclamation 2024","À vérifier","À vérifier avant usage. Cette mesure n'a pas été retrouvée dans les rapports analysés et doit être confirmée avec le métier. Elle est conservée temporairement pour éviter de supprimer un calcul potentiellement utile.","True","988"
"Activité de développement et rehab.SemanticModel","Activité de développement et rehab\Activité de développement et rehab.SemanticModel\definition\tables\Mesure.tmdl","Taux Paiement HPP M","Taux Paiement HPP M","À vérifier","À vérifier avant usage. Cette mesure n'a pas été retrouvée dans les rapports analysés et doit être confirmée avec le métier. Elle est conservée temporairement pour éviter de supprimer un calcul potentiellement utile.","True","1176"
"Activité de développement et rehab.SemanticModel","Activité de développement et rehab\Activité de développement et rehab.SemanticModel\definition\tables\Mesure.tmdl","Taux Paiement HPP M-1","Taux Paiement HPP M-1","À vérifier","À vérifier avant usage. Cette mesure n'a pas été retrouvée dans les rapports analysés et doit être confirmée avec le métier. Elle est conservée temporairement pour éviter de supprimer un calcul potentiellement utile.","True","1182"
"Activité de développement et rehab.SemanticModel","Activité de développement et rehab\Activité de développement et rehab.SemanticModel\definition\tables\Mesure.tmdl","Taux Paiement HPP M-12","Taux Paiement HPP M-12","À vérifier","À vérifier avant usage. Cette mesure n'a pas été retrouvée dans les rapports analysés et doit être confirmée avec le métier. Elle est conservée temporairement pour éviter de supprimer un calcul potentiellement utile.","True","1188"
"Activité de développement et rehab.SemanticModel","Activité de développement et rehab\Activité de développement et rehab.SemanticModel\definition\tables\Mesure.tmdl","Taux_Mobilité_YoY_YTD_Dyn","Taux_Mobilité_YoY_YTD_Dyn","À vérifier","À vérifier avant usage. Cette mesure n'a pas été retrouvée dans les rapports analysés et doit être confirmée avec le métier. Elle est conservée temporairement pour éviter de supprimer un calcul potentiellement utile.","True","406"
"Activité de développement et rehab.SemanticModel","Activité de développement et rehab\Activité de développement et rehab.SemanticModel\definition\tables\Mesure.tmdl","test","test","À vérifier","À vérifier avant usage. Cette mesure n'a pas été retrouvée dans les rapports analysés et doit être confirmée avec le métier. Elle est conservée temporairement pour éviter de supprimer un calcul potentiellement utile.","True","2370"
"Activité de développement et rehab.SemanticModel","Activité de développement et rehab\Activité de développement et rehab.SemanticModel\definition\tables\Mesure.tmdl","Total logements","Total logements","À vérifier","À vérifier avant usage. Cette mesure n'a pas été retrouvée dans les rapports analysés et doit être confirmée avec le métier. Elle est conservée temporairement pour éviter de supprimer un calcul potentiellement utile.","True","1028"
"Activité de développement et rehab.SemanticModel","Activité de développement et rehab\Activité de développement et rehab.SemanticModel\definition\tables\Mesure.tmdl","TotalVacanceMEL_ug","TotalVacanceMEL_ug","À vérifier","À vérifier avant usage. Cette mesure n'a pas été retrouvée dans les rapports analysés et doit être confirmée avec le métier. Elle est conservée temporairement pour éviter de supprimer un calcul potentiellement utile.","True","1969"
"Activité de développement et rehab.SemanticModel","Activité de développement et rehab\Activité de développement et rehab.SemanticModel\definition\tables\Mesure.tmdl","Tx dématérialisation","Tx dématérialisation","À vérifier","À vérifier avant usage. Cette mesure n'a pas été retrouvée dans les rapports analysés et doit être confirmée avec le métier. Elle est conservée temporairement pour éviter de supprimer un calcul potentiellement utile.","True","2527"
"Activité de développement et rehab.SemanticModel","Activité de développement et rehab\Activité de développement et rehab.SemanticModel\definition\tables\Mesure.tmdl","Tx Encaissement HPP Soldes_CA_Operation N-1","Tx Encaissement HPP Soldes_CA_Operation N-1","À vérifier","À vérifier avant usage. Cette mesure n'a pas été retrouvée dans les rapports analysés et doit être confirmée avec le métier. Elle est conservée temporairement pour éviter de supprimer un calcul potentiellement utile.","True","619"
"Activité de développement et rehab.SemanticModel","Activité de développement et rehab\Activité de développement et rehab.SemanticModel\definition\tables\Mesure.tmdl","Tx Mutation","Tx Mutation","À vérifier","À vérifier avant usage. Cette mesure n'a pas été retrouvée dans les rapports analysés et doit être confirmée avec le métier. Elle est conservée temporairement pour éviter de supprimer un calcul potentiellement utile.","True","1758"
"Activité de développement et rehab.SemanticModel","Activité de développement et rehab\Activité de développement et rehab.SemanticModel\definition\tables\Mesure.tmdl","tx vac fi comm recalcul","tx vac fi comm recalcul","À vérifier","À vérifier avant usage. Cette mesure n'a pas été retrouvée dans les rapports analysés et doit être confirmée avec le métier. Elle est conservée temporairement pour éviter de supprimer un calcul potentiellement utile.","True","677"
"Activité de développement et rehab.SemanticModel","Activité de développement et rehab\Activité de développement et rehab.SemanticModel\definition\tables\Mesure.tmdl","Tx Vac Mensuelle","Tx Vac Mensuelle","À vérifier","À vérifier avant usage. Cette mesure n'a pas été retrouvée dans les rapports analysés et doit être confirmée avec le métier. Elle est conservée temporairement pour éviter de supprimer un calcul potentiellement utile.","True","348"
"Activité de développement et rehab.SemanticModel","Activité de développement et rehab\Activité de développement et rehab.SemanticModel\definition\tables\Mesure.tmdl","Tx Vac Mensuelle TxVacCommm","Tx Vac Mensuelle TxVacCommm","À vérifier","À vérifier avant usage. Cette mesure n'a pas été retrouvée dans les rapports analysés et doit être confirmée avec le métier. Elle est conservée temporairement pour éviter de supprimer un calcul potentiellement utile.","True","353"
"Activité de développement et rehab.SemanticModel","Activité de développement et rehab\Activité de développement et rehab.SemanticModel\definition\tables\Mesure.tmdl","Tx Vac Mensuelle TxVacMELm","Tx Vac Mensuelle TxVacMELm","À vérifier","À vérifier avant usage. Cette mesure n'a pas été retrouvée dans les rapports analysés et doit être confirmée avec le métier. Elle est conservée temporairement pour éviter de supprimer un calcul potentiellement utile.","True","359"
"Activité de développement et rehab.SemanticModel","Activité de développement et rehab\Activité de développement et rehab.SemanticModel\definition\tables\Mesure.tmdl","Tx Vac Mensuelle TxVacStratm","Tx Vac Mensuelle TxVacStratm","À vérifier","À vérifier avant usage. Cette mesure n'a pas été retrouvée dans les rapports analysés et doit être confirmée avec le métier. Elle est conservée temporairement pour éviter de supprimer un calcul potentiellement utile.","True","365"
"Activité de développement et rehab.SemanticModel","Activité de développement et rehab\Activité de développement et rehab.SemanticModel\definition\tables\Mesure.tmdl","Tx Vac Mensuelle TxVacTechm","Tx Vac Mensuelle TxVacTechm","À vérifier","À vérifier avant usage. Cette mesure n'a pas été retrouvée dans les rapports analysés et doit être confirmée avec le métier. Elle est conservée temporairement pour éviter de supprimer un calcul potentiellement utile.","True","371"
"Activité de développement et rehab.SemanticModel","Activité de développement et rehab\Activité de développement et rehab.SemanticModel\definition\tables\Mesure.tmdl","Tx_recouvrement_impayé","Tx_recouvrement_impayé","À vérifier","À vérifier avant usage. Cette mesure n'a pas été retrouvée dans les rapports analysés et doit être confirmée avec le métier. Elle est conservée temporairement pour éviter de supprimer un calcul potentiellement utile.","True","86"
"Activité de développement et rehab.SemanticModel","Activité de développement et rehab\Activité de développement et rehab.SemanticModel\definition\tables\Mesure.tmdl","Vacance Financière Commerce et Logement HC M","Vacance Financière Commerce et Logement HC M","À vérifier","À vérifier avant usage. Cette mesure n'a pas été retrouvée dans les rapports analysés et doit être confirmée avec le métier. Elle est conservée temporairement pour éviter de supprimer un calcul potentiellement utile.","True","2458"
"Activité de développement et rehab.SemanticModel","Activité de développement et rehab\Activité de développement et rehab.SemanticModel\definition\tables\Mesure.tmdl","Vacance Financière Commerce et Logement HC YTD","Vacance Financière Commerce et Logement HC YTD","À vérifier","À vérifier avant usage. Cette mesure n'a pas été retrouvée dans les rapports analysés et doit être confirmée avec le métier. Elle est conservée temporairement pour éviter de supprimer un calcul potentiellement utile.","True","2464"
"Activité de développement et rehab.SemanticModel","Activité de développement et rehab\Activité de développement et rehab.SemanticModel\definition\tables\Mesure.tmdl","Vacance financière commerciale COM","Vacance financière commerciale COM","À vérifier","À vérifier avant usage. Cette mesure n'a pas été retrouvée dans les rapports analysés et doit être confirmée avec le métier. Elle est conservée temporairement pour éviter de supprimer un calcul potentiellement utile.","True","2229"
"Activité de développement et rehab.SemanticModel","Activité de développement et rehab\Activité de développement et rehab.SemanticModel\definition\tables\Mesure.tmdl","Vacance Financière Commerciale COM YTD","Vacance Financière Commerciale COM YTD","À vérifier","À vérifier avant usage. Cette mesure n'a pas été retrouvée dans les rapports analysés et doit être confirmée avec le métier. Elle est conservée temporairement pour éviter de supprimer un calcul potentiellement utile.","True","2253"
"Activité de développement et rehab.SemanticModel","Activité de développement et rehab\Activité de développement et rehab.SemanticModel\definition\tables\Mesure.tmdl","Vacance Financière Stratégique COM","Vacance Financière Stratégique COM","À vérifier","À vérifier avant usage. Cette mesure n'a pas été retrouvée dans les rapports analysés et doit être confirmée avec le métier. Elle est conservée temporairement pour éviter de supprimer un calcul potentiellement utile.","True","2241"
"Activité de développement et rehab.SemanticModel","Activité de développement et rehab\Activité de développement et rehab.SemanticModel\definition\tables\Mesure.tmdl","Vacance Financière Stratégique COM YTD","Vacance Financière Stratégique COM YTD","À vérifier","À vérifier avant usage. Cette mesure n'a pas été retrouvée dans les rapports analysés et doit être confirmée avec le métier. Elle est conservée temporairement pour éviter de supprimer un calcul potentiellement utile.","True","2247"
"Activité de développement et rehab.SemanticModel","Activité de développement et rehab\Activité de développement et rehab.SemanticModel\definition\tables\Mesure.tmdl","vacance financière totale","vacance financière totale","À vérifier","À vérifier avant usage. Cette mesure n'a pas été retrouvée dans les rapports analysés et doit être confirmée avec le métier. Elle est conservée temporairement pour éviter de supprimer un calcul potentiellement utile.","True","383"
"Activité de développement et rehab.SemanticModel","Activité de développement et rehab\Activité de développement et rehab.SemanticModel\definition\tables\Mesure.tmdl","vacance mensuelle rali","vacance mensuelle rali","À vérifier","À vérifier avant usage. Cette mesure n'a pas été retrouvée dans les rapports analysés et doit être confirmée avec le métier. Elle est conservée temporairement pour éviter de supprimer un calcul potentiellement utile.","True","752"
"Activité de développement et rehab.SemanticModel","Activité de développement et rehab\Activité de développement et rehab.SemanticModel\definition\tables\Mesure.tmdl","VacanceFinanciereHCYTDRecalcule","VacanceFinanciereHCYTDRecalcule","À vérifier","À vérifier avant usage. Cette mesure n'a pas été retrouvée dans les rapports analysés et doit être confirmée avec le métier. Elle est conservée temporairement pour éviter de supprimer un calcul potentiellement utile.","True","814"
"Activité de développement et rehab.SemanticModel","Activité de développement et rehab\Activité de développement et rehab.SemanticModel\definition\tables\Mesure.tmdl","VacanceFinanciereYTD","VacanceFinanciereYTD","À vérifier","À vérifier avant usage. Cette mesure n'a pas été retrouvée dans les rapports analysés et doit être confirmée avec le métier. Elle est conservée temporairement pour éviter de supprimer un calcul potentiellement utile.","True","713"
"Activité de développement et rehab.SemanticModel","Activité de développement et rehab\Activité de développement et rehab.SemanticModel\definition\tables\Mesure.tmdl","VacanceFinancièreYTD_LastPériode","VacanceFinancièreYTD_LastPériode","À vérifier","À vérifier avant usage. Cette mesure n'a pas été retrouvée dans les rapports analysés et doit être confirmée avec le métier. Elle est conservée temporairement pour éviter de supprimer un calcul potentiellement utile.","True","4"
"Activité de développement et rehab.SemanticModel","Activité de développement et rehab\Activité de développement et rehab.SemanticModel\definition\tables\Mesure.tmdl","variation dette","variation dette","À vérifier","À vérifier avant usage. Cette mesure n'a pas été retrouvée dans les rapports analysés et doit être confirmée avec le métier. Elle est conservée temporairement pour éviter de supprimer un calcul potentiellement utile.","True","51"
"Activité de développement et rehab.SemanticModel","Activité de développement et rehab\Activité de développement et rehab.SemanticModel\definition\tables\Mesure.tmdl","Ventes","Ventes","À vérifier","À vérifier avant usage. Cette mesure n'a pas été retrouvée dans les rapports analysés et doit être confirmée avec le métier. Elle est conservée temporairement pour éviter de supprimer un calcul potentiellement utile.","True","589"
"Activité de développement et rehab.SemanticModel","Activité de développement et rehab\Activité de développement et rehab.SemanticModel\definition\tables\Mesure.tmdl","Ventes 2024","Ventes 2024","À vérifier","À vérifier avant usage. Cette mesure n'a pas été retrouvée dans les rapports analysés et doit être confirmée avec le métier. Elle est conservée temporairement pour éviter de supprimer un calcul potentiellement utile.","True","853"
"Pilotage Mensuelv3.SemanticModel","Pilotage MensuelV3 - Parent\Pilotage Mensuelv3.SemanticModel\definition\tables\Mesure.tmdl","Affaires non terminées ou annulées","Affaires non terminées ou annulées","Activité et qualité de service","Suit un volume d'activité ou un indicateur de qualité de service.","False","3157"
"Pilotage Mensuelv3.SemanticModel","Pilotage MensuelV3 - Parent\Pilotage Mensuelv3.SemanticModel\definition\tables\Mesure.tmdl","#AffairesTerminéesDansLesTemps","Affaires terminées dans les temps","Activité et qualité de service","Suit un volume d'activité ou un indicateur de qualité de service.","False","3128"
"Pilotage Mensuelv3.SemanticModel","Pilotage MensuelV3 - Parent\Pilotage Mensuelv3.SemanticModel\definition\tables\Mesure.tmdl","#AffairesTerminéesEnRetard","Affaires terminées en retard","Activité et qualité de service","Suit un volume d'activité ou un indicateur de qualité de service.","False","3133"
"Pilotage Mensuelv3.SemanticModel","Pilotage MensuelV3 - Parent\Pilotage Mensuelv3.SemanticModel\definition\tables\Mesure.tmdl","# Affaires","Nombre d'affaires","Activité et qualité de service","Suit un volume d'activité ou un indicateur de qualité de service.","False","3122"
"Pilotage Mensuelv3.SemanticModel","Pilotage MensuelV3 - Parent\Pilotage Mensuelv3.SemanticModel\definition\tables\Mesure.tmdl","# AffairesTraitées","Nombre d'affaires traitées","Activité et qualité de service","Suit un volume d'activité ou un indicateur de qualité de service.","False","3138"
"Pilotage Mensuelv3.SemanticModel","Pilotage MensuelV3 - Parent\Pilotage Mensuelv3.SemanticModel\definition\tables\Mesure.tmdl","Satisfaction annuelle","Satisfaction annuelle","Activité et qualité de service","Suit un volume d'activité ou un indicateur de qualité de service.","False","2030"
"Pilotage Mensuelv3.SemanticModel","Pilotage MensuelV3 - Parent\Pilotage Mensuelv3.SemanticModel\definition\tables\Mesure.tmdl","%AffairesTerminéesDansLesTemps","Taux d'affaires terminées dans les temps","Activité et qualité de service","Suit un volume d'activité ou un indicateur de qualité de service.","False","3144"
"Pilotage Mensuelv3.SemanticModel","Pilotage MensuelV3 - Parent\Pilotage Mensuelv3.SemanticModel\definition\tables\Mesure.tmdl","Nombre d'assurés","Nombre d'assurés","Assurances","Suit la couverture assurantielle des locataires ou des logements.","False","3266"
"Pilotage Mensuelv3.SemanticModel","Pilotage MensuelV3 - Parent\Pilotage Mensuelv3.SemanticModel\definition\tables\Mesure.tmdl","Tx d'assurés","Taux d'assurés","Assurances","Suit la couverture assurantielle des locataires ou des logements.","False","3248"
"Pilotage Mensuelv3.SemanticModel","Pilotage MensuelV3 - Parent\Pilotage Mensuelv3.SemanticModel\definition\tables\Mesure.tmdl","Tx d'assurés n-1","Taux d'assurés année précédente","Assurances","Suit la couverture assurantielle des locataires ou des logements. La comparaison se fait avec la même période de l'année précédente.","False","4562"
"Pilotage Mensuelv3.SemanticModel","Pilotage MensuelV3 - Parent\Pilotage Mensuelv3.SemanticModel\definition\tables\Mesure.tmdl","€ Dette","Dette","Dette et impayés","Indique une proportion liée aux impayés ou à l'évolution de la dette.","False","3979"
"Pilotage Mensuelv3.SemanticModel","Pilotage MensuelV3 - Parent\Pilotage Mensuelv3.SemanticModel\definition\tables\Mesure.tmdl","Impayé des Partis","Dette des locataires partis","Dette et impayés","Suit les montants restant dus, les impayés ou leur évolution.","False","4125"
"Pilotage Mensuelv3.SemanticModel","Pilotage MensuelV3 - Parent\Pilotage Mensuelv3.SemanticModel\definition\tables\Mesure.tmdl","Dette Partis M-1","Dette des locataires partis du mois précédent","Dette et impayés","Indique une proportion liée aux impayés ou à l'évolution de la dette. La comparaison se fait avec le mois précédent.","False","2432"
"Pilotage Mensuelv3.SemanticModel","Pilotage MensuelV3 - Parent\Pilotage Mensuelv3.SemanticModel\definition\tables\Mesure.tmdl","Impayé des présents","Dette des locataires présents","Dette et impayés","Suit les montants restant dus, les impayés ou leur évolution.","False","4119"
"Pilotage Mensuelv3.SemanticModel","Pilotage MensuelV3 - Parent\Pilotage Mensuelv3.SemanticModel\definition\tables\Mesure.tmdl","Dette Présents M-1","Dette des locataires présents du mois précédent","Dette et impayés","Indique une proportion liée aux impayés ou à l'évolution de la dette. La comparaison se fait avec le mois précédent.","False","2390"
"Pilotage Mensuelv3.SemanticModel","Pilotage MensuelV3 - Parent\Pilotage Mensuelv3.SemanticModel\definition\tables\Mesure.tmdl","€ Dette HPP","Dette hors passages en perte","Dette et impayés","Suit les montants restant dus, les impayés ou leur évolution. Le résultat est cumulé depuis le début de l'année.","False","4024"
"Pilotage Mensuelv3.SemanticModel","Pilotage MensuelV3 - Parent\Pilotage Mensuelv3.SemanticModel\definition\tables\Mesure.tmdl","Dette HPP M-1","Dette hors passages en perte du mois précédent","Dette et impayés","Suit les montants restant dus, les impayés ou leur évolution. La comparaison se fait avec le mois précédent.","False","4404"
"Pilotage Mensuelv3.SemanticModel","Pilotage MensuelV3 - Parent\Pilotage Mensuelv3.SemanticModel\definition\tables\Mesure.tmdl","Soldem_ca_operation_+ yc PP","Dette positive avec passages en perte","Dette et impayés","Indique une proportion liée aux impayés ou à l'évolution de la dette.","False","1374"
"Pilotage Mensuelv3.SemanticModel","Pilotage MensuelV3 - Parent\Pilotage Mensuelv3.SemanticModel\definition\tables\Mesure.tmdl","Soldem_ca_operation_+_Partis","Dette positive des locataires partis","Dette et impayés","Indique une proportion liée aux impayés ou à l'évolution de la dette.","False","2422"
"Pilotage Mensuelv3.SemanticModel","Pilotage MensuelV3 - Parent\Pilotage Mensuelv3.SemanticModel\definition\tables\Mesure.tmdl","Soldem_ca_operation_+_Present","Dette positive des locataires présents","Dette et impayés","Indique une proportion liée aux impayés ou à l'évolution de la dette.","False","742"
"Pilotage Mensuelv3.SemanticModel","Pilotage MensuelV3 - Parent\Pilotage Mensuelv3.SemanticModel\definition\tables\Mesure.tmdl","Soldem1_ca_operation_+","Dette positive du mois précédent","Dette et impayés","Indique une proportion liée aux impayés ou à l'évolution de la dette. La comparaison se fait avec le mois précédent.","False","213"
"Pilotage Mensuelv3.SemanticModel","Pilotage MensuelV3 - Parent\Pilotage Mensuelv3.SemanticModel\definition\tables\Mesure.tmdl","Soldem_ca_operation_+ hpp","Dette positive hors passages en perte","Dette et impayés","Indique une proportion liée aux impayés ou à l'évolution de la dette.","False","244"
"Pilotage Mensuelv3.SemanticModel","Pilotage MensuelV3 - Parent\Pilotage Mensuelv3.SemanticModel\definition\tables\Mesure.tmdl","Dette présents","Dette présents","Dette et impayés","Indique une proportion liée aux impayés ou à l'évolution de la dette.","False","2326"
"Pilotage Mensuelv3.SemanticModel","Pilotage MensuelV3 - Parent\Pilotage Mensuelv3.SemanticModel\definition\tables\Mesure.tmdl","MoisDecembrePrecedent","Mois de décembre précédent","Dette et impayés","Indique une proportion liée aux impayés ou à l'évolution de la dette.","False","2496"
"Pilotage Mensuelv3.SemanticModel","Pilotage MensuelV3 - Parent\Pilotage Mensuelv3.SemanticModel\definition\tables\Mesure.tmdl","€ Dette YTD","Montant Dette cumul annuel","Dette et impayés","Suit les montants restant dus, les impayés ou leur évolution. La comparaison se fait avec la même période de l'année précédente.","False","3985"
"Pilotage Mensuelv3.SemanticModel","Pilotage MensuelV3 - Parent\Pilotage Mensuelv3.SemanticModel\definition\tables\Mesure.tmdl","€ Dette M1","Montant Dette mois précédent","Dette et impayés","Suit les montants restant dus, les impayés ou leur évolution. La comparaison se fait avec le mois précédent.","False","4066"
"Pilotage Mensuelv3.SemanticModel","Pilotage MensuelV3 - Parent\Pilotage Mensuelv3.SemanticModel\definition\tables\Mesure.tmdl","MontantTotal3*Dette_SUMX","Montant total des dettes élevées","Dette et impayés","Indique une proportion liée aux impayés ou à l'évolution de la dette.","False","1070"
"Pilotage Mensuelv3.SemanticModel","Pilotage MensuelV3 - Parent\Pilotage Mensuelv3.SemanticModel\definition\tables\Mesure.tmdl","NombreCodeCADistinctsAvec3*Dette","Nombre de contrats avec dette élevée","Dette et impayés","Indique une proportion liée aux impayés ou à l'évolution de la dette.","False","1052"
"Pilotage Mensuelv3.SemanticModel","Pilotage MensuelV3 - Parent\Pilotage Mensuelv3.SemanticModel\definition\tables\Mesure.tmdl","Nb Foyers en impayé","Nombre de Foyers en impayé","Dette et impayés","Indique une proportion liée aux impayés ou à l'évolution de la dette.","False","1957"
"Pilotage Mensuelv3.SemanticModel","Pilotage MensuelV3 - Parent\Pilotage Mensuelv3.SemanticModel\definition\tables\Mesure.tmdl","Nb ménage en impayé","Nombre de ménages en impayé","Dette et impayés","Indique une proportion liée aux impayés ou à l'évolution de la dette.","False","1028"
"Pilotage Mensuelv3.SemanticModel","Pilotage MensuelV3 - Parent\Pilotage Mensuelv3.SemanticModel\definition\tables\Mesure.tmdl","Nombre endetté","Nombre endetté","Dette et impayés","Indique une proportion liée aux impayés ou à l'évolution de la dette.","False","3296"
"Pilotage Mensuelv3.SemanticModel","Pilotage MensuelV3 - Parent\Pilotage Mensuelv3.SemanticModel\definition\tables\Mesure.tmdl","€ PP","Passages en perte","Dette et impayés","Suit les montants restant dus, les impayés ou leur évolution.","False","3992"
"Pilotage Mensuelv3.SemanticModel","Pilotage MensuelV3 - Parent\Pilotage Mensuelv3.SemanticModel\definition\tables\Mesure.tmdl","€ PP YTD","Passages en perte cumulés annuels","Dette et impayés","Suit les montants restant dus, les impayés ou leur évolution. La comparaison se fait avec la même période de l'année précédente.","False","3999"
"Pilotage Mensuelv3.SemanticModel","Pilotage MensuelV3 - Parent\Pilotage Mensuelv3.SemanticModel\definition\tables\Mesure.tmdl","CumulPassagesEnPerteAnnuel","Passages en perte cumulés annuels historique","Dette et impayés","Suit les montants restant dus, les impayés ou leur évolution.","False","260"
"Pilotage Mensuelv3.SemanticModel","Pilotage MensuelV3 - Parent\Pilotage Mensuelv3.SemanticModel\definition\tables\Mesure.tmdl","% Croissance annuelle","Taux de croissance annuel","Dette et impayés","Indique une proportion liée aux impayés ou à l'évolution de la dette. Le résultat est cumulé depuis le début de l'année.","False","2519"
"Pilotage Mensuelv3.SemanticModel","Pilotage MensuelV3 - Parent\Pilotage Mensuelv3.SemanticModel\definition\tables\Mesure.tmdl","% Croissance annuelle Dette","Taux de croissance annuelle de la dette","Dette et impayés","Indique une proportion liée aux impayés ou à l'évolution de la dette. Le résultat est cumulé depuis le début de l'année.","False","4359"
"Pilotage Mensuelv3.SemanticModel","Pilotage MensuelV3 - Parent\Pilotage Mensuelv3.SemanticModel\definition\tables\Mesure.tmdl","% croissance_soldem_ca_operation_+_uniquement positif","Taux de croissance de la dette positive","Dette et impayés","Indique une proportion liée aux impayés ou à l'évolution de la dette.","False","3057"
"Pilotage Mensuelv3.SemanticModel","Pilotage MensuelV3 - Parent\Pilotage Mensuelv3.SemanticModel\definition\tables\Mesure.tmdl","% Croissance dette M","Taux de croissance mensuelle de la dette","Dette et impayés","Indique une proportion liée aux impayés ou à l'évolution de la dette.","False","4353"
"Pilotage Mensuelv3.SemanticModel","Pilotage MensuelV3 - Parent\Pilotage Mensuelv3.SemanticModel\definition\tables\Mesure.tmdl","% croissance_soldem_ca_operation_+","Taux de variation de la dette positive","Dette et impayés","Indique une proportion liée aux impayés ou à l'évolution de la dette.","False","254"
"Pilotage Mensuelv3.SemanticModel","Pilotage MensuelV3 - Parent\Pilotage Mensuelv3.SemanticModel\definition\tables\Mesure.tmdl","€ Croissance annuelle Dette","Variation annuelle de la dette","Dette et impayés","Suit les montants restant dus, les impayés ou leur évolution. Le résultat est cumulé depuis le début de l'année.","False","4043"
"Pilotage Mensuelv3.SemanticModel","Pilotage MensuelV3 - Parent\Pilotage Mensuelv3.SemanticModel\definition\tables\Mesure.tmdl","CroissanceSoldem_CA_Operation_YTD","Variation de dette cumulée annuelle","Dette et impayés","Indique une proportion liée aux impayés ou à l'évolution de la dette. Le résultat est cumulé depuis le début de l'année.","False","363"
"Pilotage Mensuelv3.SemanticModel","Pilotage MensuelV3 - Parent\Pilotage Mensuelv3.SemanticModel\definition\tables\Mesure.tmdl","€ Croissance Dette","Variation mensuelle de la dette","Dette et impayés","Suit les montants restant dus, les impayés ou leur évolution. La comparaison se fait avec le mois précédent.","False","4072"
"Pilotage Mensuelv3.SemanticModel","Pilotage MensuelV3 - Parent\Pilotage Mensuelv3.SemanticModel\definition\tables\Mesure.tmdl","€ Croissance soldem_ca_operation","Variation mensuelle de la dette historique","Dette et impayés","Indique une proportion liée aux impayés ou à l'évolution de la dette.","False","324"
"Pilotage Mensuelv3.SemanticModel","Pilotage MensuelV3 - Parent\Pilotage Mensuelv3.SemanticModel\definition\tables\Mesure.tmdl","CumulQuittancementsAnnuel","Cumul Quittancements Annuel","Encaissement et quittancement","Additionne les montants facturés, encaissés ou liés aux allocations.","False","1572"
"Pilotage Mensuelv3.SemanticModel","Pilotage MensuelV3 - Parent\Pilotage Mensuelv3.SemanticModel\definition\tables\Mesure.tmdl","Encaissement + alloc","Encaissement avec allocations","Encaissement et quittancement","Suit la part des sommes encaissées par rapport aux sommes attendues.","False","1022"
"Pilotage Mensuelv3.SemanticModel","Pilotage MensuelV3 - Parent\Pilotage Mensuelv3.SemanticModel\definition\tables\Mesure.tmdl","Encaissement + AL","Encaissement avec allocations logement","Encaissement et quittancement","Suit la part des sommes encaissées par rapport aux sommes attendues.","False","2343"
"Pilotage Mensuelv3.SemanticModel","Pilotage MensuelV3 - Parent\Pilotage Mensuelv3.SemanticModel\definition\tables\Mesure.tmdl","Encaissements + AL cumulés","Encaissements avec allocations logement cumulés","Encaissement et quittancement","Suit la part des sommes encaissées par rapport aux sommes attendues.","False","2195"
"Pilotage Mensuelv3.SemanticModel","Pilotage MensuelV3 - Parent\Pilotage Mensuelv3.SemanticModel\definition\tables\Mesure.tmdl","€ Quittancement M-1","Montant Quittancement mois précédent","Encaissement et quittancement","Additionne les montants facturés, encaissés ou liés aux allocations. La comparaison se fait avec le mois précédent.","False","4536"
"Pilotage Mensuelv3.SemanticModel","Pilotage MensuelV3 - Parent\Pilotage Mensuelv3.SemanticModel\definition\tables\Mesure.tmdl","NbCA_AL","Nombre de contrats avec allocation logement","Encaissement et quittancement","Additionne les montants facturés, encaissés ou liés aux allocations.","False","967"
"Pilotage Mensuelv3.SemanticModel","Pilotage MensuelV3 - Parent\Pilotage Mensuelv3.SemanticModel\definition\tables\Mesure.tmdl","Nombre de ménages AL","Nombre de ménages AL","Encaissement et quittancement","Additionne les montants facturés, encaissés ou liés aux allocations.","False","1473"
"Pilotage Mensuelv3.SemanticModel","Pilotage MensuelV3 - Parent\Pilotage Mensuelv3.SemanticModel\definition\tables\Mesure.tmdl","Quittancé YTD m1","Quittancé cumul annuel mois précédent","Encaissement et quittancement","Additionne les montants facturés, encaissés ou liés aux allocations. La comparaison se fait avec le mois précédent.","False","2907"
"Pilotage Mensuelv3.SemanticModel","Pilotage MensuelV3 - Parent\Pilotage Mensuelv3.SemanticModel\definition\tables\Mesure.tmdl","€ Quittancement","Quittancement","Encaissement et quittancement","Additionne les montants facturés, encaissés ou liés aux allocations.","False","4030"
"Pilotage Mensuelv3.SemanticModel","Pilotage MensuelV3 - Parent\Pilotage Mensuelv3.SemanticModel\definition\tables\Mesure.tmdl","€ Quittancement YTD","Quittancement cumulé annuel","Encaissement et quittancement","Additionne les montants facturés, encaissés ou liés aux allocations. La comparaison se fait avec la même période de l'année précédente.","False","4036"
"Pilotage Mensuelv3.SemanticModel","Pilotage MensuelV3 - Parent\Pilotage Mensuelv3.SemanticModel\definition\tables\Mesure.tmdl","CumulQuitm_CA_Operation_YTD","Quittancement cumulé annuel historique","Encaissement et quittancement","Additionne les montants facturés, encaissés ou liés aux allocations. Le résultat est cumulé depuis le début de l'année.","False","407"
"Pilotage Mensuelv3.SemanticModel","Pilotage MensuelV3 - Parent\Pilotage Mensuelv3.SemanticModel\definition\tables\Mesure.tmdl","Quittancement hors AL (M-1)","Quittancement hors AL (mois précédent)","Encaissement et quittancement","Additionne les montants facturés, encaissés ou liés aux allocations. La comparaison se fait avec le mois précédent.","False","2551"
"Pilotage Mensuelv3.SemanticModel","Pilotage MensuelV3 - Parent\Pilotage Mensuelv3.SemanticModel\definition\tables\Mesure.tmdl","€ Quittancement YTD Logement","Quittancement logements cumulé annuel","Encaissement et quittancement","Additionne les montants facturés, encaissés ou liés aux allocations. La comparaison se fait avec la même période de l'année précédente.","False","4197"
"Pilotage Mensuelv3.SemanticModel","Pilotage MensuelV3 - Parent\Pilotage Mensuelv3.SemanticModel\definition\tables\Mesure.tmdl","€ Quittancement logements et commerces YTD","Quittancement logements et commerces cumulé annuel","Encaissement et quittancement","Additionne les montants facturés, encaissés ou liés aux allocations. La comparaison se fait avec la même période de l'année précédente.","False","4456"
"Pilotage Mensuelv3.SemanticModel","Pilotage MensuelV3 - Parent\Pilotage Mensuelv3.SemanticModel\definition\tables\Mesure.tmdl","€ Quittancement logements et commerces M","Quittancement logements et commerces mensuel","Encaissement et quittancement","Additionne les montants facturés, encaissés ou liés aux allocations.","False","4449"
"Pilotage Mensuelv3.SemanticModel","Pilotage MensuelV3 - Parent\Pilotage Mensuelv3.SemanticModel\definition\tables\Mesure.tmdl","Quittancement Logements M","Quittancement logements mensuel","Encaissement et quittancement","Additionne les montants facturés, encaissés ou liés aux allocations.","False","4210"
"Pilotage Mensuelv3.SemanticModel","Pilotage MensuelV3 - Parent\Pilotage Mensuelv3.SemanticModel\definition\tables\Mesure.tmdl","€ Quitm_ca_operation","Quittancement mensuel","Encaissement et quittancement","Additionne les montants facturés, encaissés ou liés aux allocations.","False","351"
"Pilotage Mensuelv3.SemanticModel","Pilotage MensuelV3 - Parent\Pilotage Mensuelv3.SemanticModel\definition\tables\Mesure.tmdl","Quittancement_m1_Crediteurs","Quittancement mois précédent Crediteurs","Encaissement et quittancement","Additionne les montants facturés, encaissés ou liés aux allocations. La comparaison se fait avec le mois précédent.","False","2828"
"Pilotage Mensuelv3.SemanticModel","Pilotage MensuelV3 - Parent\Pilotage Mensuelv3.SemanticModel\definition\tables\Mesure.tmdl","Quittancement_m1_Débiteurs","Quittancement mois précédent Débiteurs","Encaissement et quittancement","Additionne les montants facturés, encaissés ou liés aux allocations. La comparaison se fait avec le mois précédent.","False","2797"
"Pilotage Mensuelv3.SemanticModel","Pilotage MensuelV3 - Parent\Pilotage Mensuelv3.SemanticModel\definition\tables\Mesure.tmdl","Quittancement_m1_Soldés","Quittancement mois précédent Soldés","Encaissement et quittancement","Additionne les montants facturés, encaissés ou liés aux allocations. La comparaison se fait avec le mois précédent.","False","2857"
"Pilotage Mensuelv3.SemanticModel","Pilotage MensuelV3 - Parent\Pilotage Mensuelv3.SemanticModel\definition\tables\Mesure.tmdl","Quittancement_m1_Total","Quittancement mois précédent Total","Encaissement et quittancement","Additionne les montants facturés, encaissés ou liés aux allocations. La comparaison se fait avec le mois précédent.","False","2886"
"Pilotage Mensuelv3.SemanticModel","Pilotage MensuelV3 - Parent\Pilotage Mensuelv3.SemanticModel\definition\tables\Mesure.tmdl","Quittancement_m1_Total_Cumule_Annuel","Quittancement mois précédent Total Cumule Annuel","Encaissement et quittancement","Additionne les montants facturés, encaissés ou liés aux allocations. La comparaison se fait avec le mois précédent.","False","2971"
"Pilotage Mensuelv3.SemanticModel","Pilotage MensuelV3 - Parent\Pilotage Mensuelv3.SemanticModel\definition\tables\Mesure.tmdl","Règlements","Règlements","Encaissement et quittancement","Additionne les montants facturés, encaissés ou liés aux allocations.","False","1740"
"Pilotage Mensuelv3.SemanticModel","Pilotage MensuelV3 - Parent\Pilotage Mensuelv3.SemanticModel\definition\tables\Mesure.tmdl","Règlements HPP","Règlements hors passages en perte","Encaissement et quittancement","Additionne les montants facturés, encaissés ou liés aux allocations.","False","2538"
"Pilotage Mensuelv3.SemanticModel","Pilotage MensuelV3 - Parent\Pilotage Mensuelv3.SemanticModel\definition\tables\Mesure.tmdl","Règlements HPP M-12","Règlements hors passages en perte douze mois avant","Encaissement et quittancement","Additionne les montants facturés, encaissés ou liés aux allocations. La comparaison se fait avec le mois précédent.","False","2585"
"Pilotage Mensuelv3.SemanticModel","Pilotage MensuelV3 - Parent\Pilotage Mensuelv3.SemanticModel\definition\tables\Mesure.tmdl","Règlements HPP M-1","Règlements hors passages en perte mois précédent","Encaissement et quittancement","Additionne les montants facturés, encaissés ou liés aux allocations. La comparaison se fait avec le mois précédent.","False","2571"
"Pilotage Mensuelv3.SemanticModel","Pilotage MensuelV3 - Parent\Pilotage Mensuelv3.SemanticModel\definition\tables\Mesure.tmdl","Règlements locataires","Règlements locataires","Encaissement et quittancement","Additionne les montants facturés, encaissés ou liés aux allocations.","False","2525"
"Pilotage Mensuelv3.SemanticModel","Pilotage MensuelV3 - Parent\Pilotage Mensuelv3.SemanticModel\definition\tables\Mesure.tmdl","Tx Croissance M-12 (%)","Taux de croissance douze mois avant","Encaissement et quittancement","Suit la part des sommes encaissées par rapport aux sommes attendues. La comparaison se fait avec le mois précédent.","False","2619"
"Pilotage Mensuelv3.SemanticModel","Pilotage MensuelV3 - Parent\Pilotage Mensuelv3.SemanticModel\definition\tables\Mesure.tmdl","Tx Croissance M-1 (%)","Taux de croissance du mois précédent","Encaissement et quittancement","Suit la part des sommes encaissées par rapport aux sommes attendues. La comparaison se fait avec le mois précédent.","False","2603"
"Pilotage Mensuelv3.SemanticModel","Pilotage MensuelV3 - Parent\Pilotage Mensuelv3.SemanticModel\definition\tables\Mesure.tmdl","Taux Règlements HPP CB M","Taux de règlements CB mensuel hors passages en perte","Encaissement et quittancement","Suit la part des sommes encaissées par rapport aux sommes attendues.","False","2778"
"Pilotage Mensuelv3.SemanticModel","Pilotage MensuelV3 - Parent\Pilotage Mensuelv3.SemanticModel\definition\tables\Mesure.tmdl","Taux Règlements HPP Espèces M","Taux de règlements en espèces mensuel hors passages en perte","Encaissement et quittancement","Suit la part des sommes encaissées par rapport aux sommes attendues.","False","2683"
"Pilotage Mensuelv3.SemanticModel","Pilotage MensuelV3 - Parent\Pilotage Mensuelv3.SemanticModel\definition\tables\Mesure.tmdl","Taux Règlements HPP IBAN M","Taux de règlements IBAN mensuel hors passages en perte","Encaissement et quittancement","Suit la part des sommes encaissées par rapport aux sommes attendues.","False","2702"
"Pilotage Mensuelv3.SemanticModel","Pilotage MensuelV3 - Parent\Pilotage Mensuelv3.SemanticModel\definition\tables\Mesure.tmdl","Taux Règlements HPP Chèque M","Taux de règlements par chèque mensuel hors passages en perte","Encaissement et quittancement","Suit la part des sommes encaissées par rapport aux sommes attendues.","False","2759"
"Pilotage Mensuelv3.SemanticModel","Pilotage MensuelV3 - Parent\Pilotage Mensuelv3.SemanticModel\definition\tables\Mesure.tmdl","Taux Règlements HPP Prélèvements M","Taux de règlements par prélèvement mensuel hors passages en perte","Encaissement et quittancement","Suit la part des sommes encaissées par rapport aux sommes attendues.","False","2721"
"Pilotage Mensuelv3.SemanticModel","Pilotage MensuelV3 - Parent\Pilotage Mensuelv3.SemanticModel\definition\tables\Mesure.tmdl","Taux Règlements HPP Virements M","Taux de règlements par virement mensuel hors passages en perte","Encaissement et quittancement","Suit la part des sommes encaissées par rapport aux sommes attendues.","False","2740"
"Pilotage Mensuelv3.SemanticModel","Pilotage MensuelV3 - Parent\Pilotage Mensuelv3.SemanticModel\definition\tables\Mesure.tmdl","Taux d'encaissement YTD DTP Corrigé","Taux d'encaissement cumul annuel DTP Corrigé","Encaissement et quittancement","Suit la part des sommes encaissées par rapport aux sommes attendues. Le résultat est cumulé depuis le début de l'année.","False","3033"
"Pilotage Mensuelv3.SemanticModel","Pilotage MensuelV3 - Parent\Pilotage Mensuelv3.SemanticModel\definition\tables\Mesure.tmdl","Taux Encaissement YTD","Taux d'encaissement cumulé annuel","Encaissement et quittancement","Suit la part des sommes encaissées par rapport aux sommes attendues. Le résultat est cumulé depuis le début de l'année.","False","4055"
"Pilotage Mensuelv3.SemanticModel","Pilotage MensuelV3 - Parent\Pilotage Mensuelv3.SemanticModel\definition\tables\Mesure.tmdl","% Taux Encaissement YTD LY","Taux d'encaissement cumulé annuel année précédente","Encaissement et quittancement","Suit la part des sommes encaissées par rapport aux sommes attendues. La comparaison se fait avec la même période de l'année précédente.","False","4107"
"Pilotage Mensuelv3.SemanticModel","Pilotage MensuelV3 - Parent\Pilotage Mensuelv3.SemanticModel\definition\tables\Mesure.tmdl","% Taux Encaissement YTD M-1","Taux d'encaissement cumulé annuel du mois précédent","Encaissement et quittancement","Suit la part des sommes encaissées par rapport aux sommes attendues. La comparaison se fait avec le mois précédent.","False","4723"
"Pilotage Mensuelv3.SemanticModel","Pilotage MensuelV3 - Parent\Pilotage Mensuelv3.SemanticModel\definition\tables\Mesure.tmdl","tx encaissement YTD","Taux d'encaissement cumulé annuel historique","Encaissement et quittancement","Suit la part des sommes encaissées par rapport aux sommes attendues. Le résultat est cumulé depuis le début de l'année.","False","415"
"Pilotage Mensuelv3.SemanticModel","Pilotage MensuelV3 - Parent\Pilotage Mensuelv3.SemanticModel\definition\tables\Mesure.tmdl","Tx Encaissement hpp soldes_ca_operation","Taux d'encaissement hors passages en perte","Encaissement et quittancement","Suit la part des sommes encaissées par rapport aux sommes attendues.","False","357"
"Pilotage Mensuelv3.SemanticModel","Pilotage MensuelV3 - Parent\Pilotage Mensuelv3.SemanticModel\definition\tables\Mesure.tmdl","% Taux Encaissement Mensuel","Taux d'encaissement mensuel","Encaissement et quittancement","Suit la part des sommes encaissées par rapport aux sommes attendues.","False","4096"
"Pilotage Mensuelv3.SemanticModel","Pilotage MensuelV3 - Parent\Pilotage Mensuelv3.SemanticModel\definition\tables\Mesure.tmdl","% Taux Encaissement Mensuel LY","Taux d'encaissement mensuel année précédente","Encaissement et quittancement","Suit la part des sommes encaissées par rapport aux sommes attendues. La comparaison se fait avec la même période de l'année précédente.","False","4113"
"Pilotage Mensuelv3.SemanticModel","Pilotage MensuelV3 - Parent\Pilotage Mensuelv3.SemanticModel\definition\tables\Mesure.tmdl","Taux d'encaissement mensuel DTP Corrigé","Taux d'encaissement mensuel DTP Corrigé","Encaissement et quittancement","Suit la part des sommes encaissées par rapport aux sommes attendues.","False","3039"
"Pilotage Mensuelv3.SemanticModel","Pilotage MensuelV3 - Parent\Pilotage Mensuelv3.SemanticModel\definition\tables\Mesure.tmdl","Tx Encaissement YTD N-1","Taux Encaissement cumul annuel année précédente","Encaissement et quittancement","Suit la part des sommes encaissées par rapport aux sommes attendues. La comparaison se fait avec la même période de l'année précédente.","False","1417"
"Pilotage Mensuelv3.SemanticModel","Pilotage MensuelV3 - Parent\Pilotage Mensuelv3.SemanticModel\definition\tables\Mesure.tmdl","tx encaissement YTD recalculé","Taux encaissement cumul annuel recalculé","Encaissement et quittancement","Suit la part des sommes encaissées par rapport aux sommes attendues. Le résultat est cumulé depuis le début de l'année.","False","1604"
"Pilotage Mensuelv3.SemanticModel","Pilotage MensuelV3 - Parent\Pilotage Mensuelv3.SemanticModel\definition\tables\Mesure.tmdl","Taux RALI YTD","Taux RALI cumul annuel","Encaissement et quittancement","Suit la part des sommes encaissées par rapport aux sommes attendues. Le résultat est cumulé depuis le début de l'année.","False","3051"
"Pilotage Mensuelv3.SemanticModel","Pilotage MensuelV3 - Parent\Pilotage Mensuelv3.SemanticModel\definition\tables\Mesure.tmdl","Taux RALI mensuel","Taux RALI mensuel","Encaissement et quittancement","Suit la part des sommes encaissées par rapport aux sommes attendues.","False","3045"
"Pilotage Mensuelv3.SemanticModel","Pilotage MensuelV3 - Parent\Pilotage Mensuelv3.SemanticModel\definition\tables\Mesure.tmdl","Structures collectives","Structures collectives","Indicateurs généraux","Indicateur métier utilisé pour le pilotage.","False","2125"
"Pilotage Mensuelv3.SemanticModel","Pilotage MensuelV3 - Parent\Pilotage Mensuelv3.SemanticModel\definition\tables\Mesure.tmdl","obj_2024_dette","Objectif 2024 de dette","Objectifs","Sert à comparer un résultat à un objectif de pilotage. Le résultat est cumulé depuis le début de l'année.","False","1173"
"Pilotage Mensuelv3.SemanticModel","Pilotage MensuelV3 - Parent\Pilotage Mensuelv3.SemanticModel\definition\tables\Mesure.tmdl","obj_2024-vacancefi","Objectif 2024 de vacance financière","Objectifs","Sert à comparer un résultat à un objectif de pilotage. Le résultat est cumulé depuis le début de l'année.","False","1179"
"Pilotage Mensuelv3.SemanticModel","Pilotage MensuelV3 - Parent\Pilotage Mensuelv3.SemanticModel\definition\tables\Mesure.tmdl","Objectif Plafond Annuel Dette Loc","Objectif annuel de dette locataires","Objectifs","Sert à comparer un résultat à un objectif de pilotage.","False","421"
"Pilotage Mensuelv3.SemanticModel","Pilotage MensuelV3 - Parent\Pilotage Mensuelv3.SemanticModel\definition\tables\Mesure.tmdl","Obj_entrees_salaries","Objectif d'entrées de salariés","Objectifs","Sert à comparer un résultat à un objectif de pilotage.","False","1235"
"Pilotage Mensuelv3.SemanticModel","Pilotage MensuelV3 - Parent\Pilotage Mensuelv3.SemanticModel\definition\tables\Mesure.tmdl","objectif intéressement tx encaissement","Objectif intéressement Taux encaissement","Objectifs","Sert à comparer un résultat à un objectif de pilotage.","False","1247"
"Pilotage Mensuelv3.SemanticModel","Pilotage MensuelV3 - Parent\Pilotage Mensuelv3.SemanticModel\definition\tables\Mesure.tmdl","objectif intéressement tx vac fi com lgt","Objectif intéressement Taux vacance financière commerces logements","Objectifs","Sert à comparer un résultat à un objectif de pilotage.","False","1253"
"Pilotage Mensuelv3.SemanticModel","Pilotage MensuelV3 - Parent\Pilotage Mensuelv3.SemanticModel\definition\tables\Mesure.tmdl","Objectif_Total_Dette","Objectif total de dette","Objectifs","Sert à comparer un résultat à un objectif de pilotage. Le résultat est cumulé depuis le début de l'année.","False","1185"
"Pilotage Mensuelv3.SemanticModel","Pilotage MensuelV3 - Parent\Pilotage Mensuelv3.SemanticModel\definition\tables\Mesure.tmdl","Objectif_Total_Vacance","Objectif total de vacance","Objectifs","Sert à comparer un résultat à un objectif de pilotage. Le résultat est cumulé depuis le début de l'année.","False","1210"
"Pilotage Mensuelv3.SemanticModel","Pilotage MensuelV3 - Parent\Pilotage Mensuelv3.SemanticModel\definition\tables\Mesure.tmdl","Plafond_mutation","Plafond mutation","Objectifs","Sert à comparer un résultat à un objectif de pilotage.","False","3319"
"Pilotage Mensuelv3.SemanticModel","Pilotage MensuelV3 - Parent\Pilotage Mensuelv3.SemanticModel\definition\tables\Mesure.tmdl","Ratio intéressement encaissement","Ratio intéressement encaissement","Objectifs","Sert à comparer un résultat à un objectif de pilotage. Le résultat est cumulé depuis le début de l'année.","False","1259"
"Pilotage Mensuelv3.SemanticModel","Pilotage MensuelV3 - Parent\Pilotage Mensuelv3.SemanticModel\definition\tables\Mesure.tmdl","Ratio intéressement vac fi com","Ratio intéressement vacance financière commerces","Objectifs","Sert à comparer un résultat à un objectif de pilotage. Le résultat est cumulé depuis le début de l'année.","False","1265"
"Pilotage Mensuelv3.SemanticModel","Pilotage MensuelV3 - Parent\Pilotage Mensuelv3.SemanticModel\definition\tables\Mesure.tmdl","Ratio mutation","Ratio mutation","Objectifs","Sert à comparer un résultat à un objectif de pilotage. Le résultat est cumulé depuis le début de l'année.","False","3325"
"Pilotage Mensuelv3.SemanticModel","Pilotage MensuelV3 - Parent\Pilotage Mensuelv3.SemanticModel\definition\tables\Mesure.tmdl","Dep_object_salaries","Taux d'atteinte de l'objectif d'entrées de salariés","Objectifs","Sert à comparer un résultat à un objectif de pilotage. Le résultat est cumulé depuis le début de l'année.","False","1241"
"Pilotage Mensuelv3.SemanticModel","Pilotage MensuelV3 - Parent\Pilotage Mensuelv3.SemanticModel\definition\tables\Mesure.tmdl","% Dép objectif dette loc YTD","Taux d'atteinte de l'objectif dette locataires cumulé annuel","Objectifs","Sert à comparer un résultat à un objectif de pilotage. Le résultat est cumulé depuis le début de l'année.","False","1167"
"Pilotage Mensuelv3.SemanticModel","Pilotage MensuelV3 - Parent\Pilotage Mensuelv3.SemanticModel\definition\tables\Mesure.tmdl","% Dép obj vacance logement","Taux d'atteinte de l'objectif vacance logements","Objectifs","Sert à comparer un résultat à un objectif de pilotage. Le résultat est cumulé depuis le début de l'année.","False","1161"
"Pilotage Mensuelv3.SemanticModel","Pilotage MensuelV3 - Parent\Pilotage Mensuelv3.SemanticModel\definition\tables\Mesure.tmdl","Variation de Ratio intéressement vac fi com par xAgence","Variation du ratio d'intéressement vacance financière par agence","Objectifs","Sert à comparer un résultat à un objectif de pilotage.","False","1295"
"Pilotage Mensuelv3.SemanticModel","Pilotage MensuelV3 - Parent\Pilotage Mensuelv3.SemanticModel\definition\tables\Mesure.tmdl","Cible entrées salariés","Cible entrées salariés","Occupation et mobilité","Mesure la part ou le rythme des mouvements d'occupation.","False","3882"
"Pilotage Mensuelv3.SemanticModel","Pilotage MensuelV3 - Parent\Pilotage Mensuelv3.SemanticModel\definition\tables\Mesure.tmdl","Entrées YTD","Entrées cumulées annuelles historiques","Occupation et mobilité","Compte les entrées, sorties ou mouvements des locataires. Le résultat est cumulé depuis le début de l'année.","False","678"
"Pilotage Mensuelv3.SemanticModel","Pilotage MensuelV3 - Parent\Pilotage Mensuelv3.SemanticModel\definition\tables\Mesure.tmdl","Entrées salariés","Entrées de salariés","Occupation et mobilité","Compte les entrées, sorties ou mouvements des locataires.","False","1146"
"Pilotage Mensuelv3.SemanticModel","Pilotage MensuelV3 - Parent\Pilotage Mensuelv3.SemanticModel\definition\tables\Mesure.tmdl","Entrées salariés YTD","Entrées de salariés cumulées annuelles","Occupation et mobilité","Compte les entrées, sorties ou mouvements des locataires. Le résultat est cumulé depuis le début de l'année.","False","1128"
"Pilotage Mensuelv3.SemanticModel","Pilotage MensuelV3 - Parent\Pilotage Mensuelv3.SemanticModel\definition\tables\Mesure.tmdl","Entrées en 2025","Entrées en 2025","Occupation et mobilité","Compte les entrées, sorties ou mouvements des locataires. Le résultat est cumulé depuis le début de l'année.","False","4592"
"Pilotage Mensuelv3.SemanticModel","Pilotage MensuelV3 - Parent\Pilotage Mensuelv3.SemanticModel\definition\tables\Mesure.tmdl","# Entrées LOC YTD","Entrées locataires cumulées annuelles","Occupation et mobilité","Compte les entrées, sorties ou mouvements des locataires. La comparaison se fait avec la même période de l'année précédente.","False","4161"
"Pilotage Mensuelv3.SemanticModel","Pilotage MensuelV3 - Parent\Pilotage Mensuelv3.SemanticModel\definition\tables\Mesure.tmdl","Mobilité N-1","Mobilité année précédente","Occupation et mobilité","Mesure la part ou le rythme des mouvements d'occupation. La comparaison se fait avec la même période de l'année précédente.","False","4131"
"Pilotage Mensuelv3.SemanticModel","Pilotage MensuelV3 - Parent\Pilotage Mensuelv3.SemanticModel\definition\tables\Mesure.tmdl","Mobilité YTD","Mobilité cumul annuel","Occupation et mobilité","Mesure la part ou le rythme des mouvements d'occupation. Le résultat est cumulé depuis le début de l'année.","False","730"
"Pilotage Mensuelv3.SemanticModel","Pilotage MensuelV3 - Parent\Pilotage Mensuelv3.SemanticModel\definition\tables\Mesure.tmdl","Mobilité YTD new","Mobilité cumulée annuelle","Occupation et mobilité","Mesure la part ou le rythme des mouvements d'occupation. La comparaison se fait avec la même période de l'année précédente.","False","4143"
"Pilotage Mensuelv3.SemanticModel","Pilotage MensuelV3 - Parent\Pilotage Mensuelv3.SemanticModel\definition\tables\Mesure.tmdl","Mobilité m-1","Mobilité du mois précédent","Occupation et mobilité","Mesure la part ou le rythme des mouvements d'occupation. La comparaison se fait avec le mois précédent.","False","4747"
"Pilotage Mensuelv3.SemanticModel","Pilotage MensuelV3 - Parent\Pilotage Mensuelv3.SemanticModel\definition\tables\Mesure.tmdl","Mobilité mensuelle","Mobilité mensuelle","Occupation et mobilité","Mesure la part ou le rythme des mouvements d'occupation.","False","736"
"Pilotage Mensuelv3.SemanticModel","Pilotage MensuelV3 - Parent\Pilotage Mensuelv3.SemanticModel\definition\tables\Mesure.tmdl","Mobilité 12m","Mobilité sur douze mois","Occupation et mobilité","Mesure la part ou le rythme des mouvements d'occupation.","False","3313"
"Pilotage Mensuelv3.SemanticModel","Pilotage MensuelV3 - Parent\Pilotage Mensuelv3.SemanticModel\definition\tables\Mesure.tmdl","Mobilité 1a N-1","Mobilité sur douze mois année précédente","Occupation et mobilité","Mesure la part ou le rythme des mouvements d'occupation. La comparaison se fait avec la même période de l'année précédente.","False","4741"
"Pilotage Mensuelv3.SemanticModel","Pilotage MensuelV3 - Parent\Pilotage Mensuelv3.SemanticModel\definition\tables\Mesure.tmdl","Mobilité 1a","Mobilité sur un an","Occupation et mobilité","Mesure la part ou le rythme des mouvements d'occupation.","False","4137"
"Pilotage Mensuelv3.SemanticModel","Pilotage MensuelV3 - Parent\Pilotage Mensuelv3.SemanticModel\definition\tables\Mesure.tmdl","Mutation","Mutation","Occupation et mobilité","Compte les entrées, sorties ou mouvements des locataires.","False","3211"
"Pilotage Mensuelv3.SemanticModel","Pilotage MensuelV3 - Parent\Pilotage Mensuelv3.SemanticModel\definition\tables\Mesure.tmdl","Mutations YTD","Mutations cumul annuel","Occupation et mobilité","Compte les entrées, sorties ou mouvements des locataires. Le résultat est cumulé depuis le début de l'année.","False","3217"
"Pilotage Mensuelv3.SemanticModel","Pilotage MensuelV3 - Parent\Pilotage Mensuelv3.SemanticModel\definition\tables\Mesure.tmdl","# Mutations YTD","Mutations cumulées annuelles","Occupation et mobilité","Compte les entrées, sorties ou mouvements des locataires. La comparaison se fait avec la même période de l'année précédente.","False","4149"
"Pilotage Mensuelv3.SemanticModel","Pilotage MensuelV3 - Parent\Pilotage Mensuelv3.SemanticModel\definition\tables\Mesure.tmdl","# Sorties","Nombre de sorties","Occupation et mobilité","Compte les entrées, sorties ou mouvements des locataires.","False","484"
"Pilotage Mensuelv3.SemanticModel","Pilotage MensuelV3 - Parent\Pilotage Mensuelv3.SemanticModel\definition\tables\Mesure.tmdl","# Entrées","Nombre d'entrées","Occupation et mobilité","Compte les entrées, sorties ou mouvements des locataires.","False","478"
"Pilotage Mensuelv3.SemanticModel","Pilotage MensuelV3 - Parent\Pilotage Mensuelv3.SemanticModel\definition\tables\Mesure.tmdl","# Entrées YTD","Nombre d'entrées cumulées annuelles","Occupation et mobilité","Compte les entrées, sorties ou mouvements des locataires. La comparaison se fait avec la même période de l'année précédente.","False","4155"
"Pilotage Mensuelv3.SemanticModel","Pilotage MensuelV3 - Parent\Pilotage Mensuelv3.SemanticModel\definition\tables\Mesure.tmdl","# Entrées Salariés YTD","Nombre d'entrées de salariés cumulées annuelles","Occupation et mobilité","Compte les entrées, sorties ou mouvements des locataires. La comparaison se fait avec la même période de l'année précédente.","False","4167"
"Pilotage Mensuelv3.SemanticModel","Pilotage MensuelV3 - Parent\Pilotage Mensuelv3.SemanticModel\definition\tables\Mesure.tmdl","Sorties YTD","Sorties cumul annuel","Occupation et mobilité","Compte les entrées, sorties ou mouvements des locataires. La comparaison se fait avec la même période de l'année précédente.","False","4012"
"Pilotage Mensuelv3.SemanticModel","Pilotage MensuelV3 - Parent\Pilotage Mensuelv3.SemanticModel\definition\tables\Mesure.tmdl","Sorties_YTD","Sorties cumulées annuelles","Occupation et mobilité","Compte les entrées, sorties ou mouvements des locataires. Le résultat est cumulé depuis le début de l'année.","False","713"
"Pilotage Mensuelv3.SemanticModel","Pilotage MensuelV3 - Parent\Pilotage Mensuelv3.SemanticModel\definition\tables\Mesure.tmdl","Sorties_12M","Sorties sur douze mois","Occupation et mobilité","Compte les entrées, sorties ou mouvements des locataires.","False","988"
"Pilotage Mensuelv3.SemanticModel","Pilotage MensuelV3 - Parent\Pilotage Mensuelv3.SemanticModel\definition\tables\Mesure.tmdl","Tx de mutation YTD","Taux de mutation cumul annuel","Occupation et mobilité","Mesure la part ou le rythme des mouvements d'occupation. Le résultat est cumulé depuis le début de l'année.","False","3240"
"Pilotage Mensuelv3.SemanticModel","Pilotage MensuelV3 - Parent\Pilotage Mensuelv3.SemanticModel\definition\tables\Mesure.tmdl","% Entrées Salariés YTD","Taux Entrées Salariés cumul annuel","Occupation et mobilité","Mesure la part ou le rythme des mouvements d'occupation. Le résultat est cumulé depuis le début de l'année.","False","782"
"Pilotage Mensuelv3.SemanticModel","Pilotage MensuelV3 - Parent\Pilotage Mensuelv3.SemanticModel\definition\tables\Mesure.tmdl","Age","Age","Patrimoine","Compte des éléments du patrimoine comme les logements, commerces, bâtiments ou unités de gestion.","False","2255"
"Pilotage Mensuelv3.SemanticModel","Pilotage MensuelV3 - Parent\Pilotage Mensuelv3.SemanticModel\definition\tables\Mesure.tmdl","GH","GH","Patrimoine","Compte des éléments du patrimoine comme les logements, commerces, bâtiments ou unités de gestion.","False","2189"
"Pilotage Mensuelv3.SemanticModel","Pilotage MensuelV3 - Parent\Pilotage Mensuelv3.SemanticModel\definition\tables\Mesure.tmdl","Indice de densité urbaine","Indice de densité urbaine","Patrimoine","Suit un indicateur descriptif du patrimoine.","False","4503"
"Pilotage Mensuelv3.SemanticModel","Pilotage MensuelV3 - Parent\Pilotage Mensuelv3.SemanticModel\definition\tables\Mesure.tmdl","Livraisons cumulées","Livraisons cumulées","Patrimoine","Compte des éléments du patrimoine comme les logements, commerces, bâtiments ou unités de gestion. La comparaison se fait avec la même période de l'année précédente.","False","517"
"Pilotage Mensuelv3.SemanticModel","Pilotage MensuelV3 - Parent\Pilotage Mensuelv3.SemanticModel\definition\tables\Mesure.tmdl","Logements","Logements","Patrimoine","Compte des éléments du patrimoine comme les logements, commerces, bâtiments ou unités de gestion.","False","1971"
"Pilotage Mensuelv3.SemanticModel","Pilotage MensuelV3 - Parent\Pilotage Mensuelv3.SemanticModel\definition\tables\Mesure.tmdl","# Bâtiments","Nombre de bâtiments","Patrimoine","Compte des éléments du patrimoine comme les logements, commerces, bâtiments ou unités de gestion.","False","4390"
"Pilotage Mensuelv3.SemanticModel","Pilotage MensuelV3 - Parent\Pilotage Mensuelv3.SemanticModel\definition\tables\Mesure.tmdl","# Commerces","Nombre de commerces","Patrimoine","Compte des éléments du patrimoine comme les logements, commerces, bâtiments ou unités de gestion.","False","672"
"Pilotage Mensuelv3.SemanticModel","Pilotage MensuelV3 - Parent\Pilotage Mensuelv3.SemanticModel\definition\tables\Mesure.tmdl","# Commerces m-1","Nombre de commerces du mois précédent","Patrimoine","Compte des éléments du patrimoine comme les logements, commerces, bâtiments ou unités de gestion. La comparaison se fait avec le mois précédent.","False","2295"
"Pilotage Mensuelv3.SemanticModel","Pilotage MensuelV3 - Parent\Pilotage Mensuelv3.SemanticModel\definition\tables\Mesure.tmdl","# Commerces 2024","Nombre de commerces en 2024","Patrimoine","Compte des éléments du patrimoine comme les logements, commerces, bâtiments ou unités de gestion.","False","1983"
"Pilotage Mensuelv3.SemanticModel","Pilotage MensuelV3 - Parent\Pilotage Mensuelv3.SemanticModel\definition\tables\Mesure.tmdl","# Commerces vacants","Nombre de commerces vacants","Patrimoine","Compte des éléments du patrimoine comme les logements, commerces, bâtiments ou unités de gestion.","False","2314"
"Pilotage Mensuelv3.SemanticModel","Pilotage MensuelV3 - Parent\Pilotage Mensuelv3.SemanticModel\definition\tables\Mesure.tmdl","# CA principaux","Nombre de contrats principaux","Patrimoine","Compte des éléments du patrimoine comme les logements, commerces, bâtiments ou unités de gestion.","False","3254"
"Pilotage Mensuelv3.SemanticModel","Pilotage MensuelV3 - Parent\Pilotage Mensuelv3.SemanticModel\definition\tables\Mesure.tmdl","Nb LIBRE","Nombre de LIBRE","Patrimoine","Compte des éléments du patrimoine comme les logements, commerces, bâtiments ou unités de gestion.","False","3625"
"Pilotage Mensuelv3.SemanticModel","Pilotage MensuelV3 - Parent\Pilotage Mensuelv3.SemanticModel\definition\tables\Mesure.tmdl","# Livraisons M","Nombre de livraisons logements mensuelles","Patrimoine","Compte des éléments du patrimoine comme les logements, commerces, bâtiments ou unités de gestion.","False","2230"
"Pilotage Mensuelv3.SemanticModel","Pilotage MensuelV3 - Parent\Pilotage Mensuelv3.SemanticModel\definition\tables\Mesure.tmdl","# Livraisons mensuelles","Nombre de livraisons mensuelles","Patrimoine","Compte des éléments du patrimoine comme les logements, commerces, bâtiments ou unités de gestion.","False","30"
"Pilotage Mensuelv3.SemanticModel","Pilotage MensuelV3 - Parent\Pilotage Mensuelv3.SemanticModel\definition\tables\Mesure.tmdl","Nb LLS","Nombre de LLS","Patrimoine","Compte des éléments du patrimoine comme les logements, commerces, bâtiments ou unités de gestion.","False","3845"
"Pilotage Mensuelv3.SemanticModel","Pilotage MensuelV3 - Parent\Pilotage Mensuelv3.SemanticModel\definition\tables\Mesure.tmdl","Nb LLTS","Nombre de LLTS","Patrimoine","Compte des éléments du patrimoine comme les logements, commerces, bâtiments ou unités de gestion.","False","3698"
"Pilotage Mensuelv3.SemanticModel","Pilotage MensuelV3 - Parent\Pilotage Mensuelv3.SemanticModel\definition\tables\Mesure.tmdl","# Logements","Nombre de logements","Patrimoine","Compte des éléments du patrimoine comme les logements, commerces, bâtiments ou unités de gestion.","False","666"
"Pilotage Mensuelv3.SemanticModel","Pilotage MensuelV3 - Parent\Pilotage Mensuelv3.SemanticModel\definition\tables\Mesure.tmdl","# Collectifs","Nombre de logements collectifs","Patrimoine","Compte des éléments du patrimoine comme les logements, commerces, bâtiments ou unités de gestion.","False","4574"
"Pilotage Mensuelv3.SemanticModel","Pilotage MensuelV3 - Parent\Pilotage Mensuelv3.SemanticModel\definition\tables\Mesure.tmdl","# Logements m-1","Nombre de logements du mois précédent","Patrimoine","Compte des éléments du patrimoine comme les logements, commerces, bâtiments ou unités de gestion. La comparaison se fait avec le mois précédent.","False","2349"
"Pilotage Mensuelv3.SemanticModel","Pilotage MensuelV3 - Parent\Pilotage Mensuelv3.SemanticModel\definition\tables\Mesure.tmdl","# Logements et commerces contractés","Nombre de logements et commerces contractés","Patrimoine","Compte des éléments du patrimoine comme les logements, commerces, bâtiments ou unités de gestion.","False","4556"
"Pilotage Mensuelv3.SemanticModel","Pilotage MensuelV3 - Parent\Pilotage Mensuelv3.SemanticModel\definition\tables\Mesure.tmdl","# Individuels","Nombre de logements individuels","Patrimoine","Compte des éléments du patrimoine comme les logements, commerces, bâtiments ou unités de gestion.","False","4568"
"Pilotage Mensuelv3.SemanticModel","Pilotage MensuelV3 - Parent\Pilotage Mensuelv3.SemanticModel\definition\tables\Mesure.tmdl","# Logements Vacants","Nombre de logements vacants","Patrimoine","Compte des éléments du patrimoine comme les logements, commerces, bâtiments ou unités de gestion.","False","79"
"Pilotage Mensuelv3.SemanticModel","Pilotage MensuelV3 - Parent\Pilotage Mensuelv3.SemanticModel\definition\tables\Mesure.tmdl","# Loges","Nombre de loges","Patrimoine","Compte des éléments du patrimoine comme les logements, commerces, bâtiments ou unités de gestion.","False","1271"
"Pilotage Mensuelv3.SemanticModel","Pilotage MensuelV3 - Parent\Pilotage Mensuelv3.SemanticModel\definition\tables\Mesure.tmdl","Nb PLI","Nombre de PLI","Patrimoine","Compte des éléments du patrimoine comme les logements, commerces, bâtiments ou unités de gestion.","False","3735"
"Pilotage Mensuelv3.SemanticModel","Pilotage MensuelV3 - Parent\Pilotage Mensuelv3.SemanticModel\definition\tables\Mesure.tmdl","Nb PSLA","Nombre de PSLA","Patrimoine","Compte des éléments du patrimoine comme les logements, commerces, bâtiments ou unités de gestion.","False","3808"
"Pilotage Mensuelv3.SemanticModel","Pilotage MensuelV3 - Parent\Pilotage Mensuelv3.SemanticModel\definition\tables\Mesure.tmdl","Nb T1","Nombre de T1","Patrimoine","Compte des éléments du patrimoine comme les logements, commerces, bâtiments ou unités de gestion.","False","3445"
"Pilotage Mensuelv3.SemanticModel","Pilotage MensuelV3 - Parent\Pilotage Mensuelv3.SemanticModel\definition\tables\Mesure.tmdl","Nb T2","Nombre de T2","Patrimoine","Compte des éléments du patrimoine comme les logements, commerces, bâtiments ou unités de gestion.","False","3481"
"Pilotage Mensuelv3.SemanticModel","Pilotage MensuelV3 - Parent\Pilotage Mensuelv3.SemanticModel\definition\tables\Mesure.tmdl","Nb T3","Nombre de T3","Patrimoine","Compte des éléments du patrimoine comme les logements, commerces, bâtiments ou unités de gestion.","False","3517"
"Pilotage Mensuelv3.SemanticModel","Pilotage MensuelV3 - Parent\Pilotage Mensuelv3.SemanticModel\definition\tables\Mesure.tmdl","Nb T4","Nombre de T4","Patrimoine","Compte des éléments du patrimoine comme les logements, commerces, bâtiments ou unités de gestion.","False","3553"
"Pilotage Mensuelv3.SemanticModel","Pilotage MensuelV3 - Parent\Pilotage Mensuelv3.SemanticModel\definition\tables\Mesure.tmdl","Nb T5+","Nombre de T5 et plus","Patrimoine","Compte des éléments du patrimoine comme les logements, commerces, bâtiments ou unités de gestion.","False","3589"
"Pilotage Mensuelv3.SemanticModel","Pilotage MensuelV3 - Parent\Pilotage Mensuelv3.SemanticModel\definition\tables\Mesure.tmdl","Nb d'étages","Nombre d'étages","Patrimoine","Compte des éléments du patrimoine comme les logements, commerces, bâtiments ou unités de gestion.","False","3426"
"Pilotage Mensuelv3.SemanticModel","Pilotage MensuelV3 - Parent\Pilotage Mensuelv3.SemanticModel\definition\tables\Mesure.tmdl","# UG","Nombre d'UG","Patrimoine","Compte des éléments du patrimoine comme les logements, commerces, bâtiments ou unités de gestion.","False","24"
"Pilotage Mensuelv3.SemanticModel","Pilotage MensuelV3 - Parent\Pilotage Mensuelv3.SemanticModel\definition\tables\Mesure.tmdl","# UG Vacants VVO","Nombre d'UG vacantes volontaires","Patrimoine","Compte des éléments du patrimoine comme les logements, commerces, bâtiments ou unités de gestion.","False","1923"
"Pilotage Mensuelv3.SemanticModel","Pilotage MensuelV3 - Parent\Pilotage Mensuelv3.SemanticModel\definition\tables\Mesure.tmdl","Prix m²","Prix mensuel²","Patrimoine","Suit un indicateur descriptif du patrimoine.","False","2248"
"Pilotage Mensuelv3.SemanticModel","Pilotage MensuelV3 - Parent\Pilotage Mensuelv3.SemanticModel\definition\tables\Mesure.tmdl","% Commerces","Taux Commerces","Patrimoine","Compte des éléments du patrimoine comme les logements, commerces, bâtiments ou unités de gestion.","False","3339"
"Pilotage Mensuelv3.SemanticModel","Pilotage MensuelV3 - Parent\Pilotage Mensuelv3.SemanticModel\definition\tables\Mesure.tmdl","% Logements","Taux Logements","Patrimoine","Compte des éléments du patrimoine comme les logements, commerces, bâtiments ou unités de gestion.","False","935"
"Pilotage Mensuelv3.SemanticModel","Pilotage MensuelV3 - Parent\Pilotage Mensuelv3.SemanticModel\definition\tables\Mesure.tmdl","Couleur dette","Couleur de la dette","Restitution","Sert à afficher un texte, une couleur ou un contenu de restitution dans le rapport. Le résultat est cumulé depuis le début de l'année.","False","4787"
"Pilotage Mensuelv3.SemanticModel","Pilotage MensuelV3 - Parent\Pilotage Mensuelv3.SemanticModel\definition\tables\Mesure.tmdl","Couleur vacance","Couleur de la vacance","Restitution","Sert à afficher un texte, une couleur ou un contenu de restitution dans le rapport. Le résultat est cumulé depuis le début de l'année.","False","4770"
"Pilotage Mensuelv3.SemanticModel","Pilotage MensuelV3 - Parent\Pilotage Mensuelv3.SemanticModel\definition\tables\Mesure.tmdl","Couleur salariés","Couleur des entrées de salariés","Restitution","Sert à afficher un texte, une couleur ou un contenu de restitution dans le rapport. Le résultat est cumulé depuis le début de l'année.","False","4753"
"Pilotage Mensuelv3.SemanticModel","Pilotage MensuelV3 - Parent\Pilotage Mensuelv3.SemanticModel\definition\tables\Mesure.tmdl","Narratif HTML","Narratif HTML","Restitution","Sert à afficher un texte, une couleur ou un contenu de restitution dans le rapport. La comparaison se fait avec la même période de l'année précédente.","False","4804"
"Pilotage Mensuelv3.SemanticModel","Pilotage MensuelV3 - Parent\Pilotage Mensuelv3.SemanticModel\definition\tables\Mesure.tmdl","SousTitre HTML Détail impayé","Sous-titre HTML détail impayé","Restitution","Sert à afficher un texte, une couleur ou un contenu de restitution dans le rapport. La comparaison se fait avec la même période de l'année précédente.","False","4995"
"Pilotage Mensuelv3.SemanticModel","Pilotage MensuelV3 - Parent\Pilotage Mensuelv3.SemanticModel\definition\tables\Mesure.tmdl","SousTitre HTML Détail vacance","Sous-titre HTML détail vacance","Restitution","Sert à afficher un texte, une couleur ou un contenu de restitution dans le rapport. La comparaison se fait avec la même période de l'année précédente.","False","4969"
"Pilotage Mensuelv3.SemanticModel","Pilotage MensuelV3 - Parent\Pilotage Mensuelv3.SemanticModel\definition\tables\Mesure.tmdl","SousTitre HTML Flux d'occupation","Sous-titre HTML flux d'occupation","Restitution","Sert à afficher un texte, une couleur ou un contenu de restitution dans le rapport. La comparaison se fait avec la même période de l'année précédente.","False","5021"
"Pilotage Mensuelv3.SemanticModel","Pilotage MensuelV3 - Parent\Pilotage Mensuelv3.SemanticModel\definition\tables\Mesure.tmdl","SousTitre HTML Patrimoine","Sous-titre HTML patrimoine","Restitution","Sert à afficher un texte, une couleur ou un contenu de restitution dans le rapport. La comparaison se fait avec la même période de l'année précédente.","False","4943"
"Pilotage Mensuelv3.SemanticModel","Pilotage MensuelV3 - Parent\Pilotage Mensuelv3.SemanticModel\definition\tables\Mesure.tmdl","SousTitre HTML Quittancement et impayé","Sous-titre HTML quittancement et impayé","Restitution","Sert à afficher un texte, une couleur ou un contenu de restitution dans le rapport. La comparaison se fait avec la même période de l'année précédente.","False","5047"
"Pilotage Mensuelv3.SemanticModel","Pilotage MensuelV3 - Parent\Pilotage Mensuelv3.SemanticModel\definition\tables\Mesure.tmdl","SousTitre HTML Vacance financière logements","Sous-titre HTML vacance financière logements","Restitution","Sert à afficher un texte, une couleur ou un contenu de restitution dans le rapport. La comparaison se fait avec la même période de l'année précédente.","False","5073"
"Pilotage Mensuelv3.SemanticModel","Pilotage MensuelV3 - Parent\Pilotage Mensuelv3.SemanticModel\definition\tables\Mesure.tmdl","SousTitre HTML Vacance physique logements","Sous-titre HTML vacance physique logements","Restitution","Sert à afficher un texte, une couleur ou un contenu de restitution dans le rapport. La comparaison se fait avec la même période de l'année précédente.","False","5099"
"Pilotage Mensuelv3.SemanticModel","Pilotage MensuelV3 - Parent\Pilotage Mensuelv3.SemanticModel\definition\tables\Mesure.tmdl","Titre Gestion Locative HTML","Titre HTML gestion locative","Restitution","Sert à afficher un texte, une couleur ou un contenu de restitution dans le rapport. La comparaison se fait avec la même période de l'année précédente.","False","4894"
"Pilotage Mensuelv3.SemanticModel","Pilotage MensuelV3 - Parent\Pilotage Mensuelv3.SemanticModel\definition\tables\Mesure.tmdl","PPM1","Passages en perte du mois précédent","Temps","Sert à comparer ou cumuler un indicateur dans le temps. La comparaison se fait avec le mois précédent.","False","297"
"Pilotage Mensuelv3.SemanticModel","Pilotage MensuelV3 - Parent\Pilotage Mensuelv3.SemanticModel\definition\tables\Mesure.tmdl","Armos Quittancement Théorique","Armos Quittancement Théorique","Vacance\Financière","Compte les logements, commerces ou unités concernés par une situation de vacance. Le résultat est cumulé depuis le début de l'année.","False","1772"
"Pilotage Mensuelv3.SemanticModel","Pilotage MensuelV3 - Parent\Pilotage Mensuelv3.SemanticModel\definition\tables\Mesure.tmdl","Loyers Quittançables HC","Loyers Quittançables HC","Vacance\Financière","Mesure le montant ou le volume lié à la vacance.","False","3175"
"Pilotage Mensuelv3.SemanticModel","Pilotage MensuelV3 - Parent\Pilotage Mensuelv3.SemanticModel\definition\tables\Mesure.tmdl","Loyers Quittançables TCC","Loyers Quittançables TCC","Vacance\Financière","Mesure le montant ou le volume lié à la vacance.","False","1750"
"Pilotage Mensuelv3.SemanticModel","Pilotage MensuelV3 - Parent\Pilotage Mensuelv3.SemanticModel\definition\tables\Mesure.tmdl","MontantTotal3*vacance_SUMX","Montant total des vacances élevées","Vacance\Financière","Compte les logements, commerces ou unités concernés par une situation de vacance. Le résultat est cumulé depuis le début de l'année.","False","1778"
"Pilotage Mensuelv3.SemanticModel","Pilotage MensuelV3 - Parent\Pilotage Mensuelv3.SemanticModel\definition\tables\Mesure.tmdl","% Tx Vac Comm YTD","Taux de vacance commerciale cumulé annuel","Vacance\Financière","Indique la part de vacance par rapport au volume de référence, pour suivre le niveau de vacance. Le résultat est cumulé depuis le début de l'année.","False","647"
"Pilotage Mensuelv3.SemanticModel","Pilotage MensuelV3 - Parent\Pilotage Mensuelv3.SemanticModel\definition\tables\Mesure.tmdl","Tx de vacance fi YTD comm recalcul","Taux de vacance financière cumul annuel commerciale recalcul","Vacance\Financière","Indique la part de vacance par rapport au volume de référence, pour suivre le niveau de vacance. Le résultat est cumulé depuis le début de l'année.","False","1554"
"Pilotage Mensuelv3.SemanticModel","Pilotage MensuelV3 - Parent\Pilotage Mensuelv3.SemanticModel\definition\tables\Mesure.tmdl","Tx de vacance fi YTD Strat recalcul","Taux de vacance financière cumul annuel stratégique recalcul","Vacance\Financière","Indique la part de vacance par rapport au volume de référence, pour suivre le niveau de vacance. Le résultat est cumulé depuis le début de l'année.","False","1560"
"Pilotage Mensuelv3.SemanticModel","Pilotage MensuelV3 - Parent\Pilotage Mensuelv3.SemanticModel\definition\tables\Mesure.tmdl","Tx de vacance fi YTD Tech recalcul","Taux de vacance financière cumul annuel technique recalcul","Vacance\Financière","Indique la part de vacance par rapport au volume de référence, pour suivre le niveau de vacance. Le résultat est cumulé depuis le début de l'année.","False","1566"
"Pilotage Mensuelv3.SemanticModel","Pilotage MensuelV3 - Parent\Pilotage Mensuelv3.SemanticModel\definition\tables\Mesure.tmdl","% Tx Vac Fi YTD","Taux de vacance financière cumulé annuel","Vacance\Financière","Indique la part de vacance par rapport au volume de référence, pour suivre le niveau de vacance. Le résultat est cumulé depuis le début de l'année.","False","500"
"Pilotage Mensuelv3.SemanticModel","Pilotage MensuelV3 - Parent\Pilotage Mensuelv3.SemanticModel\definition\tables\Mesure.tmdl","% Vacance Financière Logements YTD","Taux de vacance financière logements cumulé annuel","Vacance\Financière","Indique la part de vacance par rapport au volume de référence, pour suivre le niveau de vacance. Le résultat est cumulé depuis le début de l'année.","False","4204"
"Pilotage Mensuelv3.SemanticModel","Pilotage MensuelV3 - Parent\Pilotage Mensuelv3.SemanticModel\definition\tables\Mesure.tmdl","% Vacance Financière Logements YTD M-1","Taux de vacance financière logements cumulé annuel du mois précédent","Vacance\Financière","Indique la part de vacance par rapport au volume de référence, pour suivre le niveau de vacance. La comparaison se fait avec le mois précédent.","False","4729"
"Pilotage Mensuelv3.SemanticModel","Pilotage MensuelV3 - Parent\Pilotage Mensuelv3.SemanticModel\definition\tables\Mesure.tmdl","% Vacance Financière Logements M-1","Taux de vacance financière logements du mois précédent","Vacance\Financière","Indique la part de vacance par rapport au volume de référence, pour suivre le niveau de vacance. La comparaison se fait avec le mois précédent.","False","4735"
"Pilotage Mensuelv3.SemanticModel","Pilotage MensuelV3 - Parent\Pilotage Mensuelv3.SemanticModel\definition\tables\Mesure.tmdl","% Vacance Financière Logements M","Taux de vacance financière logements mensuel","Vacance\Financière","Indique la part de vacance par rapport au volume de référence, pour suivre le niveau de vacance.","False","4217"
"Pilotage Mensuelv3.SemanticModel","Pilotage MensuelV3 - Parent\Pilotage Mensuelv3.SemanticModel\definition\tables\Mesure.tmdl","% Tx Vac Fi mensuelle","Taux de vacance financière mensuel","Vacance\Financière","Indique la part de vacance par rapport au volume de référence, pour suivre le niveau de vacance.","False","600"
"Pilotage Mensuelv3.SemanticModel","Pilotage MensuelV3 - Parent\Pilotage Mensuelv3.SemanticModel\definition\tables\Mesure.tmdl","vacance fi YTD recalcul","Taux de vacance financière recalculé cumulé annuel","Vacance\Financière","Indique la part de vacance par rapport au volume de référence, pour suivre le niveau de vacance. Le résultat est cumulé depuis le début de l'année.","False","1542"
"Pilotage Mensuelv3.SemanticModel","Pilotage MensuelV3 - Parent\Pilotage Mensuelv3.SemanticModel\definition\tables\Mesure.tmdl","% Tx Vac Strat Fi YTD","Taux de vacance financière stratégique cumulé annuel","Vacance\Financière","Indique la part de vacance par rapport au volume de référence, pour suivre le niveau de vacance. Le résultat est cumulé depuis le début de l'année.","False","609"
"Pilotage Mensuelv3.SemanticModel","Pilotage MensuelV3 - Parent\Pilotage Mensuelv3.SemanticModel\definition\tables\Mesure.tmdl","% Tx Vac Tech Fi YTD","Taux de vacance financière technique cumulé annuel","Vacance\Financière","Indique la part de vacance par rapport au volume de référence, pour suivre le niveau de vacance. Le résultat est cumulé depuis le début de l'année.","False","630"
"Pilotage Mensuelv3.SemanticModel","Pilotage MensuelV3 - Parent\Pilotage Mensuelv3.SemanticModel\definition\tables\Mesure.tmdl","% Vacance Financière Commerciale Logements YTD","Taux Vacance Financière Commerciale Logements cumul annuel","Vacance\Financière","Indique la part de vacance par rapport au volume de référence, pour suivre le niveau de vacance. Le résultat est cumulé depuis le début de l'année.","False","4284"
"Pilotage Mensuelv3.SemanticModel","Pilotage MensuelV3 - Parent\Pilotage Mensuelv3.SemanticModel\definition\tables\Mesure.tmdl","% Vacance Financière Stratégique Logements YTD","Taux Vacance Financière Stratégique Logements cumul annuel","Vacance\Financière","Indique la part de vacance par rapport au volume de référence, pour suivre le niveau de vacance. Le résultat est cumulé depuis le début de l'année.","False","4290"
"Pilotage Mensuelv3.SemanticModel","Pilotage MensuelV3 - Parent\Pilotage Mensuelv3.SemanticModel\definition\tables\Mesure.tmdl","% Vacance globale commerces et logements YTD","Taux Vacance globale commerces et logements cumul annuel","Vacance\Financière","Indique la part de vacance par rapport au volume de référence, pour suivre le niveau de vacance. Le résultat est cumulé depuis le début de l'année.","False","4463"
"Pilotage Mensuelv3.SemanticModel","Pilotage MensuelV3 - Parent\Pilotage Mensuelv3.SemanticModel\definition\tables\Mesure.tmdl","Vacance < 3M","Vacance < 3M","Vacance\Financière","Compte les logements, commerces ou unités concernés par une situation de vacance. Le résultat est cumulé depuis le début de l'année.","False","1793"
"Pilotage Mensuelv3.SemanticModel","Pilotage MensuelV3 - Parent\Pilotage Mensuelv3.SemanticModel\definition\tables\Mesure.tmdl","Vacance financière - Commerces & Bureaux","Vacance financière - Commerces et Bureaux","Vacance\Financière","Mesure le montant ou le volume lié à la vacance.","False","4623"
"Pilotage Mensuelv3.SemanticModel","Pilotage MensuelV3 - Parent\Pilotage Mensuelv3.SemanticModel\definition\tables\Mesure.tmdl","Vacance Financière Commerces YTD","Vacance Financière Commerces cumul annuel","Vacance\Financière","Compte les logements, commerces ou unités concernés par une situation de vacance. La comparaison se fait avec la même période de l'année précédente.","False","4296"
"Pilotage Mensuelv3.SemanticModel","Pilotage MensuelV3 - Parent\Pilotage Mensuelv3.SemanticModel\definition\tables\Mesure.tmdl","Vacance Financière Commerces YTD LY","Vacance Financière Commerces cumul annuel année précédente","Vacance\Financière","Compte les logements, commerces ou unités concernés par une situation de vacance. La comparaison se fait avec la même période de l'année précédente.","False","4302"
"Pilotage Mensuelv3.SemanticModel","Pilotage MensuelV3 - Parent\Pilotage Mensuelv3.SemanticModel\definition\tables\Mesure.tmdl","Vacance Financière Commerce et Logement TCC YTD","Vacance financière commerces et logements cumulée annuelle","Vacance\Financière","Compte les logements, commerces ou unités concernés par une situation de vacance. La comparaison se fait avec la même période de l'année précédente.","False","4443"
"Pilotage Mensuelv3.SemanticModel","Pilotage MensuelV3 - Parent\Pilotage Mensuelv3.SemanticModel\definition\tables\Mesure.tmdl","Vacance Financière Commerce et Logement TCC M","Vacance financière commerces et logements mensuelle","Vacance\Financière","Mesure le montant ou le volume lié à la vacance.","False","4436"
"Pilotage Mensuelv3.SemanticModel","Pilotage MensuelV3 - Parent\Pilotage Mensuelv3.SemanticModel\definition\tables\Mesure.tmdl","Vacance Financière Commerces M","Vacance financière commerces mensuelle","Vacance\Financière","Mesure le montant ou le volume lié à la vacance.","False","4254"
"Pilotage Mensuelv3.SemanticModel","Pilotage MensuelV3 - Parent\Pilotage Mensuelv3.SemanticModel\definition\tables\Mesure.tmdl","Vacance financière commerciale LGT","Vacance financière commerciale logements","Vacance\Financière","Compte les logements, commerces ou unités concernés par une situation de vacance.","False","4223"
"Pilotage Mensuelv3.SemanticModel","Pilotage MensuelV3 - Parent\Pilotage Mensuelv3.SemanticModel\definition\tables\Mesure.tmdl","Vacance financière commerciale LGT YTD","Vacance financière commerciale logements cumul annuel","Vacance\Financière","Compte les logements, commerces ou unités concernés par une situation de vacance. La comparaison se fait avec la même période de l'année précédente.","False","4229"
"Pilotage Mensuelv3.SemanticModel","Pilotage MensuelV3 - Parent\Pilotage Mensuelv3.SemanticModel\definition\tables\Mesure.tmdl","vacance financière YTD","Vacance financière cumul annuel","Vacance\Financière","Compte les logements, commerces ou unités concernés par une situation de vacance. Le résultat est cumulé depuis le début de l'année.","False","494"
"Pilotage Mensuelv3.SemanticModel","Pilotage MensuelV3 - Parent\Pilotage Mensuelv3.SemanticModel\definition\tables\Mesure.tmdl","Vacance financière YTD - Commerces & Bureaux","Vacance financière cumul annuel - Commerces et Bureaux","Vacance\Financière","Mesure le montant ou le volume lié à la vacance. La comparaison se fait avec la même période de l'année précédente.","False","4635"
"Pilotage Mensuelv3.SemanticModel","Pilotage MensuelV3 - Parent\Pilotage Mensuelv3.SemanticModel\definition\tables\Mesure.tmdl","Vacance Financière YTD N-1","Vacance Financière cumul annuel année précédente","Vacance\Financière","Compte les logements, commerces ou unités concernés par une situation de vacance. La comparaison se fait avec la même période de l'année précédente.","False","1358"
"Pilotage Mensuelv3.SemanticModel","Pilotage MensuelV3 - Parent\Pilotage Mensuelv3.SemanticModel\definition\tables\Mesure.tmdl","VacanceFinanciereYTDRecalculeHC","Vacance financière hors charges recalculée cumulée annuelle","Vacance\Financière","Compte les logements, commerces ou unités concernés par une situation de vacance. Le résultat est cumulé depuis le début de l'année.","False","3388"
"Pilotage Mensuelv3.SemanticModel","Pilotage MensuelV3 - Parent\Pilotage Mensuelv3.SemanticModel\definition\tables\Mesure.tmdl","Vacance Financière Logements YTD","Vacance financière logements cumulée annuelle","Vacance\Financière","Compte les logements, commerces ou unités concernés par une situation de vacance. La comparaison se fait avec la même période de l'année précédente.","False","4181"
"Pilotage Mensuelv3.SemanticModel","Pilotage MensuelV3 - Parent\Pilotage Mensuelv3.SemanticModel\definition\tables\Mesure.tmdl","Vacance Financière Logements YTD LY","Vacance financière logements cumulée annuelle précédente","Vacance\Financière","Compte les logements, commerces ou unités concernés par une situation de vacance. La comparaison se fait avec la même période de l'année précédente.","False","4187"
"Pilotage Mensuelv3.SemanticModel","Pilotage MensuelV3 - Parent\Pilotage Mensuelv3.SemanticModel\definition\tables\Mesure.tmdl","Vacance financière MEL LGT","Vacance financière logements en mise en location","Vacance\Financière","Compte les logements, commerces ou unités concernés par une situation de vacance.","False","4424"
"Pilotage Mensuelv3.SemanticModel","Pilotage MensuelV3 - Parent\Pilotage Mensuelv3.SemanticModel\definition\tables\Mesure.tmdl","Vacance financière MEL LGT YTD","Vacance financière logements en mise en location cumulée annuelle","Vacance\Financière","Compte les logements, commerces ou unités concernés par une situation de vacance. La comparaison se fait avec la même période de l'année précédente.","False","4430"
"Pilotage Mensuelv3.SemanticModel","Pilotage MensuelV3 - Parent\Pilotage Mensuelv3.SemanticModel\definition\tables\Mesure.tmdl","Vacance Financière Logements M","Vacance financière logements mensuelle","Vacance\Financière","Compte les logements, commerces ou unités concernés par une situation de vacance.","False","4173"
"Pilotage Mensuelv3.SemanticModel","Pilotage MensuelV3 - Parent\Pilotage Mensuelv3.SemanticModel\definition\tables\Mesure.tmdl","VacanceFinanciereYTDRecalcule","Vacance financière recalculée cumulée annuelle","Vacance\Financière","Mesure le montant ou le volume lié à la vacance. Le résultat est cumulé depuis le début de l'année.","False","1635"
"Pilotage Mensuelv3.SemanticModel","Pilotage MensuelV3 - Parent\Pilotage Mensuelv3.SemanticModel\definition\tables\Mesure.tmdl","Vacance Financière Stratégique LGT","Vacance Financière Stratégique logements","Vacance\Financière","Compte les logements, commerces ou unités concernés par une situation de vacance.","False","4235"
"Pilotage Mensuelv3.SemanticModel","Pilotage MensuelV3 - Parent\Pilotage Mensuelv3.SemanticModel\definition\tables\Mesure.tmdl","Vacance Financière Stratégique LGT YTD","Vacance Financière Stratégique logements cumul annuel","Vacance\Financière","Compte les logements, commerces ou unités concernés par une situation de vacance. La comparaison se fait avec la même période de l'année précédente.","False","4241"
"Pilotage Mensuelv3.SemanticModel","Pilotage MensuelV3 - Parent\Pilotage Mensuelv3.SemanticModel\definition\tables\Mesure.tmdl","Vacance financière technique LGT","Vacance financière technique logements","Vacance\Financière","Compte les logements, commerces ou unités concernés par une situation de vacance.","False","4378"
"Pilotage Mensuelv3.SemanticModel","Pilotage MensuelV3 - Parent\Pilotage Mensuelv3.SemanticModel\definition\tables\Mesure.tmdl","Vacance financière technique LGT YTD","Vacance financière technique logements cumul annuel","Vacance\Financière","Compte les logements, commerces ou unités concernés par une situation de vacance. La comparaison se fait avec la même période de l'année précédente.","False","4384"
"Pilotage Mensuelv3.SemanticModel","Pilotage MensuelV3 - Parent\Pilotage Mensuelv3.SemanticModel\definition\tables\Mesure.tmdl","Vacance commerciale","Nombre de logements en vacance commerciale","Vacance\Physique","Compte les logements, commerces ou unités concernés par une situation de vacance.","False","1088"
"Pilotage Mensuelv3.SemanticModel","Pilotage MensuelV3 - Parent\Pilotage Mensuelv3.SemanticModel\definition\tables\Mesure.tmdl","# Logements Vacants Stratégique","Nombre de logements en vacance stratégique","Vacance\Physique","Compte les logements, commerces ou unités concernés par une situation de vacance.","False","3288"
"Pilotage Mensuelv3.SemanticModel","Pilotage MensuelV3 - Parent\Pilotage Mensuelv3.SemanticModel\definition\tables\Mesure.tmdl","# Logements Vacants Commercial","Nombre de logements vacants en commercial","Vacance\Physique","Compte les logements, commerces ou unités concernés par une situation de vacance.","False","3272"
"Pilotage Mensuelv3.SemanticModel","Pilotage MensuelV3 - Parent\Pilotage Mensuelv3.SemanticModel\definition\tables\Mesure.tmdl","# UG Vacance Ordinaire","Nombre d'UG en vacance ordinaire","Vacance\Physique","Compte les logements, commerces ou unités concernés par une situation de vacance.","False","533"
"Pilotage Mensuelv3.SemanticModel","Pilotage MensuelV3 - Parent\Pilotage Mensuelv3.SemanticModel\definition\tables\Mesure.tmdl","# UG Vacants Technique","Nombre d'UG en vacance technique","Vacance\Physique","Compte les logements, commerces ou unités concernés par une situation de vacance.","False","3280"
"Pilotage Mensuelv3.SemanticModel","Pilotage MensuelV3 - Parent\Pilotage Mensuelv3.SemanticModel\definition\tables\Mesure.tmdl","Nb UG Vac Plus 3 Mois","Nombre d'UG vacantes depuis plus de trois mois","Vacance\Physique","Compte les logements, commerces ou unités concernés par une situation de vacance.","False","1882"
"Pilotage Mensuelv3.SemanticModel","Pilotage MensuelV3 - Parent\Pilotage Mensuelv3.SemanticModel\definition\tables\Mesure.tmdl","Vacance globale","Nombre total de logements vacants","Vacance\Physique","Compte les logements, commerces ou unités concernés par une situation de vacance.","False","1094"
"Pilotage Mensuelv3.SemanticModel","Pilotage MensuelV3 - Parent\Pilotage Mensuelv3.SemanticModel\definition\tables\Mesure.tmdl","Part vacance stratégique","Part vacance stratégique","Vacance\Physique","Indique la part de vacance par rapport au volume de référence, pour suivre le niveau de vacance.","False","3413"
"Pilotage Mensuelv3.SemanticModel","Pilotage MensuelV3 - Parent\Pilotage Mensuelv3.SemanticModel\definition\tables\Mesure.tmdl","Part vacance stratégique dans la vacance globale","Part vacance stratégique dans la vacance globale","Vacance\Physique","Indique la part de vacance par rapport au volume de référence, pour suivre le niveau de vacance.","False","1289"
"Pilotage Mensuelv3.SemanticModel","Pilotage MensuelV3 - Parent\Pilotage Mensuelv3.SemanticModel\definition\tables\Mesure.tmdl","% Vac com commerces","Taux de vacance commerciale des commerces","Vacance\Physique","Indique la part de vacance par rapport au volume de référence, pour suivre le niveau de vacance.","False","3365"
"Pilotage Mensuelv3.SemanticModel","Pilotage MensuelV3 - Parent\Pilotage Mensuelv3.SemanticModel\definition\tables\Mesure.tmdl","% Vac","Taux Vac","Vacance\Physique","Indique la part de vacance par rapport au volume de référence, pour suivre le niveau de vacance.","False","2320"
"Pilotage Mensuelv3.SemanticModel","Pilotage MensuelV3 - Parent\Pilotage Mensuelv3.SemanticModel\definition\tables\Mesure.tmdl","% Vac com","Taux Vac commerces","Vacance\Physique","Indique la part de vacance par rapport au volume de référence, pour suivre le niveau de vacance.","False","1277"
"Pilotage Mensuelv3.SemanticModel","Pilotage MensuelV3 - Parent\Pilotage Mensuelv3.SemanticModel\definition\tables\Mesure.tmdl","Vacance commerciale - Commerces & Bureaux","Vacance commerciale - Commerces et Bureaux","Vacance\Physique","Mesure le montant ou le volume lié à la vacance.","False","4600"
"Pilotage Mensuelv3.SemanticModel","Pilotage MensuelV3 - Parent\Pilotage Mensuelv3.SemanticModel\definition\tables\Mesure.tmdl","Vacance commerciale YTD - Commerces & Bureaux","Vacance commerciale cumul annuel - Commerces et Bureaux","Vacance\Physique","Mesure le montant ou le volume lié à la vacance. La comparaison se fait avec la même période de l'année précédente.","False","4614"
"Pilotage Mensuelv3.SemanticModel","Pilotage MensuelV3 - Parent\Pilotage Mensuelv3.SemanticModel\definition\tables\Mesure.tmdl","TotalVacanceComm_ug","Vacance commerciale totale par UG","Vacance\Physique","Compte les logements, commerces ou unités concernés par une situation de vacance.","False","1661"
"Pilotage Mensuelv3.SemanticModel","Pilotage MensuelV3 - Parent\Pilotage Mensuelv3.SemanticModel\definition\tables\Mesure.tmdl","TotalVacanceDemol_ug","Vacance liée aux démolitions par UG","Vacance\Physique","Mesure le montant ou le volume lié à la vacance.","False","1825"
"Pilotage Mensuelv3.SemanticModel","Pilotage MensuelV3 - Parent\Pilotage Mensuelv3.SemanticModel\definition\tables\Mesure.tmdl","TotalVacanceVendu_ug","Vacance liée aux ventes par UG","Vacance\Physique","Mesure le montant ou le volume lié à la vacance.","False","1799"
"Pilotage Mensuelv3.SemanticModel","Pilotage MensuelV3 - Parent\Pilotage Mensuelv3.SemanticModel\definition\tables\Mesure.tmdl","Vacance MEL - Commerces & Bureaux","Vacance mise en location - Commerces et Bureaux","Vacance\Physique","Mesure le montant ou le volume lié à la vacance.","False","4644"
"Pilotage Mensuelv3.SemanticModel","Pilotage MensuelV3 - Parent\Pilotage Mensuelv3.SemanticModel\definition\tables\Mesure.tmdl","Vacance MEL YTD - Commerces & Bureaux","Vacance mise en location cumul annuel - Commerces et Bureaux","Vacance\Physique","Mesure le montant ou le volume lié à la vacance. La comparaison se fait avec la même période de l'année précédente.","False","4656"
"Pilotage Mensuelv3.SemanticModel","Pilotage MensuelV3 - Parent\Pilotage Mensuelv3.SemanticModel\definition\tables\Mesure.tmdl","Vacance moins de trois mois","Vacance moins de trois mois","Vacance\Physique","Compte les logements, commerces ou unités concernés par une situation de vacance.","False","1916"
"Pilotage Mensuelv3.SemanticModel","Pilotage MensuelV3 - Parent\Pilotage Mensuelv3.SemanticModel\definition\tables\Mesure.tmdl","Vacance phy commerciale commerces","Vacance phy commerciale commerces","Vacance\Physique","Compte les logements, commerces ou unités concernés par une situation de vacance.","False","3371"
"Pilotage Mensuelv3.SemanticModel","Pilotage MensuelV3 - Parent\Pilotage Mensuelv3.SemanticModel\definition\tables\Mesure.tmdl","Vacance phy globale commerce","Vacance phy globale commerce","Vacance\Physique","Compte les logements, commerces ou unités concernés par une situation de vacance.","False","3377"
"Pilotage Mensuelv3.SemanticModel","Pilotage MensuelV3 - Parent\Pilotage Mensuelv3.SemanticModel\definition\tables\Mesure.tmdl","Vacance stratégique - Commerces & Bureaux","Vacance stratégique - Commerces et Bureaux","Vacance\Physique","Mesure le montant ou le volume lié à la vacance.","False","4665"
"Pilotage Mensuelv3.SemanticModel","Pilotage MensuelV3 - Parent\Pilotage Mensuelv3.SemanticModel\definition\tables\Mesure.tmdl","Vacance stratégique YTD - Commerces & Bureaux","Vacance stratégique cumul annuel - Commerces et Bureaux","Vacance\Physique","Mesure le montant ou le volume lié à la vacance. La comparaison se fait avec la même période de l'année précédente.","False","4677"
"Pilotage Mensuelv3.SemanticModel","Pilotage MensuelV3 - Parent\Pilotage Mensuelv3.SemanticModel\definition\tables\Mesure.tmdl","Vacance Stratégique logement","Vacance Stratégique logement","Vacance\Physique","Compte les logements, commerces ou unités concernés par une situation de vacance.","False","1283"
"Pilotage Mensuelv3.SemanticModel","Pilotage MensuelV3 - Parent\Pilotage Mensuelv3.SemanticModel\definition\tables\Mesure.tmdl","TotalVacanceStrat_ug","Vacance stratégique totale par UG","Vacance\Physique","Compte les logements, commerces ou unités concernés par une situation de vacance.","False","1688"
"Pilotage Mensuelv3.SemanticModel","Pilotage MensuelV3 - Parent\Pilotage Mensuelv3.SemanticModel\definition\tables\Mesure.tmdl","Vacance technique - Commerces & Bureaux","Vacance technique - Commerces et Bureaux","Vacance\Physique","Mesure le montant ou le volume lié à la vacance.","False","4695"
"Pilotage Mensuelv3.SemanticModel","Pilotage MensuelV3 - Parent\Pilotage Mensuelv3.SemanticModel\definition\tables\Mesure.tmdl","Vacance technique YTD - Commerces & Bureaux","Vacance technique cumul annuel - Commerces et Bureaux","Vacance\Physique","Mesure le montant ou le volume lié à la vacance. La comparaison se fait avec la même période de l'année précédente.","False","4709"
"Pilotage Mensuelv3.SemanticModel","Pilotage MensuelV3 - Parent\Pilotage Mensuelv3.SemanticModel\definition\tables\Mesure.tmdl","TotalVacanceTech_ug","Vacance technique totale par UG","Vacance\Physique","Compte les logements, commerces ou unités concernés par une situation de vacance.","False","1714"
"Pilotage Mensuelv3.SemanticModel","Pilotage MensuelV3 - Parent\Pilotage Mensuelv3.SemanticModel\definition\tables\Mesure.tmdl","VacanceVolontaireYTD","Vacance Volontaire cumul annuel","Vacance\Physique","Compte les logements, commerces ou unités concernés par une situation de vacance. Le résultat est cumulé depuis le début de l'année.","False","1851"
"Pilotage Mensuelv3.SemanticModel","Pilotage MensuelV3 - Parent\Pilotage Mensuelv3.SemanticModel\definition\tables\Mesure.tmdl","# CA","# CA","À vérifier","À vérifier avant usage. Cette mesure n'a pas été retrouvée dans les rapports analysés et doit être confirmée avec le métier. Elle est conservée temporairement pour éviter de supprimer un calcul potentiellement utile.","True","87"
"Pilotage Mensuelv3.SemanticModel","Pilotage MensuelV3 - Parent\Pilotage Mensuelv3.SemanticModel\definition\tables\Mesure.tmdl","# CA presents","# CA presents","À vérifier","À vérifier avant usage. Cette mesure n'a pas été retrouvée dans les rapports analysés et doit être confirmée avec le métier. Elle est conservée temporairement pour éviter de supprimer un calcul potentiellement utile.","True","762"
"Pilotage Mensuelv3.SemanticModel","Pilotage MensuelV3 - Parent\Pilotage Mensuelv3.SemanticModel\definition\tables\Mesure.tmdl","# Livraisons Mensuelles commerces","# Livraisons Mensuelles commerces","À vérifier","À vérifier avant usage. Cette mesure n'a pas été retrouvée dans les rapports analysés et doit être confirmée avec le métier. Elle est conservée temporairement pour éviter de supprimer un calcul potentiellement utile.","True","1320"
"Pilotage Mensuelv3.SemanticModel","Pilotage MensuelV3 - Parent\Pilotage Mensuelv3.SemanticModel\definition\tables\Mesure.tmdl","# Logements contractés","# Logements contractés","À vérifier","À vérifier avant usage. Cette mesure n'a pas été retrouvée dans les rapports analysés et doit être confirmée avec le métier. Elle est conservée temporairement pour éviter de supprimer un calcul potentiellement utile.","True","3260"
"Pilotage Mensuelv3.SemanticModel","Pilotage MensuelV3 - Parent\Pilotage Mensuelv3.SemanticModel\definition\tables\Mesure.tmdl","# Logements vacants m-1","# Logements vacants m-1","À vérifier","À vérifier avant usage. Cette mesure n'a pas été retrouvée dans les rapports analysés et doit être confirmée avec le métier. Elle est conservée temporairement pour éviter de supprimer un calcul potentiellement utile.","True","2369"
"Pilotage Mensuelv3.SemanticModel","Pilotage MensuelV3 - Parent\Pilotage Mensuelv3.SemanticModel\definition\tables\Mesure.tmdl","# Sorties YTD LY","# Sorties YTD LY","À vérifier","À vérifier avant usage. Cette mesure n'a pas été retrouvée dans les rapports analysés et doit être confirmée avec le métier. Elle est conservée temporairement pour éviter de supprimer un calcul potentiellement utile.","True","4018"
"Pilotage Mensuelv3.SemanticModel","Pilotage MensuelV3 - Parent\Pilotage Mensuelv3.SemanticModel\definition\tables\Mesure.tmdl","# UG M1","# UG M1","À vérifier","À vérifier avant usage. Cette mesure n'a pas été retrouvée dans les rapports analysés et doit être confirmée avec le métier. Elle est conservée temporairement pour éviter de supprimer un calcul potentiellement utile.","True","57"
"Pilotage Mensuelv3.SemanticModel","Pilotage MensuelV3 - Parent\Pilotage Mensuelv3.SemanticModel\definition\tables\Mesure.tmdl","% Entrées Salariés","% Entrées Salariés","À vérifier","À vérifier avant usage. Cette mesure n'a pas été retrouvée dans les rapports analysés et doit être confirmée avec le métier. Elle est conservée temporairement pour éviter de supprimer un calcul potentiellement utile.","True","472"
"Pilotage Mensuelv3.SemanticModel","Pilotage MensuelV3 - Parent\Pilotage Mensuelv3.SemanticModel\definition\tables\Mesure.tmdl","% quittançable TTC","% quittançable TTC","À vérifier","À vérifier avant usage. Cette mesure n'a pas été retrouvée dans les rapports analysés et doit être confirmée avec le métier. Elle est conservée temporairement pour éviter de supprimer un calcul potentiellement utile.","True","3419"
"Pilotage Mensuelv3.SemanticModel","Pilotage MensuelV3 - Parent\Pilotage Mensuelv3.SemanticModel\definition\tables\Mesure.tmdl","% Tx Vac Comm Fi mensuelle","% Tx Vac Comm Fi mensuelle","À vérifier","À vérifier avant usage. Cette mesure n'a pas été retrouvée dans les rapports analysés et doit être confirmée avec le métier. Elle est conservée temporairement pour éviter de supprimer un calcul potentiellement utile.","True","581"
"Pilotage Mensuelv3.SemanticModel","Pilotage MensuelV3 - Parent\Pilotage Mensuelv3.SemanticModel\definition\tables\Mesure.tmdl","% Tx Vac Strat Fi mensuelle","% Tx Vac Strat Fi mensuelle","À vérifier","À vérifier avant usage. Cette mesure n'a pas été retrouvée dans les rapports analysés et doit être confirmée avec le métier. Elle est conservée temporairement pour éviter de supprimer un calcul potentiellement utile.","True","545"
"Pilotage Mensuelv3.SemanticModel","Pilotage MensuelV3 - Parent\Pilotage Mensuelv3.SemanticModel\definition\tables\Mesure.tmdl","% Tx Vac Tech Fi mensuelle","% Tx Vac Tech Fi mensuelle","À vérifier","À vérifier avant usage. Cette mesure n'a pas été retrouvée dans les rapports analysés et doit être confirmée avec le métier. Elle est conservée temporairement pour éviter de supprimer un calcul potentiellement utile.","True","564"
"Pilotage Mensuelv3.SemanticModel","Pilotage MensuelV3 - Parent\Pilotage Mensuelv3.SemanticModel\definition\tables\Mesure.tmdl","% tximpaye M Operation","% tximpaye M Operation","À vérifier","À vérifier avant usage. Cette mesure n'a pas été retrouvée dans les rapports analysés et doit être confirmée avec le métier. Elle est conservée temporairement pour éviter de supprimer un calcul potentiellement utile.","True","183"
"Pilotage Mensuelv3.SemanticModel","Pilotage MensuelV3 - Parent\Pilotage Mensuelv3.SemanticModel\definition\tables\Mesure.tmdl","% txrecouv Hpp M operation","% txrecouv Hpp M operation","À vérifier","À vérifier avant usage. Cette mesure n'a pas été retrouvée dans les rapports analysés et doit être confirmée avec le métier. Elle est conservée temporairement pour éviter de supprimer un calcul potentiellement utile.","True","117"
"Pilotage Mensuelv3.SemanticModel","Pilotage MensuelV3 - Parent\Pilotage Mensuelv3.SemanticModel\definition\tables\Mesure.tmdl","% txrecouv Hpp YTD operation","% txrecouv Hpp YTD operation","À vérifier","À vérifier avant usage. Cette mesure n'a pas été retrouvée dans les rapports analysés et doit être confirmée avec le métier. Elle est conservée temporairement pour éviter de supprimer un calcul potentiellement utile.","True","161"
"Pilotage Mensuelv3.SemanticModel","Pilotage MensuelV3 - Parent\Pilotage Mensuelv3.SemanticModel\definition\tables\Mesure.tmdl","% txrecouv M operation","% txrecouv M operation","À vérifier","À vérifier avant usage. Cette mesure n'a pas été retrouvée dans les rapports analysés et doit être confirmée avec le métier. Elle est conservée temporairement pour éviter de supprimer un calcul potentiellement utile.","True","100"
"Pilotage Mensuelv3.SemanticModel","Pilotage MensuelV3 - Parent\Pilotage Mensuelv3.SemanticModel\definition\tables\Mesure.tmdl","% txrecouv YTD operation","% txrecouv YTD operation","À vérifier","À vérifier avant usage. Cette mesure n'a pas été retrouvée dans les rapports analysés et doit être confirmée avec le métier. Elle est conservée temporairement pour éviter de supprimer un calcul potentiellement utile.","True","139"
"Pilotage Mensuelv3.SemanticModel","Pilotage MensuelV3 - Parent\Pilotage Mensuelv3.SemanticModel\definition\tables\Mesure.tmdl","% Vac strat","% Vac strat","À vérifier","À vérifier avant usage. Cette mesure n'a pas été retrouvée dans les rapports analysés et doit être confirmée avec le métier. Elle est conservée temporairement pour éviter de supprimer un calcul potentiellement utile.","True","1518"
"Pilotage Mensuelv3.SemanticModel","Pilotage MensuelV3 - Parent\Pilotage Mensuelv3.SemanticModel\definition\tables\Mesure.tmdl","% Vacance Financière Commerces M","% Vacance Financière Commerces M","À vérifier","À vérifier avant usage. Cette mesure n'a pas été retrouvée dans les rapports analysés et doit être confirmée avec le métier. Elle est conservée temporairement pour éviter de supprimer un calcul potentiellement utile.","True","4347"
"Pilotage Mensuelv3.SemanticModel","Pilotage MensuelV3 - Parent\Pilotage Mensuelv3.SemanticModel\definition\tables\Mesure.tmdl","% Vacance Financière Commerces YTD","% Vacance Financière Commerces YTD","À vérifier","À vérifier avant usage. Cette mesure n'a pas été retrouvée dans les rapports analysés et doit être confirmée avec le métier. Elle est conservée temporairement pour éviter de supprimer un calcul potentiellement utile.","True","4341"
"Pilotage Mensuelv3.SemanticModel","Pilotage MensuelV3 - Parent\Pilotage Mensuelv3.SemanticModel\definition\tables\Mesure.tmdl","% Vacance Financière Commerciale Commerces YTD","% Vacance Financière Commerciale Commerces YTD","À vérifier","À vérifier avant usage. Cette mesure n'a pas été retrouvée dans les rapports analysés et doit être confirmée avec le métier. Elle est conservée temporairement pour éviter de supprimer un calcul potentiellement utile.","True","4329"
"Pilotage Mensuelv3.SemanticModel","Pilotage MensuelV3 - Parent\Pilotage Mensuelv3.SemanticModel\definition\tables\Mesure.tmdl","% Vacance Financière Stratégique Commerces YTD","% Vacance Financière Stratégique Commerces YTD","À vérifier","À vérifier avant usage. Cette mesure n'a pas été retrouvée dans les rapports analysés et doit être confirmée avec le métier. Elle est conservée temporairement pour éviter de supprimer un calcul potentiellement utile.","True","4335"
"Pilotage Mensuelv3.SemanticModel","Pilotage MensuelV3 - Parent\Pilotage Mensuelv3.SemanticModel\definition\tables\Mesure.tmdl","% Vacance globale commerces et logements HC YTD","% Vacance globale commerces et logements HC YTD","À vérifier","À vérifier avant usage. Cette mesure n'a pas été retrouvée dans les rapports analysés et doit être confirmée avec le métier. Elle est conservée temporairement pour éviter de supprimer un calcul potentiellement utile.","True","4497"
"Pilotage Mensuelv3.SemanticModel","Pilotage MensuelV3 - Parent\Pilotage Mensuelv3.SemanticModel\definition\tables\Mesure.tmdl","€ Quittancement logements et commerces M HC","€ Quittancement logements et commerces M HC","À vérifier","À vérifier avant usage. Cette mesure n'a pas été retrouvée dans les rapports analysés et doit être confirmée avec le métier. Elle est conservée temporairement pour éviter de supprimer un calcul potentiellement utile.","True","4469"
"Pilotage Mensuelv3.SemanticModel","Pilotage MensuelV3 - Parent\Pilotage Mensuelv3.SemanticModel\definition\tables\Mesure.tmdl","€ Quittancement logements et commerces YTD HC","€ Quittancement logements et commerces YTD HC","À vérifier","À vérifier avant usage. Cette mesure n'a pas été retrouvée dans les rapports analysés et doit être confirmée avec le métier. Elle est conservée temporairement pour éviter de supprimer un calcul potentiellement utile.","True","4476"
"Pilotage Mensuelv3.SemanticModel","Pilotage MensuelV3 - Parent\Pilotage Mensuelv3.SemanticModel\definition\tables\Mesure.tmdl","€ Quittancement YTD M-1","€ Quittancement YTD M-1","À vérifier","À vérifier avant usage. Cette mesure n'a pas été retrouvée dans les rapports analysés et doit être confirmée avec le métier. Elle est conservée temporairement pour éviter de supprimer un calcul potentiellement utile.","True","4549"
"Pilotage Mensuelv3.SemanticModel","Pilotage MensuelV3 - Parent\Pilotage Mensuelv3.SemanticModel\definition\tables\Mesure.tmdl","€ Total Vacance M UG","€ Total Vacance M UG","À vérifier","À vérifier avant usage. Cette mesure n'a pas été retrouvée dans les rapports analysés et doit être confirmée avec le métier. Elle est conservée temporairement pour éviter de supprimer un calcul potentiellement utile.","True","444"
"Pilotage Mensuelv3.SemanticModel","Pilotage MensuelV3 - Parent\Pilotage Mensuelv3.SemanticModel\definition\tables\Mesure.tmdl","Absenteisme :","Absenteisme :","À vérifier","À vérifier avant usage. Cette mesure n'a pas été retrouvée dans les rapports analysés et doit être confirmée avec le métier. Elle est conservée temporairement pour éviter de supprimer un calcul potentiellement utile.","True","2060"
"Pilotage Mensuelv3.SemanticModel","Pilotage MensuelV3 - Parent\Pilotage Mensuelv3.SemanticModel\definition\tables\Mesure.tmdl","Acquisitions","Acquisitions","À vérifier","À vérifier avant usage. Cette mesure n'a pas été retrouvée dans les rapports analysés et doit être confirmée avec le métier. Elle est conservée temporairement pour éviter de supprimer un calcul potentiellement utile.","True","2018"
"Pilotage Mensuelv3.SemanticModel","Pilotage MensuelV3 - Parent\Pilotage Mensuelv3.SemanticModel\definition\tables\Mesure.tmdl","Affaires économiques sociales et familiales","Affaires économiques sociales et familiales","À vérifier","À vérifier avant usage. Cette mesure n'a pas été retrouvée dans les rapports analysés et doit être confirmée avec le métier. Elle est conservée temporairement pour éviter de supprimer un calcul potentiellement utile.","True","2178"
"Pilotage Mensuelv3.SemanticModel","Pilotage MensuelV3 - Parent\Pilotage Mensuelv3.SemanticModel\definition\tables\Mesure.tmdl","Affaires traitées","Affaires traitées","À vérifier","À vérifier avant usage. Cette mesure n'a pas été retrouvée dans les rapports analysés et doit être confirmée avec le métier. Elle est conservée temporairement pour éviter de supprimer un calcul potentiellement utile.","True","2172"
"Pilotage Mensuelv3.SemanticModel","Pilotage MensuelV3 - Parent\Pilotage Mensuelv3.SemanticModel\definition\tables\Mesure.tmdl","Agréments","Agréments","À vérifier","À vérifier avant usage. Cette mesure n'a pas été retrouvée dans les rapports analysés et doit être confirmée avec le métier. Elle est conservée temporairement pour éviter de supprimer un calcul potentiellement utile.","True","2108"
"Pilotage Mensuelv3.SemanticModel","Pilotage MensuelV3 - Parent\Pilotage Mensuelv3.SemanticModel\definition\tables\Mesure.tmdl","Agréments Réhab","Agréments Réhab","À vérifier","À vérifier avant usage. Cette mesure n'a pas été retrouvée dans les rapports analysés et doit être confirmée avec le métier. Elle est conservée temporairement pour éviter de supprimer un calcul potentiellement utile.","True","2184"
"Pilotage Mensuelv3.SemanticModel","Pilotage MensuelV3 - Parent\Pilotage Mensuelv3.SemanticModel\definition\tables\Mesure.tmdl","Aménagements PMR","Aménagements PMR","À vérifier","À vérifier avant usage. Cette mesure n'a pas été retrouvée dans les rapports analysés et doit être confirmée avec le métier. Elle est conservée temporairement pour éviter de supprimer un calcul potentiellement utile.","True","2090"
"Pilotage Mensuelv3.SemanticModel","Pilotage MensuelV3 - Parent\Pilotage Mensuelv3.SemanticModel\definition\tables\Mesure.tmdl","Attributions salariées","Attributions salariées","À vérifier","À vérifier avant usage. Cette mesure n'a pas été retrouvée dans les rapports analysés et doit être confirmée avec le métier. Elle est conservée temporairement pour éviter de supprimer un calcul potentiellement utile.","True","2084"
"Pilotage Mensuelv3.SemanticModel","Pilotage MensuelV3 - Parent\Pilotage Mensuelv3.SemanticModel\definition\tables\Mesure.tmdl","Autre variation de stock","Autre variation de stock","À vérifier","À vérifier avant usage. Cette mesure n'a pas été retrouvée dans les rapports analysés et doit être confirmée avec le métier. Elle est conservée temporairement pour éviter de supprimer un calcul potentiellement utile.","True","51"
"Pilotage Mensuelv3.SemanticModel","Pilotage MensuelV3 - Parent\Pilotage Mensuelv3.SemanticModel\definition\tables\Mesure.tmdl","Balance annuelle","Balance annuelle","À vérifier","À vérifier avant usage. Cette mesure n'a pas été retrouvée dans les rapports analysés et doit être confirmée avec le métier. Elle est conservée temporairement pour éviter de supprimer un calcul potentiellement utile.","True","788"
"Pilotage Mensuelv3.SemanticModel","Pilotage MensuelV3 - Parent\Pilotage Mensuelv3.SemanticModel\definition\tables\Mesure.tmdl","Compromis :","Compromis :","À vérifier","À vérifier avant usage. Cette mesure n'a pas été retrouvée dans les rapports analysés et doit être confirmée avec le métier. Elle est conservée temporairement pour éviter de supprimer un calcul potentiellement utile.","True","2012"
"Pilotage Mensuelv3.SemanticModel","Pilotage MensuelV3 - Parent\Pilotage Mensuelv3.SemanticModel\definition\tables\Mesure.tmdl","croissance_soldem_ca_operation_+","croissance_soldem_ca_operation_+","À vérifier","À vérifier avant usage. Cette mesure n'a pas été retrouvée dans les rapports analysés et doit être confirmée avec le métier. Elle est conservée temporairement pour éviter de supprimer un calcul potentiellement utile.","True","1467"
"Pilotage Mensuelv3.SemanticModel","Pilotage MensuelV3 - Parent\Pilotage Mensuelv3.SemanticModel\definition\tables\Mesure.tmdl","CroissanceSoldem_CA_Operation_YTD N-1","CroissanceSoldem_CA_Operation_YTD N-1","À vérifier","À vérifier avant usage. Cette mesure n'a pas été retrouvée dans les rapports analysés et doit être confirmée avec le métier. Elle est conservée temporairement pour éviter de supprimer un calcul potentiellement utile.","True","1445"
"Pilotage Mensuelv3.SemanticModel","Pilotage MensuelV3 - Parent\Pilotage Mensuelv3.SemanticModel\definition\tables\Mesure.tmdl","CroissanceSoldem_CA_Operation_YTD_test","CroissanceSoldem_CA_Operation_YTD_test","À vérifier","À vérifier avant usage. Cette mesure n'a pas été retrouvée dans les rapports analysés et doit être confirmée avec le métier. Elle est conservée temporairement pour éviter de supprimer un calcul potentiellement utile.","True","3914"
"Pilotage Mensuelv3.SemanticModel","Pilotage MensuelV3 - Parent\Pilotage Mensuelv3.SemanticModel\definition\tables\Mesure.tmdl","DAF Financements obtenus","DAF Financements obtenus","À vérifier","À vérifier avant usage. Cette mesure n'a pas été retrouvée dans les rapports analysés et doit être confirmée avec le métier. Elle est conservée temporairement pour éviter de supprimer un calcul potentiellement utile.","True","2137"
"Pilotage Mensuelv3.SemanticModel","Pilotage MensuelV3 - Parent\Pilotage Mensuelv3.SemanticModel\definition\tables\Mesure.tmdl","DAF Trésoreries","DAF Trésoreries","À vérifier","À vérifier avant usage. Cette mesure n'a pas été retrouvée dans les rapports analysés et doit être confirmée avec le métier. Elle est conservée temporairement pour éviter de supprimer un calcul potentiellement utile.","True","2131"
"Pilotage Mensuelv3.SemanticModel","Pilotage MensuelV3 - Parent\Pilotage Mensuelv3.SemanticModel\definition\tables\Mesure.tmdl","Dates données GL","Dates données GL","À vérifier","À vérifier avant usage. Cette mesure n'a pas été retrouvée dans les rapports analysés et doit être confirmée avec le métier. Elle est conservée temporairement pour éviter de supprimer un calcul potentiellement utile.","True","2464"
"Pilotage Mensuelv3.SemanticModel","Pilotage MensuelV3 - Parent\Pilotage Mensuelv3.SemanticModel\definition\tables\Mesure.tmdl","DDC Livraisons","DDC Livraisons","À vérifier","À vérifier avant usage. Cette mesure n'a pas été retrouvée dans les rapports analysés et doit être confirmée avec le métier. Elle est conservée temporairement pour éviter de supprimer un calcul potentiellement utile.","True","2096"
"Pilotage Mensuelv3.SemanticModel","Pilotage MensuelV3 - Parent\Pilotage Mensuelv3.SemanticModel\definition\tables\Mesure.tmdl","Découpage 2","Découpage 2","À vérifier","À vérifier avant usage. Cette mesure n'a pas été retrouvée dans les rapports analysés et doit être confirmée avec le métier. Elle est conservée temporairement pour éviter de supprimer un calcul potentiellement utile.","True","3093"
"Pilotage Mensuelv3.SemanticModel","Pilotage MensuelV3 - Parent\Pilotage Mensuelv3.SemanticModel\definition\tables\Mesure.tmdl","Découpage1","Découpage1","À vérifier","À vérifier avant usage. Cette mesure n'a pas été retrouvée dans les rapports analysés et doit être confirmée avec le métier. Elle est conservée temporairement pour éviter de supprimer un calcul potentiellement utile.","True","3064"
"Pilotage Mensuelv3.SemanticModel","Pilotage MensuelV3 - Parent\Pilotage Mensuelv3.SemanticModel\definition\tables\Mesure.tmdl","Dette avec PP","Dette avec PP","À vérifier","À vérifier avant usage. Cette mesure n'a pas été retrouvée dans les rapports analysés et doit être confirmée avec le métier. Elle est conservée temporairement pour éviter de supprimer un calcul potentiellement utile.","True","1042"
"Pilotage Mensuelv3.SemanticModel","Pilotage MensuelV3 - Parent\Pilotage Mensuelv3.SemanticModel\definition\tables\Mesure.tmdl","Dette YTD","Dette YTD","À vérifier","À vérifier avant usage. Cette mesure n'a pas été retrouvée dans les rapports analysés et doit être confirmée avec le métier. Elle est conservée temporairement pour éviter de supprimer un calcul potentiellement utile.","True","4005"
"Pilotage Mensuelv3.SemanticModel","Pilotage MensuelV3 - Parent\Pilotage Mensuelv3.SemanticModel\definition\tables\Mesure.tmdl","DIS dénominateur","DIS dénominateur","À vérifier","À vérifier avant usage. Cette mesure n'a pas été retrouvée dans les rapports analysés et doit être confirmée avec le métier. Elle est conservée temporairement pour éviter de supprimer un calcul potentiellement utile.","True","3197"
"Pilotage Mensuelv3.SemanticModel","Pilotage MensuelV3 - Parent\Pilotage Mensuelv3.SemanticModel\definition\tables\Mesure.tmdl","DIS indicateur % de loyer / loyer plafond","DIS indicateur % de loyer / loyer plafond","À vérifier","À vérifier avant usage. Cette mesure n'a pas été retrouvée dans les rapports analysés et doit être confirmée avec le métier. Elle est conservée temporairement pour éviter de supprimer un calcul potentiellement utile.","True","3204"
"Pilotage Mensuelv3.SemanticModel","Pilotage MensuelV3 - Parent\Pilotage Mensuelv3.SemanticModel\definition\tables\Mesure.tmdl","DIS numérateur","DIS numérateur","À vérifier","À vérifier avant usage. Cette mesure n'a pas été retrouvée dans les rapports analysés et doit être confirmée avec le métier. Elle est conservée temporairement pour éviter de supprimer un calcul potentiellement utile.","True","3190"
"Pilotage Mensuelv3.SemanticModel","Pilotage MensuelV3 - Parent\Pilotage Mensuelv3.SemanticModel\definition\tables\Mesure.tmdl","DistinctCount_CodeCA_par_Tranche","DistinctCount_CodeCA_par_Tranche","À vérifier","À vérifier avant usage. Cette mesure n'a pas été retrouvée dans les rapports analysés et doit être confirmée avec le métier. Elle est conservée temporairement pour éviter de supprimer un calcul potentiellement utile.","True","2485"
"Pilotage Mensuelv3.SemanticModel","Pilotage MensuelV3 - Parent\Pilotage Mensuelv3.SemanticModel\definition\tables\Mesure.tmdl","Dont CDI :","Dont CDI :","À vérifier","À vérifier avant usage. Cette mesure n'a pas été retrouvée dans les rapports analysés et doit être confirmée avec le métier. Elle est conservée temporairement pour éviter de supprimer un calcul potentiellement utile.","True","2053"
"Pilotage Mensuelv3.SemanticModel","Pilotage MensuelV3 - Parent\Pilotage Mensuelv3.SemanticModel\definition\tables\Mesure.tmdl","Encaissement_Alloc_Cumul_Annuel","Encaissement_Alloc_Cumul_Annuel","À vérifier","À vérifier avant usage. Cette mesure n'a pas été retrouvée dans les rapports analysés et doit être confirmée avec le métier. Elle est conservée temporairement pour éviter de supprimer un calcul potentiellement utile.","True","3008"
"Pilotage Mensuelv3.SemanticModel","Pilotage MensuelV3 - Parent\Pilotage Mensuelv3.SemanticModel\definition\tables\Mesure.tmdl","Entrées 2024","Entrées 2024","À vérifier","À vérifier avant usage. Cette mesure n'a pas été retrouvée dans les rapports analysés et doit être confirmée avec le métier. Elle est conservée temporairement pour éviter de supprimer un calcul potentiellement utile.","True","2072"
"Pilotage Mensuelv3.SemanticModel","Pilotage MensuelV3 - Parent\Pilotage Mensuelv3.SemanticModel\definition\tables\Mesure.tmdl","Entrées salariées recalcul","Entrées salariées recalcul","À vérifier","À vérifier avant usage. Cette mesure n'a pas été retrouvée dans les rapports analysés et doit être confirmée avec le métier. Elle est conservée temporairement pour éviter de supprimer un calcul potentiellement utile.","True","2154"
"Pilotage Mensuelv3.SemanticModel","Pilotage MensuelV3 - Parent\Pilotage Mensuelv3.SemanticModel\definition\tables\Mesure.tmdl","Entrées salariés YTD graph","Entrées salariés YTD graph","À vérifier","À vérifier avant usage. Cette mesure n'a pas été retrouvée dans les rapports analysés et doit être confirmée avec le métier. Elle est conservée temporairement pour éviter de supprimer un calcul potentiellement utile.","True","1496"
"Pilotage Mensuelv3.SemanticModel","Pilotage MensuelV3 - Parent\Pilotage Mensuelv3.SemanticModel\definition\tables\Mesure.tmdl","Entrées YTD LOC","Entrées YTD LOC","À vérifier","À vérifier avant usage. Cette mesure n'a pas été retrouvée dans les rapports analysés et doit être confirmée avec le métier. Elle est conservée temporairement pour éviter de supprimer un calcul potentiellement utile.","True","1524"
"Pilotage Mensuelv3.SemanticModel","Pilotage MensuelV3 - Parent\Pilotage Mensuelv3.SemanticModel\definition\tables\Mesure.tmdl","Entrées YTD N-1","Entrées YTD N-1","À vérifier","À vérifier avant usage. Cette mesure n'a pas été retrouvée dans les rapports analysés et doit être confirmée avec le métier. Elle est conservée temporairement pour éviter de supprimer un calcul potentiellement utile.","True","697"
"Pilotage Mensuelv3.SemanticModel","Pilotage MensuelV3 - Parent\Pilotage Mensuelv3.SemanticModel\definition\tables\Mesure.tmdl","ETP","ETP","À vérifier","À vérifier avant usage. Cette mesure n'a pas été retrouvée dans les rapports analysés et doit être confirmée avec le métier. Elle est conservée temporairement pour éviter de supprimer un calcul potentiellement utile.","True","2046"
"Pilotage Mensuelv3.SemanticModel","Pilotage MensuelV3 - Parent\Pilotage Mensuelv3.SemanticModel\definition\tables\Mesure.tmdl","Fonds propres","Fonds propres","À vérifier","À vérifier avant usage. Cette mesure n'a pas été retrouvée dans les rapports analysés et doit être confirmée avec le métier. Elle est conservée temporairement pour éviter de supprimer un calcul potentiellement utile.","True","2143"
"Pilotage Mensuelv3.SemanticModel","Pilotage MensuelV3 - Parent\Pilotage Mensuelv3.SemanticModel\definition\tables\Mesure.tmdl","heures d'insertion","heures d'insertion","À vérifier","À vérifier avant usage. Cette mesure n'a pas été retrouvée dans les rapports analysés et doit être confirmée avec le métier. Elle est conservée temporairement pour éviter de supprimer un calcul potentiellement utile.","True","2113"
"Pilotage Mensuelv3.SemanticModel","Pilotage MensuelV3 - Parent\Pilotage Mensuelv3.SemanticModel\definition\tables\Mesure.tmdl","Indice de pauvreté","Indice de pauvreté","À vérifier","À vérifier avant usage. Cette mesure n'a pas été retrouvée dans les rapports analysés et doit être confirmée avec le métier. Elle est conservée temporairement pour éviter de supprimer un calcul potentiellement utile.","True","4526"
"Pilotage Mensuelv3.SemanticModel","Pilotage MensuelV3 - Parent\Pilotage Mensuelv3.SemanticModel\definition\tables\Mesure.tmdl","Livraisons cumulées alt","Livraisons cumulées alt","À vérifier","À vérifier avant usage. Cette mesure n'a pas été retrouvée dans les rapports analysés et doit être confirmée avec le métier. Elle est conservée temporairement pour éviter de supprimer un calcul potentiellement utile.","True","1341"
"Pilotage Mensuelv3.SemanticModel","Pilotage MensuelV3 - Parent\Pilotage Mensuelv3.SemanticModel\definition\tables\Mesure.tmdl","Logements 2023","Logements 2023","À vérifier","À vérifier avant usage. Cette mesure n'a pas été retrouvée dans les rapports analysés et doit être confirmée avec le métier. Elle est conservée temporairement pour éviter de supprimer un calcul potentiellement utile.","True","1977"
"Pilotage Mensuelv3.SemanticModel","Pilotage MensuelV3 - Parent\Pilotage Mensuelv3.SemanticModel\definition\tables\Mesure.tmdl","Logements indécents","Logements indécents","À vérifier","À vérifier avant usage. Cette mesure n'a pas été retrouvée dans les rapports analysés et doit être confirmée avec le métier. Elle est conservée temporairement pour éviter de supprimer un calcul potentiellement utile.","True","3163"
"Pilotage Mensuelv3.SemanticModel","Pilotage MensuelV3 - Parent\Pilotage Mensuelv3.SemanticModel\definition\tables\Mesure.tmdl","Mesure","Mesure","À vérifier","À vérifier avant usage. Cette mesure n'a pas été retrouvée dans les rapports analysés et doit être confirmée avec le métier. Elle est conservée temporairement pour éviter de supprimer un calcul potentiellement utile.","True","1122"
"Pilotage Mensuelv3.SemanticModel","Pilotage MensuelV3 - Parent\Pilotage Mensuelv3.SemanticModel\definition\tables\Mesure.tmdl","Mesure 2","Mesure 2","À vérifier","À vérifier avant usage. Cette mesure n'a pas été retrouvée dans les rapports analysés et doit être confirmée avec le métier. Elle est conservée temporairement pour éviter de supprimer un calcul potentiellement utile.","True","2000"
"Pilotage Mensuelv3.SemanticModel","Pilotage MensuelV3 - Parent\Pilotage Mensuelv3.SemanticModel\definition\tables\Mesure.tmdl","Mesure 3","Mesure 3","À vérifier","À vérifier avant usage. Cette mesure n'a pas été retrouvée dans les rapports analysés et doit être confirmée avec le métier. Elle est conservée temporairement pour éviter de supprimer un calcul potentiellement utile.","True","2336"
"Pilotage Mensuelv3.SemanticModel","Pilotage MensuelV3 - Parent\Pilotage Mensuelv3.SemanticModel\definition\tables\Mesure.tmdl","Mesure 4","Mesure 4","À vérifier","À vérifier avant usage. Cette mesure n'a pas été retrouvée dans les rapports analysés et doit être confirmée avec le métier. Elle est conservée temporairement pour éviter de supprimer un calcul potentiellement utile.","True","3150"
"Pilotage Mensuelv3.SemanticModel","Pilotage MensuelV3 - Parent\Pilotage Mensuelv3.SemanticModel\definition\tables\Mesure.tmdl","Mesure 5","Mesure 5","À vérifier","À vérifier avant usage. Cette mesure n'a pas été retrouvée dans les rapports analysés et doit être confirmée avec le métier. Elle est conservée temporairement pour éviter de supprimer un calcul potentiellement utile.","True","3332"
"Pilotage Mensuelv3.SemanticModel","Pilotage MensuelV3 - Parent\Pilotage Mensuelv3.SemanticModel\definition\tables\Mesure.tmdl","Mesure 6","Mesure 6","À vérifier","À vérifier avant usage. Cette mesure n'a pas été retrouvée dans les rapports analysés et doit être confirmée avec le métier. Elle est conservée temporairement pour éviter de supprimer un calcul potentiellement utile.","True","4686"
"Pilotage Mensuelv3.SemanticModel","Pilotage MensuelV3 - Parent\Pilotage Mensuelv3.SemanticModel\definition\tables\Mesure.tmdl","Mesure 7","Mesure 7","À vérifier","À vérifier avant usage. Cette mesure n'a pas été retrouvée dans les rapports analysés et doit être confirmée avec le métier. Elle est conservée temporairement pour éviter de supprimer un calcul potentiellement utile.","True","4718"
"Pilotage Mensuelv3.SemanticModel","Pilotage MensuelV3 - Parent\Pilotage Mensuelv3.SemanticModel\definition\tables\Mesure.tmdl","Mises en chantier","Mises en chantier","À vérifier","À vérifier avant usage. Cette mesure n'a pas été retrouvée dans les rapports analysés et doit être confirmée avec le métier. Elle est conservée temporairement pour éviter de supprimer un calcul potentiellement utile.","True","2103"
"Pilotage Mensuelv3.SemanticModel","Pilotage MensuelV3 - Parent\Pilotage Mensuelv3.SemanticModel\definition\tables\Mesure.tmdl","Mises en chantier Réhab","Mises en chantier Réhab","À vérifier","À vérifier avant usage. Cette mesure n'a pas été retrouvée dans les rapports analysés et doit être confirmée avec le métier. Elle est conservée temporairement pour éviter de supprimer un calcul potentiellement utile.","True","2041"
"Pilotage Mensuelv3.SemanticModel","Pilotage MensuelV3 - Parent\Pilotage Mensuelv3.SemanticModel\definition\tables\Mesure.tmdl","Mobilité 2024","Mobilité 2024","À vérifier","À vérifier avant usage. Cette mesure n'a pas été retrouvée dans les rapports analysés et doit être confirmée avec le métier. Elle est conservée temporairement pour éviter de supprimer un calcul potentiellement utile.","True","2078"
"Pilotage Mensuelv3.SemanticModel","Pilotage MensuelV3 - Parent\Pilotage Mensuelv3.SemanticModel\definition\tables\Mesure.tmdl","MoisDecembre","MoisDecembre","À vérifier","À vérifier avant usage. Cette mesure n'a pas été retrouvée dans les rapports analysés et doit être confirmée avec le métier. Elle est conservée temporairement pour éviter de supprimer un calcul potentiellement utile.","True","3957"
"Pilotage Mensuelv3.SemanticModel","Pilotage MensuelV3 - Parent\Pilotage Mensuelv3.SemanticModel\definition\tables\Mesure.tmdl","Moyenne Glissante 12m Vac fi","Moyenne Glissante 12m Vac fi","À vérifier","À vérifier avant usage. Cette mesure n'a pas été retrouvée dans les rapports analysés et doit être confirmée avec le métier. Elle est conservée temporairement pour éviter de supprimer un calcul potentiellement utile.","True","14"
"Pilotage Mensuelv3.SemanticModel","Pilotage MensuelV3 - Parent\Pilotage Mensuelv3.SemanticModel\definition\tables\Mesure.tmdl","Nb jour vac YTD","Nb jour vac YTD","À vérifier","À vérifier avant usage. Cette mesure n'a pas été retrouvée dans les rapports analysés et doit être confirmée avec le métier. Elle est conservée temporairement pour éviter de supprimer un calcul potentiellement utile.","True","1857"
"Pilotage Mensuelv3.SemanticModel","Pilotage MensuelV3 - Parent\Pilotage Mensuelv3.SemanticModel\definition\tables\Mesure.tmdl","Nb NA","Nb NA","À vérifier","À vérifier avant usage. Cette mesure n'a pas été retrouvée dans les rapports analysés et doit être confirmée avec le métier. Elle est conservée temporairement pour éviter de supprimer un calcul potentiellement utile.","True","3661"
"Pilotage Mensuelv3.SemanticModel","Pilotage MensuelV3 - Parent\Pilotage Mensuelv3.SemanticModel\definition\tables\Mesure.tmdl","Nb PLS","Nb PLS","À vérifier","À vérifier avant usage. Cette mesure n'a pas été retrouvée dans les rapports analysés et doit être confirmée avec le métier. Elle est conservée temporairement pour éviter de supprimer un calcul potentiellement utile.","True","3772"
"Pilotage Mensuelv3.SemanticModel","Pilotage MensuelV3 - Parent\Pilotage Mensuelv3.SemanticModel\definition\tables\Mesure.tmdl","Nombre d'entrée PP","Nombre d'entrée PP","À vérifier","À vérifier avant usage. Cette mesure n'a pas été retrouvée dans les rapports analysés et doit être confirmée avec le métier. Elle est conservée temporairement pour éviter de supprimer un calcul potentiellement utile.","True","768"
"Pilotage Mensuelv3.SemanticModel","Pilotage MensuelV3 - Parent\Pilotage Mensuelv3.SemanticModel\definition\tables\Mesure.tmdl","Nombre d'entrée PP YTD","Nombre d'entrée PP YTD","À vérifier","À vérifier avant usage. Cette mesure n'a pas été retrouvée dans les rapports analysés et doit être confirmée avec le métier. Elle est conservée temporairement pour éviter de supprimer un calcul potentiellement utile.","True","450"
"Pilotage Mensuelv3.SemanticModel","Pilotage MensuelV3 - Parent\Pilotage Mensuelv3.SemanticModel\definition\tables\Mesure.tmdl","Objectif annuel vac fi","Objectif annuel vac fi","À vérifier","À vérifier avant usage. Cette mesure n'a pas été retrouvée dans les rapports analysés et doit être confirmée avec le métier. Elle est conservée temporairement pour éviter de supprimer un calcul potentiellement utile.","True","438"
"Pilotage Mensuelv3.SemanticModel","Pilotage MensuelV3 - Parent\Pilotage Mensuelv3.SemanticModel\definition\tables\Mesure.tmdl","Objectif encaissement","Objectif encaissement","À vérifier","À vérifier avant usage. Cette mesure n'a pas été retrouvée dans les rapports analysés et doit être confirmée avec le métier. Elle est conservée temporairement pour éviter de supprimer un calcul potentiellement utile.","True","1115"
"Pilotage Mensuelv3.SemanticModel","Pilotage MensuelV3 - Parent\Pilotage Mensuelv3.SemanticModel\definition\tables\Mesure.tmdl","Objectif vac fi à date","Objectif vac fi à date","À vérifier","À vérifier avant usage. Cette mesure n'a pas été retrouvée dans les rapports analysés et doit être confirmée avec le métier. Elle est conservée temporairement pour éviter de supprimer un calcul potentiellement utile.","True","982"
"Pilotage Mensuelv3.SemanticModel","Pilotage MensuelV3 - Parent\Pilotage Mensuelv3.SemanticModel\definition\tables\Mesure.tmdl","Parcelles","Parcelles","À vérifier","À vérifier avant usage. Cette mesure n'a pas été retrouvée dans les rapports analysés et doit être confirmée avec le métier. Elle est conservée temporairement pour éviter de supprimer un calcul potentiellement utile.","True","4513"
"Pilotage Mensuelv3.SemanticModel","Pilotage MensuelV3 - Parent\Pilotage Mensuelv3.SemanticModel\definition\tables\Mesure.tmdl","Quitm_ca_calculé","Quitm_ca_calculé","À vérifier","À vérifier avant usage. Cette mesure n'a pas été retrouvée dans les rapports analysés et doit être confirmée avec le métier. Elle est conservée temporairement pour éviter de supprimer un calcul potentiellement utile.","True","3168"
"Pilotage Mensuelv3.SemanticModel","Pilotage MensuelV3 - Parent\Pilotage Mensuelv3.SemanticModel\definition\tables\Mesure.tmdl","Quitm_CA_Operation_Annuel","Quitm_CA_Operation_Annuel","À vérifier","À vérifier avant usage. Cette mesure n'a pas été retrouvée dans les rapports analysés et doit être confirmée avec le métier. Elle est conservée temporairement pour éviter de supprimer un calcul potentiellement utile.","True","2951"
"Pilotage Mensuelv3.SemanticModel","Pilotage MensuelV3 - Parent\Pilotage Mensuelv3.SemanticModel\definition\tables\Mesure.tmdl","Quittancement Commerces","Quittancement Commerces","À vérifier","À vérifier avant usage. Cette mesure n'a pas été retrouvée dans les rapports analysés et doit être confirmée avec le métier. Elle est conservée temporairement pour éviter de supprimer un calcul potentiellement utile.","True","4308"
"Pilotage Mensuelv3.SemanticModel","Pilotage MensuelV3 - Parent\Pilotage Mensuelv3.SemanticModel\definition\tables\Mesure.tmdl","Quittancement Commerces YTD","Quittancement Commerces YTD","À vérifier","À vérifier avant usage. Cette mesure n'a pas été retrouvée dans les rapports analysés et doit être confirmée avec le métier. Elle est conservée temporairement pour éviter de supprimer un calcul potentiellement utile.","True","4315"
"Pilotage Mensuelv3.SemanticModel","Pilotage MensuelV3 - Parent\Pilotage Mensuelv3.SemanticModel\definition\tables\Mesure.tmdl","Quittancement m1","Quittancement m1","À vérifier","À vérifier avant usage. Cette mesure n'a pas été retrouvée dans les rapports analysés et doit être confirmée avec le métier. Elle est conservée temporairement pour éviter de supprimer un calcul potentiellement utile.","True","4411"
"Pilotage Mensuelv3.SemanticModel","Pilotage MensuelV3 - Parent\Pilotage Mensuelv3.SemanticModel\definition\tables\Mesure.tmdl","Ratio contrôle","Ratio contrôle","À vérifier","À vérifier avant usage. Cette mesure n'a pas été retrouvée dans les rapports analysés et doit être confirmée avec le métier. Elle est conservée temporairement pour éviter de supprimer un calcul potentiellement utile.","True","1489"
"Pilotage Mensuelv3.SemanticModel","Pilotage MensuelV3 - Parent\Pilotage Mensuelv3.SemanticModel\definition\tables\Mesure.tmdl","Réhabilitations Livrées","Réhabilitations Livrées","À vérifier","À vérifier avant usage. Cette mesure n'a pas été retrouvée dans les rapports analysés et doit être confirmée avec le métier. Elle est conservée temporairement pour éviter de supprimer un calcul potentiellement utile.","True","2036"
"Pilotage Mensuelv3.SemanticModel","Pilotage MensuelV3 - Parent\Pilotage Mensuelv3.SemanticModel\definition\tables\Mesure.tmdl","Réservations PSLA :","Réservations PSLA :","À vérifier","À vérifier avant usage. Cette mesure n'a pas été retrouvée dans les rapports analysés et doit être confirmée avec le métier. Elle est conservée temporairement pour éviter de supprimer un calcul potentiellement utile.","True","2024"
"Pilotage Mensuelv3.SemanticModel","Pilotage MensuelV3 - Parent\Pilotage Mensuelv3.SemanticModel\definition\tables\Mesure.tmdl","Salaire injectés","Salaire injectés","À vérifier","À vérifier avant usage. Cette mesure n'a pas été retrouvée dans les rapports analysés et doit être confirmée avec le métier. Elle est conservée temporairement pour éviter de supprimer un calcul potentiellement utile.","True","2119"
"Pilotage Mensuelv3.SemanticModel","Pilotage MensuelV3 - Parent\Pilotage Mensuelv3.SemanticModel\definition\tables\Mesure.tmdl","Satisfaction globale","Satisfaction globale","À vérifier","À vérifier avant usage. Cette mesure n'a pas été retrouvée dans les rapports analysés et doit être confirmée avec le métier. Elle est conservée temporairement pour éviter de supprimer un calcul potentiellement utile.","True","1105"
"Pilotage Mensuelv3.SemanticModel","Pilotage MensuelV3 - Parent\Pilotage Mensuelv3.SemanticModel\definition\tables\Mesure.tmdl","Satisfaction réclamation","Satisfaction réclamation","À vérifier","À vérifier avant usage. Cette mesure n'a pas été retrouvée dans les rapports analysés et doit être confirmée avec le métier. Elle est conservée temporairement pour éviter de supprimer un calcul potentiellement utile.","True","1110"
"Pilotage Mensuelv3.SemanticModel","Pilotage MensuelV3 - Parent\Pilotage Mensuelv3.SemanticModel\definition\tables\Mesure.tmdl","Soldem_ca_operation_+ yc PP_presents","Soldem_ca_operation_+ yc PP_presents","À vérifier","À vérifier avant usage. Cette mesure n'a pas été retrouvée dans les rapports analysés et doit être confirmée avec le métier. Elle est conservée temporairement pour éviter de supprimer un calcul potentiellement utile.","True","1989"
"Pilotage Mensuelv3.SemanticModel","Pilotage MensuelV3 - Parent\Pilotage Mensuelv3.SemanticModel\definition\tables\Mesure.tmdl","Soldem_ca_operation_+_Absent","Soldem_ca_operation_+_Absent","À vérifier","À vérifier avant usage. Cette mesure n'a pas été retrouvée dans les rapports analysés et doit être confirmée avec le métier. Elle est conservée temporairement pour éviter de supprimer un calcul potentiellement utile.","True","752"
"Pilotage Mensuelv3.SemanticModel","Pilotage MensuelV3 - Parent\Pilotage Mensuelv3.SemanticModel\definition\tables\Mesure.tmdl","Soldem_ca_operation_+_LOC","Soldem_ca_operation_+_LOC","À vérifier","À vérifier avant usage. Cette mesure n'a pas été retrouvée dans les rapports analysés et doit être confirmée avec le métier. Elle est conservée temporairement pour éviter de supprimer un calcul potentiellement utile.","True","427"
"Pilotage Mensuelv3.SemanticModel","Pilotage MensuelV3 - Parent\Pilotage Mensuelv3.SemanticModel\definition\tables\Mesure.tmdl","Sorties 2024","Sorties 2024","À vérifier","À vérifier avant usage. Cette mesure n'a pas été retrouvée dans les rapports analysés et doit être confirmée avec le métier. Elle est conservée temporairement pour éviter de supprimer un calcul potentiellement utile.","True","2066"
"Pilotage Mensuelv3.SemanticModel","Pilotage MensuelV3 - Parent\Pilotage Mensuelv3.SemanticModel\definition\tables\Mesure.tmdl","T1","T1","À vérifier","À vérifier avant usage. Cette mesure n'a pas été retrouvée dans les rapports analysés et doit être confirmée avec le métier. Elle est conservée temporairement pour éviter de supprimer un calcul potentiellement utile.","True","3439"
"Pilotage Mensuelv3.SemanticModel","Pilotage MensuelV3 - Parent\Pilotage Mensuelv3.SemanticModel\definition\tables\Mesure.tmdl","Taux - 20 jours réclamation 2024","Taux - 20 jours réclamation 2024","À vérifier","À vérifier avant usage. Cette mesure n'a pas été retrouvée dans les rapports analysés et doit être confirmée avec le métier. Elle est conservée temporairement pour éviter de supprimer un calcul potentiellement utile.","True","2148"
"Pilotage Mensuelv3.SemanticModel","Pilotage MensuelV3 - Parent\Pilotage Mensuelv3.SemanticModel\definition\tables\Mesure.tmdl","Taux Paiement HPP M","Taux Paiement HPP M","À vérifier","À vérifier avant usage. Cette mesure n'a pas été retrouvée dans les rapports analysés et doit être confirmée avec le métier. Elle est conservée temporairement pour éviter de supprimer un calcul potentiellement utile.","True","2635"
"Pilotage Mensuelv3.SemanticModel","Pilotage MensuelV3 - Parent\Pilotage Mensuelv3.SemanticModel\definition\tables\Mesure.tmdl","Taux Paiement HPP M-1","Taux Paiement HPP M-1","À vérifier","À vérifier avant usage. Cette mesure n'a pas été retrouvée dans les rapports analysés et doit être confirmée avec le métier. Elle est conservée temporairement pour éviter de supprimer un calcul potentiellement utile.","True","2651"
"Pilotage Mensuelv3.SemanticModel","Pilotage MensuelV3 - Parent\Pilotage Mensuelv3.SemanticModel\definition\tables\Mesure.tmdl","Taux Paiement HPP M-12","Taux Paiement HPP M-12","À vérifier","À vérifier avant usage. Cette mesure n'a pas été retrouvée dans les rapports analysés et doit être confirmée avec le métier. Elle est conservée temporairement pour éviter de supprimer un calcul potentiellement utile.","True","2667"
"Pilotage Mensuelv3.SemanticModel","Pilotage MensuelV3 - Parent\Pilotage Mensuelv3.SemanticModel\definition\tables\Mesure.tmdl","Taux_Mobilité_YoY_YTD_Dyn","Taux_Mobilité_YoY_YTD_Dyn","À vérifier","À vérifier avant usage. Cette mesure n'a pas été retrouvée dans les rapports analysés et doit être confirmée avec le métier. Elle est conservée temporairement pour éviter de supprimer un calcul potentiellement utile.","True","1001"
"Pilotage Mensuelv3.SemanticModel","Pilotage MensuelV3 - Parent\Pilotage Mensuelv3.SemanticModel\definition\tables\Mesure.tmdl","test","test","À vérifier","À vérifier avant usage. Cette mesure n'a pas été retrouvée dans les rapports analysés et doit être confirmée avec le métier. Elle est conservée temporairement pour éviter de supprimer un calcul potentiellement utile.","True","4418"
"Pilotage Mensuelv3.SemanticModel","Pilotage MensuelV3 - Parent\Pilotage Mensuelv3.SemanticModel\definition\tables\Mesure.tmdl","Total logements","Total logements","À vérifier","À vérifier avant usage. Cette mesure n'a pas été retrouvée dans les rapports analysés et doit être confirmée avec le métier. Elle est conservée temporairement pour éviter de supprimer un calcul potentiellement utile.","True","2224"
"Pilotage Mensuelv3.SemanticModel","Pilotage MensuelV3 - Parent\Pilotage Mensuelv3.SemanticModel\definition\tables\Mesure.tmdl","TotalVacanceMEL_ug","TotalVacanceMEL_ug","À vérifier","À vérifier avant usage. Cette mesure n'a pas été retrouvée dans les rapports analysés et doit être confirmée avec le métier. Elle est conservée temporairement pour éviter de supprimer un calcul potentiellement utile.","True","3888"
"Pilotage Mensuelv3.SemanticModel","Pilotage MensuelV3 - Parent\Pilotage Mensuelv3.SemanticModel\definition\tables\Mesure.tmdl","Tx dématérialisation","Tx dématérialisation","À vérifier","À vérifier avant usage. Cette mesure n'a pas été retrouvée dans les rapports analysés et doit être confirmée avec le métier. Elle est conservée temporairement pour éviter de supprimer un calcul potentiellement utile.","True","4580"
"Pilotage Mensuelv3.SemanticModel","Pilotage MensuelV3 - Parent\Pilotage Mensuelv3.SemanticModel\definition\tables\Mesure.tmdl","Tx Encaissement HPP Soldes_CA_Operation N-1","Tx Encaissement HPP Soldes_CA_Operation N-1","À vérifier","À vérifier avant usage. Cette mesure n'a pas été retrouvée dans les rapports analysés et doit être confirmée avec le métier. Elle est conservée temporairement pour éviter de supprimer un calcul potentiellement utile.","True","1385"
"Pilotage Mensuelv3.SemanticModel","Pilotage MensuelV3 - Parent\Pilotage Mensuelv3.SemanticModel\definition\tables\Mesure.tmdl","Tx Mutation","Tx Mutation","À vérifier","À vérifier avant usage. Cette mesure n'a pas été retrouvée dans les rapports analysés et doit être confirmée avec le métier. Elle est conservée temporairement pour éviter de supprimer un calcul potentiellement utile.","True","3234"
"Pilotage Mensuelv3.SemanticModel","Pilotage MensuelV3 - Parent\Pilotage Mensuelv3.SemanticModel\definition\tables\Mesure.tmdl","tx vac fi comm recalcul","tx vac fi comm recalcul","À vérifier","À vérifier avant usage. Cette mesure n'a pas été retrouvée dans les rapports analysés et doit être confirmée avec le métier. Elle est conservée temporairement pour éviter de supprimer un calcul potentiellement utile.","True","1548"
"Pilotage Mensuelv3.SemanticModel","Pilotage MensuelV3 - Parent\Pilotage Mensuelv3.SemanticModel\definition\tables\Mesure.tmdl","Tx Vac Mensuelle","Tx Vac Mensuelle","À vérifier","À vérifier avant usage. Cette mesure n'a pas été retrouvée dans les rapports analysés et doit être confirmée avec le métier. Elle est conservée temporairement pour éviter de supprimer un calcul potentiellement utile.","True","794"
"Pilotage Mensuelv3.SemanticModel","Pilotage MensuelV3 - Parent\Pilotage Mensuelv3.SemanticModel\definition\tables\Mesure.tmdl","Tx Vac Mensuelle TxVacCommm","Tx Vac Mensuelle TxVacCommm","À vérifier","À vérifier avant usage. Cette mesure n'a pas été retrouvée dans les rapports analysés et doit être confirmée avec le métier. Elle est conservée temporairement pour éviter de supprimer un calcul potentiellement utile.","True","823"
"Pilotage Mensuelv3.SemanticModel","Pilotage MensuelV3 - Parent\Pilotage Mensuelv3.SemanticModel\definition\tables\Mesure.tmdl","Tx Vac Mensuelle TxVacMELm","Tx Vac Mensuelle TxVacMELm","À vérifier","À vérifier avant usage. Cette mesure n'a pas été retrouvée dans les rapports analysés et doit être confirmée avec le métier. Elle est conservée temporairement pour éviter de supprimer un calcul potentiellement utile.","True","851"
"Pilotage Mensuelv3.SemanticModel","Pilotage MensuelV3 - Parent\Pilotage Mensuelv3.SemanticModel\definition\tables\Mesure.tmdl","Tx Vac Mensuelle TxVacStratm","Tx Vac Mensuelle TxVacStratm","À vérifier","À vérifier avant usage. Cette mesure n'a pas été retrouvée dans les rapports analysés et doit être confirmée avec le métier. Elle est conservée temporairement pour éviter de supprimer un calcul potentiellement utile.","True","879"
"Pilotage Mensuelv3.SemanticModel","Pilotage MensuelV3 - Parent\Pilotage Mensuelv3.SemanticModel\definition\tables\Mesure.tmdl","Tx Vac Mensuelle TxVacTechm","Tx Vac Mensuelle TxVacTechm","À vérifier","À vérifier avant usage. Cette mesure n'a pas été retrouvée dans les rapports analysés et doit être confirmée avec le métier. Elle est conservée temporairement pour éviter de supprimer un calcul potentiellement utile.","True","907"
"Pilotage Mensuelv3.SemanticModel","Pilotage MensuelV3 - Parent\Pilotage Mensuelv3.SemanticModel\definition\tables\Mesure.tmdl","Tx_recouvrement_impayé","Tx_recouvrement_impayé","À vérifier","À vérifier avant usage. Cette mesure n'a pas été retrouvée dans les rapports analysés et doit être confirmée avec le métier. Elle est conservée temporairement pour éviter de supprimer un calcul potentiellement utile.","True","205"
"Pilotage Mensuelv3.SemanticModel","Pilotage MensuelV3 - Parent\Pilotage Mensuelv3.SemanticModel\definition\tables\Mesure.tmdl","Vacance Financière Commerce et Logement HC M","Vacance Financière Commerce et Logement HC M","À vérifier","À vérifier avant usage. Cette mesure n'a pas été retrouvée dans les rapports analysés et doit être confirmée avec le métier. Elle est conservée temporairement pour éviter de supprimer un calcul potentiellement utile.","True","4483"
"Pilotage Mensuelv3.SemanticModel","Pilotage MensuelV3 - Parent\Pilotage Mensuelv3.SemanticModel\definition\tables\Mesure.tmdl","Vacance Financière Commerce et Logement HC YTD","Vacance Financière Commerce et Logement HC YTD","À vérifier","À vérifier avant usage. Cette mesure n'a pas été retrouvée dans les rapports analysés et doit être confirmée avec le métier. Elle est conservée temporairement pour éviter de supprimer un calcul potentiellement utile.","True","4490"
"Pilotage Mensuelv3.SemanticModel","Pilotage MensuelV3 - Parent\Pilotage Mensuelv3.SemanticModel\definition\tables\Mesure.tmdl","Vacance financière commerciale COM","Vacance financière commerciale COM","À vérifier","À vérifier avant usage. Cette mesure n'a pas été retrouvée dans les rapports analysés et doit être confirmée avec le métier. Elle est conservée temporairement pour éviter de supprimer un calcul potentiellement utile.","True","4247"
"Pilotage Mensuelv3.SemanticModel","Pilotage MensuelV3 - Parent\Pilotage Mensuelv3.SemanticModel\definition\tables\Mesure.tmdl","Vacance Financière Commerciale COM YTD","Vacance Financière Commerciale COM YTD","À vérifier","À vérifier avant usage. Cette mesure n'a pas été retrouvée dans les rapports analysés et doit être confirmée avec le métier. Elle est conservée temporairement pour éviter de supprimer un calcul potentiellement utile.","True","4277"
"Pilotage Mensuelv3.SemanticModel","Pilotage MensuelV3 - Parent\Pilotage Mensuelv3.SemanticModel\definition\tables\Mesure.tmdl","Vacance Financière Stratégique COM","Vacance Financière Stratégique COM","À vérifier","À vérifier avant usage. Cette mesure n'a pas été retrouvée dans les rapports analysés et doit être confirmée avec le métier. Elle est conservée temporairement pour éviter de supprimer un calcul potentiellement utile.","True","4263"
"Pilotage Mensuelv3.SemanticModel","Pilotage MensuelV3 - Parent\Pilotage Mensuelv3.SemanticModel\definition\tables\Mesure.tmdl","Vacance Financière Stratégique COM YTD","Vacance Financière Stratégique COM YTD","À vérifier","À vérifier avant usage. Cette mesure n'a pas été retrouvée dans les rapports analysés et doit être confirmée avec le métier. Elle est conservée temporairement pour éviter de supprimer un calcul potentiellement utile.","True","4270"
"Pilotage Mensuelv3.SemanticModel","Pilotage MensuelV3 - Parent\Pilotage Mensuelv3.SemanticModel\definition\tables\Mesure.tmdl","vacance financière totale","vacance financière totale","À vérifier","À vérifier avant usage. Cette mesure n'a pas été retrouvée dans les rapports analysés et doit être confirmée avec le métier. Elle est conservée temporairement pour éviter de supprimer un calcul potentiellement utile.","True","960"
"Pilotage Mensuelv3.SemanticModel","Pilotage MensuelV3 - Parent\Pilotage Mensuelv3.SemanticModel\definition\tables\Mesure.tmdl","vacance mensuelle rali","vacance mensuelle rali","À vérifier","À vérifier avant usage. Cette mesure n'a pas été retrouvée dans les rapports analysés et doit être confirmée avec le métier. Elle est conservée temporairement pour éviter de supprimer un calcul potentiellement utile.","True","1765"
"Pilotage Mensuelv3.SemanticModel","Pilotage MensuelV3 - Parent\Pilotage Mensuelv3.SemanticModel\definition\tables\Mesure.tmdl","VacanceFinanciereHCYTDRecalcule","VacanceFinanciereHCYTDRecalcule","À vérifier","À vérifier avant usage. Cette mesure n'a pas été retrouvée dans les rapports analysés et doit être confirmée avec le métier. Elle est conservée temporairement pour éviter de supprimer un calcul potentiellement utile.","True","1931"
"Pilotage Mensuelv3.SemanticModel","Pilotage MensuelV3 - Parent\Pilotage Mensuelv3.SemanticModel\definition\tables\Mesure.tmdl","VacanceFinanciereYTD","VacanceFinanciereYTD","À vérifier","À vérifier avant usage. Cette mesure n'a pas été retrouvée dans les rapports analysés et doit être confirmée avec le métier. Elle est conservée temporairement pour éviter de supprimer un calcul potentiellement utile.","True","1610"
"Pilotage Mensuelv3.SemanticModel","Pilotage MensuelV3 - Parent\Pilotage Mensuelv3.SemanticModel\definition\tables\Mesure.tmdl","VacanceFinancièreYTD_LastPériode","VacanceFinancièreYTD_LastPériode","À vérifier","À vérifier avant usage. Cette mesure n'a pas été retrouvée dans les rapports analysés et doit être confirmée avec le métier. Elle est conservée temporairement pour éviter de supprimer un calcul potentiellement utile.","True","3"
"Pilotage Mensuelv3.SemanticModel","Pilotage MensuelV3 - Parent\Pilotage Mensuelv3.SemanticModel\definition\tables\Mesure.tmdl","variation dette","variation dette","À vérifier","À vérifier avant usage. Cette mesure n'a pas été retrouvée dans les rapports analysés et doit être confirmée avec le métier. Elle est conservée temporairement pour éviter de supprimer un calcul potentiellement utile.","True","93"
"Pilotage Mensuelv3.SemanticModel","Pilotage MensuelV3 - Parent\Pilotage Mensuelv3.SemanticModel\definition\tables\Mesure.tmdl","Ventes","Ventes","À vérifier","À vérifier avant usage. Cette mesure n'a pas été retrouvée dans les rapports analysés et doit être confirmée avec le métier. Elle est conservée temporairement pour éviter de supprimer un calcul potentiellement utile.","True","1314"
"Pilotage Mensuelv3.SemanticModel","Pilotage MensuelV3 - Parent\Pilotage Mensuelv3.SemanticModel\definition\tables\Mesure.tmdl","Ventes 2024","Ventes 2024","À vérifier","À vérifier avant usage. Cette mesure n'a pas été retrouvée dans les rapports analysés et doit être confirmée avec le métier. Elle est conservée temporairement pour éviter de supprimer un calcul potentiellement utile.","True","2007"
"Vacance financière commerce.SemanticModel","Vacance financière commerce\Vacance financière commerce.SemanticModel\definition\tables\Mesure.tmdl","Affaires non terminées ou annulées","Affaires non terminées ou annulées","Activité et qualité de service","Suit un volume d'activité ou un indicateur de qualité de service.","False","2694"
"Vacance financière commerce.SemanticModel","Vacance financière commerce\Vacance financière commerce.SemanticModel\definition\tables\Mesure.tmdl","#AffairesTerminéesDansLesTemps","Affaires terminées dans les temps","Activité et qualité de service","Suit un volume d'activité ou un indicateur de qualité de service.","False","2675"
"Vacance financière commerce.SemanticModel","Vacance financière commerce\Vacance financière commerce.SemanticModel\definition\tables\Mesure.tmdl","#AffairesTerminéesEnRetard","Affaires terminées en retard","Activité et qualité de service","Suit un volume d'activité ou un indicateur de qualité de service.","False","2678"
"Vacance financière commerce.SemanticModel","Vacance financière commerce\Vacance financière commerce.SemanticModel\definition\tables\Mesure.tmdl","# Affaires","Nombre d'affaires","Activité et qualité de service","Suit un volume d'activité ou un indicateur de qualité de service.","False","2671"
"Vacance financière commerce.SemanticModel","Vacance financière commerce\Vacance financière commerce.SemanticModel\definition\tables\Mesure.tmdl","# AffairesTraitées","Nombre d'affaires traitées","Activité et qualité de service","Suit un volume d'activité ou un indicateur de qualité de service.","False","2681"
"Vacance financière commerce.SemanticModel","Vacance financière commerce\Vacance financière commerce.SemanticModel\definition\tables\Mesure.tmdl","Satisfaction annuelle","Satisfaction annuelle","Activité et qualité de service","Suit un volume d'activité ou un indicateur de qualité de service.","False","1733"
"Vacance financière commerce.SemanticModel","Vacance financière commerce\Vacance financière commerce.SemanticModel\definition\tables\Mesure.tmdl","%AffairesTerminéesDansLesTemps","Taux d'affaires terminées dans les temps","Activité et qualité de service","Suit un volume d'activité ou un indicateur de qualité de service.","False","2685"
"Vacance financière commerce.SemanticModel","Vacance financière commerce\Vacance financière commerce.SemanticModel\definition\tables\Mesure.tmdl","Nombre d'assurés","Nombre d'assurés","Assurances","Suit la couverture assurantielle des locataires ou des logements.","False","2775"
"Vacance financière commerce.SemanticModel","Vacance financière commerce\Vacance financière commerce.SemanticModel\definition\tables\Mesure.tmdl","Tx d'assurés","Taux d'assurés","Assurances","Suit la couverture assurantielle des locataires ou des logements.","False","2763"
"Vacance financière commerce.SemanticModel","Vacance financière commerce\Vacance financière commerce.SemanticModel\definition\tables\Mesure.tmdl","Tx d'assurés n-1","Taux d'assurés année précédente","Assurances","Suit la couverture assurantielle des locataires ou des logements. La comparaison se fait avec la même période de l'année précédente.","False","3899"
"Vacance financière commerce.SemanticModel","Vacance financière commerce\Vacance financière commerce.SemanticModel\definition\tables\Mesure.tmdl","€ Dette","Dette","Dette et impayés","Indique une proportion liée aux impayés ou à l'évolution de la dette.","False","3420"
"Vacance financière commerce.SemanticModel","Vacance financière commerce\Vacance financière commerce.SemanticModel\definition\tables\Mesure.tmdl","Impayé des Partis","Dette des locataires partis","Dette et impayés","Suit les montants restant dus, les impayés ou leur évolution.","False","3540"
"Vacance financière commerce.SemanticModel","Vacance financière commerce\Vacance financière commerce.SemanticModel\definition\tables\Mesure.tmdl","Dette Partis M-1","Dette des locataires partis du mois précédent","Dette et impayés","Indique une proportion liée aux impayés ou à l'évolution de la dette. La comparaison se fait avec le mois précédent.","False","2053"
"Vacance financière commerce.SemanticModel","Vacance financière commerce\Vacance financière commerce.SemanticModel\definition\tables\Mesure.tmdl","Impayé des présents","Dette des locataires présents","Dette et impayés","Suit les montants restant dus, les impayés ou leur évolution.","False","3535"
"Vacance financière commerce.SemanticModel","Vacance financière commerce\Vacance financière commerce.SemanticModel\definition\tables\Mesure.tmdl","Dette Présents M-1","Dette des locataires présents du mois précédent","Dette et impayés","Indique une proportion liée aux impayés ou à l'évolution de la dette. La comparaison se fait avec le mois précédent.","False","2015"
"Vacance financière commerce.SemanticModel","Vacance financière commerce\Vacance financière commerce.SemanticModel\definition\tables\Mesure.tmdl","€ Dette HPP","Dette hors passages en perte","Dette et impayés","Suit les montants restant dus, les impayés ou leur évolution. Le résultat est cumulé depuis le début de l'année.","False","3455"
"Vacance financière commerce.SemanticModel","Vacance financière commerce\Vacance financière commerce.SemanticModel\definition\tables\Mesure.tmdl","Dette HPP M-1","Dette hors passages en perte du mois précédent","Dette et impayés","Suit les montants restant dus, les impayés ou leur évolution. La comparaison se fait avec le mois précédent.","False","3777"
"Vacance financière commerce.SemanticModel","Vacance financière commerce\Vacance financière commerce.SemanticModel\definition\tables\Mesure.tmdl","Soldem_ca_operation_+ yc PP","Dette positive avec passages en perte","Dette et impayés","Indique une proportion liée aux impayés ou à l'évolution de la dette.","False","1169"
"Vacance financière commerce.SemanticModel","Vacance financière commerce\Vacance financière commerce.SemanticModel\definition\tables\Mesure.tmdl","Soldem_ca_operation_+_Partis","Dette positive des locataires partis","Dette et impayés","Indique une proportion liée aux impayés ou à l'évolution de la dette.","False","2045"
"Vacance financière commerce.SemanticModel","Vacance financière commerce\Vacance financière commerce.SemanticModel\definition\tables\Mesure.tmdl","Soldem_ca_operation_+_Present","Dette positive des locataires présents","Dette et impayés","Indique une proportion liée aux impayés ou à l'évolution de la dette.","False","639"
"Vacance financière commerce.SemanticModel","Vacance financière commerce\Vacance financière commerce.SemanticModel\definition\tables\Mesure.tmdl","Soldem1_ca_operation_+","Dette positive du mois précédent","Dette et impayés","Indique une proportion liée aux impayés ou à l'évolution de la dette. La comparaison se fait avec le mois précédent.","False","183"
"Vacance financière commerce.SemanticModel","Vacance financière commerce\Vacance financière commerce.SemanticModel\definition\tables\Mesure.tmdl","Soldem_ca_operation_+ hpp","Dette positive hors passages en perte","Dette et impayés","Indique une proportion liée aux impayés ou à l'évolution de la dette.","False","212"
"Vacance financière commerce.SemanticModel","Vacance financière commerce\Vacance financière commerce.SemanticModel\definition\tables\Mesure.tmdl","Dette présents","Dette présents","Dette et impayés","Indique une proportion liée aux impayés ou à l'évolution de la dette.","False","1961"
"Vacance financière commerce.SemanticModel","Vacance financière commerce\Vacance financière commerce.SemanticModel\definition\tables\Mesure.tmdl","MoisDecembrePrecedent","Mois de décembre précédent","Dette et impayés","Indique une proportion liée aux impayés ou à l'évolution de la dette.","False","2111"
"Vacance financière commerce.SemanticModel","Vacance financière commerce\Vacance financière commerce.SemanticModel\definition\tables\Mesure.tmdl","€ Dette YTD","Montant Dette cumul annuel","Dette et impayés","Suit les montants restant dus, les impayés ou leur évolution. La comparaison se fait avec la même période de l'année précédente.","False","3425"
"Vacance financière commerce.SemanticModel","Vacance financière commerce\Vacance financière commerce.SemanticModel\definition\tables\Mesure.tmdl","€ Dette M1","Montant Dette mois précédent","Dette et impayés","Suit les montants restant dus, les impayés ou leur évolution. La comparaison se fait avec le mois précédent.","False","3489"
"Vacance financière commerce.SemanticModel","Vacance financière commerce\Vacance financière commerce.SemanticModel\definition\tables\Mesure.tmdl","MontantTotal3*Dette_SUMX","Montant total des dettes élevées","Dette et impayés","Indique une proportion liée aux impayés ou à l'évolution de la dette.","False","925"
"Vacance financière commerce.SemanticModel","Vacance financière commerce\Vacance financière commerce.SemanticModel\definition\tables\Mesure.tmdl","NombreCodeCADistinctsAvec3*Dette","Nombre de contrats avec dette élevée","Dette et impayés","Indique une proportion liée aux impayés ou à l'évolution de la dette.","False","909"
"Vacance financière commerce.SemanticModel","Vacance financière commerce\Vacance financière commerce.SemanticModel\definition\tables\Mesure.tmdl","Nb Foyers en impayé","Nombre de Foyers en impayé","Dette et impayés","Indique une proportion liée aux impayés ou à l'évolution de la dette.","False","1680"
"Vacance financière commerce.SemanticModel","Vacance financière commerce\Vacance financière commerce.SemanticModel\definition\tables\Mesure.tmdl","Nb ménage en impayé","Nombre de ménages en impayé","Dette et impayés","Indique une proportion liée aux impayés ou à l'évolution de la dette.","False","889"
"Vacance financière commerce.SemanticModel","Vacance financière commerce\Vacance financière commerce.SemanticModel\definition\tables\Mesure.tmdl","Nombre endetté","Nombre endetté","Dette et impayés","Indique une proportion liée aux impayés ou à l'évolution de la dette.","False","2797"
"Vacance financière commerce.SemanticModel","Vacance financière commerce\Vacance financière commerce.SemanticModel\definition\tables\Mesure.tmdl","€ PP","Passages en perte","Dette et impayés","Suit les montants restant dus, les impayés ou leur évolution.","False","3431"
"Vacance financière commerce.SemanticModel","Vacance financière commerce\Vacance financière commerce.SemanticModel\definition\tables\Mesure.tmdl","€ PP YTD","Passages en perte cumulés annuels","Dette et impayés","Suit les montants restant dus, les impayés ou leur évolution. La comparaison se fait avec la même période de l'année précédente.","False","3437"
"Vacance financière commerce.SemanticModel","Vacance financière commerce\Vacance financière commerce.SemanticModel\definition\tables\Mesure.tmdl","CumulPassagesEnPerteAnnuel","Passages en perte cumulés annuels historique","Dette et impayés","Suit les montants restant dus, les impayés ou leur évolution.","False","224"
"Vacance financière commerce.SemanticModel","Vacance financière commerce\Vacance financière commerce.SemanticModel\definition\tables\Mesure.tmdl","% Croissance annuelle","Taux de croissance annuel","Dette et impayés","Indique une proportion liée aux impayés ou à l'évolution de la dette. Le résultat est cumulé depuis le début de l'année.","False","2132"
"Vacance financière commerce.SemanticModel","Vacance financière commerce\Vacance financière commerce.SemanticModel\definition\tables\Mesure.tmdl","% Croissance annuelle Dette","Taux de croissance annuelle de la dette","Dette et impayés","Indique une proportion liée aux impayés ou à l'évolution de la dette. Le résultat est cumulé depuis le début de l'année.","False","3738"
"Vacance financière commerce.SemanticModel","Vacance financière commerce\Vacance financière commerce.SemanticModel\definition\tables\Mesure.tmdl","% croissance_soldem_ca_operation_+_uniquement positif","Taux de croissance de la dette positive","Dette et impayés","Indique une proportion liée aux impayés ou à l'évolution de la dette.","False","2612"
"Vacance financière commerce.SemanticModel","Vacance financière commerce\Vacance financière commerce.SemanticModel\definition\tables\Mesure.tmdl","% Croissance dette M","Taux de croissance mensuelle de la dette","Dette et impayés","Indique une proportion liée aux impayés ou à l'évolution de la dette.","False","3733"
"Vacance financière commerce.SemanticModel","Vacance financière commerce\Vacance financière commerce.SemanticModel\definition\tables\Mesure.tmdl","% croissance_soldem_ca_operation_+","Taux de variation de la dette positive","Dette et impayés","Indique une proportion liée aux impayés ou à l'évolution de la dette.","False","220"
"Vacance financière commerce.SemanticModel","Vacance financière commerce\Vacance financière commerce.SemanticModel\definition\tables\Mesure.tmdl","€ Croissance annuelle Dette","Variation annuelle de la dette","Dette et impayés","Suit les montants restant dus, les impayés ou leur évolution. Le résultat est cumulé depuis le début de l'année.","False","3469"
"Vacance financière commerce.SemanticModel","Vacance financière commerce\Vacance financière commerce.SemanticModel\definition\tables\Mesure.tmdl","CroissanceSoldem_CA_Operation_YTD","Variation de dette cumulée annuelle","Dette et impayés","Indique une proportion liée aux impayés ou à l'évolution de la dette. Le résultat est cumulé depuis le début de l'année.","False","317"
"Vacance financière commerce.SemanticModel","Vacance financière commerce\Vacance financière commerce.SemanticModel\definition\tables\Mesure.tmdl","€ Croissance Dette","Variation mensuelle de la dette","Dette et impayés","Suit les montants restant dus, les impayés ou leur évolution. La comparaison se fait avec le mois précédent.","False","3493"
"Vacance financière commerce.SemanticModel","Vacance financière commerce\Vacance financière commerce.SemanticModel\definition\tables\Mesure.tmdl","€ Croissance soldem_ca_operation","Variation mensuelle de la dette historique","Dette et impayés","Indique une proportion liée aux impayés ou à l'évolution de la dette.","False","284"
"Vacance financière commerce.SemanticModel","Vacance financière commerce\Vacance financière commerce.SemanticModel\definition\tables\Mesure.tmdl","CumulQuittancementsAnnuel","Cumul Quittancements Annuel","Encaissement et quittancement","Additionne les montants facturés, encaissés ou liés aux allocations.","False","1337"
"Vacance financière commerce.SemanticModel","Vacance financière commerce\Vacance financière commerce.SemanticModel\definition\tables\Mesure.tmdl","Encaissement + alloc","Encaissement avec allocations","Encaissement et quittancement","Suit la part des sommes encaissées par rapport aux sommes attendues.","False","885"
"Vacance financière commerce.SemanticModel","Vacance financière commerce\Vacance financière commerce.SemanticModel\definition\tables\Mesure.tmdl","Encaissement + AL","Encaissement avec allocations logement","Encaissement et quittancement","Suit la part des sommes encaissées par rapport aux sommes attendues.","False","1974"
"Vacance financière commerce.SemanticModel","Vacance financière commerce\Vacance financière commerce.SemanticModel\definition\tables\Mesure.tmdl","Encaissements + AL cumulés","Encaissements avec allocations logement cumulés","Encaissement et quittancement","Suit la part des sommes encaissées par rapport aux sommes attendues.","False","1846"
"Vacance financière commerce.SemanticModel","Vacance financière commerce\Vacance financière commerce.SemanticModel\definition\tables\Mesure.tmdl","€ Quittancement M-1","Montant Quittancement mois précédent","Encaissement et quittancement","Additionne les montants facturés, encaissés ou liés aux allocations. La comparaison se fait avec le mois précédent.","False","3879"
"Vacance financière commerce.SemanticModel","Vacance financière commerce\Vacance financière commerce.SemanticModel\definition\tables\Mesure.tmdl","NbCA_AL","Nombre de contrats avec allocation logement","Encaissement et quittancement","Additionne les montants facturés, encaissés ou liés aux allocations.","False","838"
"Vacance financière commerce.SemanticModel","Vacance financière commerce\Vacance financière commerce.SemanticModel\definition\tables\Mesure.tmdl","Nombre de ménages AL","Nombre de ménages AL","Encaissement et quittancement","Additionne les montants facturés, encaissés ou liés aux allocations.","False","1258"
"Vacance financière commerce.SemanticModel","Vacance financière commerce\Vacance financière commerce.SemanticModel\definition\tables\Mesure.tmdl","Quittancé YTD m1","Quittancé cumul annuel mois précédent","Encaissement et quittancement","Additionne les montants facturés, encaissés ou liés aux allocations. La comparaison se fait avec le mois précédent.","False","2478"
"Vacance financière commerce.SemanticModel","Vacance financière commerce\Vacance financière commerce.SemanticModel\definition\tables\Mesure.tmdl","€ Quittancement","Quittancement","Encaissement et quittancement","Additionne les montants facturés, encaissés ou liés aux allocations.","False","3460"
"Vacance financière commerce.SemanticModel","Vacance financière commerce\Vacance financière commerce.SemanticModel\definition\tables\Mesure.tmdl","€ Quittancement YTD","Quittancement cumulé annuel","Encaissement et quittancement","Additionne les montants facturés, encaissés ou liés aux allocations. La comparaison se fait avec la même période de l'année précédente.","False","3464"
"Vacance financière commerce.SemanticModel","Vacance financière commerce\Vacance financière commerce.SemanticModel\definition\tables\Mesure.tmdl","CumulQuitm_CA_Operation_YTD","Quittancement cumulé annuel historique","Encaissement et quittancement","Additionne les montants facturés, encaissés ou liés aux allocations. Le résultat est cumulé depuis le début de l'année.","False","359"
"Vacance financière commerce.SemanticModel","Vacance financière commerce\Vacance financière commerce.SemanticModel\definition\tables\Mesure.tmdl","Quittancement hors AL (M-1)","Quittancement hors AL (mois précédent)","Encaissement et quittancement","Additionne les montants facturés, encaissés ou liés aux allocations. La comparaison se fait avec le mois précédent.","False","2158"
"Vacance financière commerce.SemanticModel","Vacance financière commerce\Vacance financière commerce.SemanticModel\definition\tables\Mesure.tmdl","€ Quittancement YTD Logement","Quittancement logements cumulé annuel","Encaissement et quittancement","Additionne les montants facturés, encaissés ou liés aux allocations. La comparaison se fait avec la même période de l'année précédente.","False","3601"
"Vacance financière commerce.SemanticModel","Vacance financière commerce\Vacance financière commerce.SemanticModel\definition\tables\Mesure.tmdl","€ Quittancement logements et commerces YTD","Quittancement logements et commerces cumulé annuel","Encaissement et quittancement","Additionne les montants facturés, encaissés ou liés aux allocations. La comparaison se fait avec la même période de l'année précédente.","False","3817"
"Vacance financière commerce.SemanticModel","Vacance financière commerce\Vacance financière commerce.SemanticModel\definition\tables\Mesure.tmdl","€ Quittancement logements et commerces M","Quittancement logements et commerces mensuel","Encaissement et quittancement","Additionne les montants facturés, encaissés ou liés aux allocations.","False","3812"
"Vacance financière commerce.SemanticModel","Vacance financière commerce\Vacance financière commerce.SemanticModel\definition\tables\Mesure.tmdl","Quittancement Logements M","Quittancement logements mensuel","Encaissement et quittancement","Additionne les montants facturés, encaissés ou liés aux allocations.","False","3611"
"Vacance financière commerce.SemanticModel","Vacance financière commerce\Vacance financière commerce.SemanticModel\definition\tables\Mesure.tmdl","€ Quitm_ca_operation","Quittancement mensuel","Encaissement et quittancement","Additionne les montants facturés, encaissés ou liés aux allocations.","False","309"
"Vacance financière commerce.SemanticModel","Vacance financière commerce\Vacance financière commerce.SemanticModel\definition\tables\Mesure.tmdl","Quittancement_m1_Crediteurs","Quittancement mois précédent Crediteurs","Encaissement et quittancement","Additionne les montants facturés, encaissés ou liés aux allocations. La comparaison se fait avec le mois précédent.","False","2405"
"Vacance financière commerce.SemanticModel","Vacance financière commerce\Vacance financière commerce.SemanticModel\definition\tables\Mesure.tmdl","Quittancement_m1_Débiteurs","Quittancement mois précédent Débiteurs","Encaissement et quittancement","Additionne les montants facturés, encaissés ou liés aux allocations. La comparaison se fait avec le mois précédent.","False","2376"
"Vacance financière commerce.SemanticModel","Vacance financière commerce\Vacance financière commerce.SemanticModel\definition\tables\Mesure.tmdl","Quittancement_m1_Soldés","Quittancement mois précédent Soldés","Encaissement et quittancement","Additionne les montants facturés, encaissés ou liés aux allocations. La comparaison se fait avec le mois précédent.","False","2432"
"Vacance financière commerce.SemanticModel","Vacance financière commerce\Vacance financière commerce.SemanticModel\definition\tables\Mesure.tmdl","Quittancement_m1_Total","Quittancement mois précédent Total","Encaissement et quittancement","Additionne les montants facturés, encaissés ou liés aux allocations. La comparaison se fait avec le mois précédent.","False","2459"
"Vacance financière commerce.SemanticModel","Vacance financière commerce\Vacance financière commerce.SemanticModel\definition\tables\Mesure.tmdl","Quittancement_m1_Total_Cumule_Annuel","Quittancement mois précédent Total Cumule Annuel","Encaissement et quittancement","Additionne les montants facturés, encaissés ou liés aux allocations. La comparaison se fait avec le mois précédent.","False","2538"
"Vacance financière commerce.SemanticModel","Vacance financière commerce\Vacance financière commerce.SemanticModel\definition\tables\Mesure.tmdl","Règlements","Règlements","Encaissement et quittancement","Additionne les montants facturés, encaissés ou liés aux allocations.","False","1491"
"Vacance financière commerce.SemanticModel","Vacance financière commerce\Vacance financière commerce.SemanticModel\definition\tables\Mesure.tmdl","Règlements HPP","Règlements hors passages en perte","Encaissement et quittancement","Additionne les montants facturés, encaissés ou liés aux allocations.","False","2147"
"Vacance financière commerce.SemanticModel","Vacance financière commerce\Vacance financière commerce.SemanticModel\definition\tables\Mesure.tmdl","Règlements HPP M-12","Règlements hors passages en perte douze mois avant","Encaissement et quittancement","Additionne les montants facturés, encaissés ou liés aux allocations. La comparaison se fait avec le mois précédent.","False","2188"
"Vacance financière commerce.SemanticModel","Vacance financière commerce\Vacance financière commerce.SemanticModel\definition\tables\Mesure.tmdl","Règlements HPP M-1","Règlements hors passages en perte mois précédent","Encaissement et quittancement","Additionne les montants facturés, encaissés ou liés aux allocations. La comparaison se fait avec le mois précédent.","False","2176"
"Vacance financière commerce.SemanticModel","Vacance financière commerce\Vacance financière commerce.SemanticModel\definition\tables\Mesure.tmdl","Règlements locataires","Règlements locataires","Encaissement et quittancement","Additionne les montants facturés, encaissés ou liés aux allocations.","False","2136"
"Vacance financière commerce.SemanticModel","Vacance financière commerce\Vacance financière commerce.SemanticModel\definition\tables\Mesure.tmdl","Tx Croissance M-12 (%)","Taux de croissance douze mois avant","Encaissement et quittancement","Suit la part des sommes encaissées par rapport aux sommes attendues. La comparaison se fait avec le mois précédent.","False","2218"
"Vacance financière commerce.SemanticModel","Vacance financière commerce\Vacance financière commerce.SemanticModel\definition\tables\Mesure.tmdl","Tx Croissance M-1 (%)","Taux de croissance du mois précédent","Encaissement et quittancement","Suit la part des sommes encaissées par rapport aux sommes attendues. La comparaison se fait avec le mois précédent.","False","2204"
"Vacance financière commerce.SemanticModel","Vacance financière commerce\Vacance financière commerce.SemanticModel\definition\tables\Mesure.tmdl","Taux Règlements HPP CB M","Taux de règlements CB mensuel hors passages en perte","Encaissement et quittancement","Suit la part des sommes encaissées par rapport aux sommes attendues.","False","2359"
"Vacance financière commerce.SemanticModel","Vacance financière commerce\Vacance financière commerce.SemanticModel\definition\tables\Mesure.tmdl","Taux Règlements HPP Espèces M","Taux de règlements en espèces mensuel hors passages en perte","Encaissement et quittancement","Suit la part des sommes encaissées par rapport aux sommes attendues.","False","2274"
"Vacance financière commerce.SemanticModel","Vacance financière commerce\Vacance financière commerce.SemanticModel\definition\tables\Mesure.tmdl","Taux Règlements HPP IBAN M","Taux de règlements IBAN mensuel hors passages en perte","Encaissement et quittancement","Suit la part des sommes encaissées par rapport aux sommes attendues.","False","2291"
"Vacance financière commerce.SemanticModel","Vacance financière commerce\Vacance financière commerce.SemanticModel\definition\tables\Mesure.tmdl","Taux Règlements HPP Chèque M","Taux de règlements par chèque mensuel hors passages en perte","Encaissement et quittancement","Suit la part des sommes encaissées par rapport aux sommes attendues.","False","2342"
"Vacance financière commerce.SemanticModel","Vacance financière commerce\Vacance financière commerce.SemanticModel\definition\tables\Mesure.tmdl","Taux Règlements HPP Prélèvements M","Taux de règlements par prélèvement mensuel hors passages en perte","Encaissement et quittancement","Suit la part des sommes encaissées par rapport aux sommes attendues.","False","2308"
"Vacance financière commerce.SemanticModel","Vacance financière commerce\Vacance financière commerce.SemanticModel\definition\tables\Mesure.tmdl","Taux Règlements HPP Virements M","Taux de règlements par virement mensuel hors passages en perte","Encaissement et quittancement","Suit la part des sommes encaissées par rapport aux sommes attendues.","False","2325"
"Vacance financière commerce.SemanticModel","Vacance financière commerce\Vacance financière commerce.SemanticModel\definition\tables\Mesure.tmdl","Taux d'encaissement YTD DTP Corrigé","Taux d'encaissement cumul annuel DTP Corrigé","Encaissement et quittancement","Suit la part des sommes encaissées par rapport aux sommes attendues. Le résultat est cumulé depuis le début de l'année.","False","2596"
"Vacance financière commerce.SemanticModel","Vacance financière commerce\Vacance financière commerce.SemanticModel\definition\tables\Mesure.tmdl","Taux Encaissement YTD","Taux d'encaissement cumulé annuel","Encaissement et quittancement","Suit la part des sommes encaissées par rapport aux sommes attendues. Le résultat est cumulé depuis le début de l'année.","False","3479"
"Vacance financière commerce.SemanticModel","Vacance financière commerce\Vacance financière commerce.SemanticModel\definition\tables\Mesure.tmdl","% Taux Encaissement YTD LY","Taux d'encaissement cumulé annuel année précédente","Encaissement et quittancement","Suit la part des sommes encaissées par rapport aux sommes attendues. La comparaison se fait avec la même période de l'année précédente.","False","3525"
"Vacance financière commerce.SemanticModel","Vacance financière commerce\Vacance financière commerce.SemanticModel\definition\tables\Mesure.tmdl","% Taux Encaissement YTD M-1","Taux d'encaissement cumulé annuel du mois précédent","Encaissement et quittancement","Suit la part des sommes encaissées par rapport aux sommes attendues. La comparaison se fait avec le mois précédent.","False","4028"
"Vacance financière commerce.SemanticModel","Vacance financière commerce\Vacance financière commerce.SemanticModel\definition\tables\Mesure.tmdl","tx encaissement YTD","Taux d'encaissement cumulé annuel historique","Encaissement et quittancement","Suit la part des sommes encaissées par rapport aux sommes attendues. Le résultat est cumulé depuis le début de l'année.","False","365"
"Vacance financière commerce.SemanticModel","Vacance financière commerce\Vacance financière commerce.SemanticModel\definition\tables\Mesure.tmdl","Tx Encaissement hpp soldes_ca_operation","Taux d'encaissement hors passages en perte","Encaissement et quittancement","Suit la part des sommes encaissées par rapport aux sommes attendues.","False","313"
"Vacance financière commerce.SemanticModel","Vacance financière commerce\Vacance financière commerce.SemanticModel\definition\tables\Mesure.tmdl","% Taux Encaissement Mensuel","Taux d'encaissement mensuel","Encaissement et quittancement","Suit la part des sommes encaissées par rapport aux sommes attendues.","False","3515"
"Vacance financière commerce.SemanticModel","Vacance financière commerce\Vacance financière commerce.SemanticModel\definition\tables\Mesure.tmdl","% Taux Encaissement Mensuel LY","Taux d'encaissement mensuel année précédente","Encaissement et quittancement","Suit la part des sommes encaissées par rapport aux sommes attendues. La comparaison se fait avec la même période de l'année précédente.","False","3530"
"Vacance financière commerce.SemanticModel","Vacance financière commerce\Vacance financière commerce.SemanticModel\definition\tables\Mesure.tmdl","Taux d'encaissement mensuel DTP Corrigé","Taux d'encaissement mensuel DTP Corrigé","Encaissement et quittancement","Suit la part des sommes encaissées par rapport aux sommes attendues.","False","2600"
"Vacance financière commerce.SemanticModel","Vacance financière commerce\Vacance financière commerce.SemanticModel\definition\tables\Mesure.tmdl","Tx Encaissement YTD N-1","Taux Encaissement cumul annuel année précédente","Encaissement et quittancement","Suit la part des sommes encaissées par rapport aux sommes attendues. La comparaison se fait avec la même période de l'année précédente.","False","1208"
"Vacance financière commerce.SemanticModel","Vacance financière commerce\Vacance financière commerce.SemanticModel\definition\tables\Mesure.tmdl","tx encaissement YTD recalculé","Taux encaissement cumul annuel recalculé","Encaissement et quittancement","Suit la part des sommes encaissées par rapport aux sommes attendues. Le résultat est cumulé depuis le début de l'année.","False","1367"
"Vacance financière commerce.SemanticModel","Vacance financière commerce\Vacance financière commerce.SemanticModel\definition\tables\Mesure.tmdl","Taux RALI YTD","Taux RALI cumul annuel","Encaissement et quittancement","Suit la part des sommes encaissées par rapport aux sommes attendues. Le résultat est cumulé depuis le début de l'année.","False","2608"
"Vacance financière commerce.SemanticModel","Vacance financière commerce\Vacance financière commerce.SemanticModel\definition\tables\Mesure.tmdl","Taux RALI mensuel","Taux RALI mensuel","Encaissement et quittancement","Suit la part des sommes encaissées par rapport aux sommes attendues.","False","2604"
"Vacance financière commerce.SemanticModel","Vacance financière commerce\Vacance financière commerce.SemanticModel\definition\tables\Mesure.tmdl","Structures collectives","Structures collectives","Indicateurs généraux","Indicateur métier utilisé pour le pilotage.","False","1796"
"Vacance financière commerce.SemanticModel","Vacance financière commerce\Vacance financière commerce.SemanticModel\definition\tables\Mesure.tmdl","obj_2024_dette","Objectif 2024 de dette","Objectifs","Sert à comparer un résultat à un objectif de pilotage. Le résultat est cumulé depuis le début de l'année.","False","1006"
"Vacance financière commerce.SemanticModel","Vacance financière commerce\Vacance financière commerce.SemanticModel\definition\tables\Mesure.tmdl","obj_2024-vacancefi","Objectif 2024 de vacance financière","Objectifs","Sert à comparer un résultat à un objectif de pilotage. Le résultat est cumulé depuis le début de l'année.","False","1010"
"Vacance financière commerce.SemanticModel","Vacance financière commerce\Vacance financière commerce.SemanticModel\definition\tables\Mesure.tmdl","Objectif Plafond Annuel Dette Loc","Objectif annuel de dette locataires","Objectifs","Sert à comparer un résultat à un objectif de pilotage.","False","369"
"Vacance financière commerce.SemanticModel","Vacance financière commerce\Vacance financière commerce.SemanticModel\definition\tables\Mesure.tmdl","Obj_entrees_salaries","Objectif d'entrées de salariés","Objectifs","Sert à comparer un résultat à un objectif de pilotage.","False","1060"
"Vacance financière commerce.SemanticModel","Vacance financière commerce\Vacance financière commerce.SemanticModel\definition\tables\Mesure.tmdl","objectif intéressement tx encaissement","Objectif intéressement Taux encaissement","Objectifs","Sert à comparer un résultat à un objectif de pilotage.","False","1068"
"Vacance financière commerce.SemanticModel","Vacance financière commerce\Vacance financière commerce.SemanticModel\definition\tables\Mesure.tmdl","objectif intéressement tx vac fi com lgt","Objectif intéressement Taux vacance financière commerces logements","Objectifs","Sert à comparer un résultat à un objectif de pilotage.","False","1072"
"Vacance financière commerce.SemanticModel","Vacance financière commerce\Vacance financière commerce.SemanticModel\definition\tables\Mesure.tmdl","Objectif_Total_Dette","Objectif total de dette","Objectifs","Sert à comparer un résultat à un objectif de pilotage. Le résultat est cumulé depuis le début de l'année.","False","1014"
"Vacance financière commerce.SemanticModel","Vacance financière commerce\Vacance financière commerce.SemanticModel\definition\tables\Mesure.tmdl","Objectif_Total_Vacance","Objectif total de vacance","Objectifs","Sert à comparer un résultat à un objectif de pilotage. Le résultat est cumulé depuis le début de l'année.","False","1037"
"Vacance financière commerce.SemanticModel","Vacance financière commerce\Vacance financière commerce.SemanticModel\definition\tables\Mesure.tmdl","Plafond_mutation","Plafond mutation","Objectifs","Sert à comparer un résultat à un objectif de pilotage.","False","2816"
"Vacance financière commerce.SemanticModel","Vacance financière commerce\Vacance financière commerce.SemanticModel\definition\tables\Mesure.tmdl","Ratio intéressement encaissement","Ratio intéressement encaissement","Objectifs","Sert à comparer un résultat à un objectif de pilotage. Le résultat est cumulé depuis le début de l'année.","False","1076"
"Vacance financière commerce.SemanticModel","Vacance financière commerce\Vacance financière commerce.SemanticModel\definition\tables\Mesure.tmdl","Ratio intéressement vac fi com","Ratio intéressement vacance financière commerces","Objectifs","Sert à comparer un résultat à un objectif de pilotage. Le résultat est cumulé depuis le début de l'année.","False","1080"
"Vacance financière commerce.SemanticModel","Vacance financière commerce\Vacance financière commerce.SemanticModel\definition\tables\Mesure.tmdl","Ratio mutation","Ratio mutation","Objectifs","Sert à comparer un résultat à un objectif de pilotage. Le résultat est cumulé depuis le début de l'année.","False","2820"
"Vacance financière commerce.SemanticModel","Vacance financière commerce\Vacance financière commerce.SemanticModel\definition\tables\Mesure.tmdl","Dep_object_salaries","Taux d'atteinte de l'objectif d'entrées de salariés","Objectifs","Sert à comparer un résultat à un objectif de pilotage. Le résultat est cumulé depuis le début de l'année.","False","1064"
"Vacance financière commerce.SemanticModel","Vacance financière commerce\Vacance financière commerce.SemanticModel\definition\tables\Mesure.tmdl","% Dép objectif dette loc YTD","Taux d'atteinte de l'objectif dette locataires cumulé annuel","Objectifs","Sert à comparer un résultat à un objectif de pilotage. Le résultat est cumulé depuis le début de l'année.","False","1002"
"Vacance financière commerce.SemanticModel","Vacance financière commerce\Vacance financière commerce.SemanticModel\definition\tables\Mesure.tmdl","% Dép obj vacance logement","Taux d'atteinte de l'objectif vacance logements","Objectifs","Sert à comparer un résultat à un objectif de pilotage. Le résultat est cumulé depuis le début de l'année.","False","998"
"Vacance financière commerce.SemanticModel","Vacance financière commerce\Vacance financière commerce.SemanticModel\definition\tables\Mesure.tmdl","Variation de Ratio intéressement vac fi com par xAgence","Variation du ratio d'intéressement vacance financière par agence","Objectifs","Sert à comparer un résultat à un objectif de pilotage.","False","1100"
"Vacance financière commerce.SemanticModel","Vacance financière commerce\Vacance financière commerce.SemanticModel\definition\tables\Mesure.tmdl","Cible entrées salariés","Cible entrées salariés","Occupation et mobilité","Mesure la part ou le rythme des mouvements d'occupation.","False","3331"
"Vacance financière commerce.SemanticModel","Vacance financière commerce\Vacance financière commerce.SemanticModel\definition\tables\Mesure.tmdl","Entrées YTD","Entrées cumulées annuelles historiques","Occupation et mobilité","Compte les entrées, sorties ou mouvements des locataires. Le résultat est cumulé depuis le début de l'année.","False","585"
"Vacance financière commerce.SemanticModel","Vacance financière commerce\Vacance financière commerce.SemanticModel\definition\tables\Mesure.tmdl","Entrées salariés","Entrées de salariés","Occupation et mobilité","Compte les entrées, sorties ou mouvements des locataires.","False","985"
"Vacance financière commerce.SemanticModel","Vacance financière commerce\Vacance financière commerce.SemanticModel\definition\tables\Mesure.tmdl","Entrées salariés YTD","Entrées de salariés cumulées annuelles","Occupation et mobilité","Compte les entrées, sorties ou mouvements des locataires. Le résultat est cumulé depuis le début de l'année.","False","969"
"Vacance financière commerce.SemanticModel","Vacance financière commerce\Vacance financière commerce.SemanticModel\definition\tables\Mesure.tmdl","Entrées en 2025","Entrées en 2025","Occupation et mobilité","Compte les entrées, sorties ou mouvements des locataires. Le résultat est cumulé depuis le début de l'année.","False","3921"
"Vacance financière commerce.SemanticModel","Vacance financière commerce\Vacance financière commerce.SemanticModel\definition\tables\Mesure.tmdl","# Entrées LOC YTD","Entrées locataires cumulées annuelles","Occupation et mobilité","Compte les entrées, sorties ou mouvements des locataires. La comparaison se fait avec la même période de l'année précédente.","False","3570"
"Vacance financière commerce.SemanticModel","Vacance financière commerce\Vacance financière commerce.SemanticModel\definition\tables\Mesure.tmdl","Mobilité N-1","Mobilité année précédente","Occupation et mobilité","Mesure la part ou le rythme des mouvements d'occupation. La comparaison se fait avec la même période de l'année précédente.","False","3545"
"Vacance financière commerce.SemanticModel","Vacance financière commerce\Vacance financière commerce.SemanticModel\definition\tables\Mesure.tmdl","Mobilité YTD","Mobilité cumul annuel","Occupation et mobilité","Mesure la part ou le rythme des mouvements d'occupation. Le résultat est cumulé depuis le début de l'année.","False","631"
"Vacance financière commerce.SemanticModel","Vacance financière commerce\Vacance financière commerce.SemanticModel\definition\tables\Mesure.tmdl","Mobilité YTD new","Mobilité cumulée annuelle","Occupation et mobilité","Mesure la part ou le rythme des mouvements d'occupation. La comparaison se fait avec la même période de l'année précédente.","False","3555"
"Vacance financière commerce.SemanticModel","Vacance financière commerce\Vacance financière commerce.SemanticModel\definition\tables\Mesure.tmdl","Mobilité m-1","Mobilité du mois précédent","Occupation et mobilité","Mesure la part ou le rythme des mouvements d'occupation. La comparaison se fait avec le mois précédent.","False","4048"
"Vacance financière commerce.SemanticModel","Vacance financière commerce\Vacance financière commerce.SemanticModel\definition\tables\Mesure.tmdl","Mobilité mensuelle","Mobilité mensuelle","Occupation et mobilité","Mesure la part ou le rythme des mouvements d'occupation.","False","635"
"Vacance financière commerce.SemanticModel","Vacance financière commerce\Vacance financière commerce.SemanticModel\definition\tables\Mesure.tmdl","Mobilité 12m","Mobilité sur douze mois","Occupation et mobilité","Mesure la part ou le rythme des mouvements d'occupation.","False","2812"
"Vacance financière commerce.SemanticModel","Vacance financière commerce\Vacance financière commerce.SemanticModel\definition\tables\Mesure.tmdl","Mobilité 1a N-1","Mobilité sur douze mois année précédente","Occupation et mobilité","Mesure la part ou le rythme des mouvements d'occupation. La comparaison se fait avec la même période de l'année précédente.","False","4043"
"Vacance financière commerce.SemanticModel","Vacance financière commerce\Vacance financière commerce.SemanticModel\definition\tables\Mesure.tmdl","Mobilité 1a","Mobilité sur un an","Occupation et mobilité","Mesure la part ou le rythme des mouvements d'occupation.","False","3550"
"Vacance financière commerce.SemanticModel","Vacance financière commerce\Vacance financière commerce.SemanticModel\definition\tables\Mesure.tmdl","Mutation","Mutation","Occupation et mobilité","Compte les entrées, sorties ou mouvements des locataires.","False","2734"
"Vacance financière commerce.SemanticModel","Vacance financière commerce\Vacance financière commerce.SemanticModel\definition\tables\Mesure.tmdl","Mutations YTD","Mutations cumul annuel","Occupation et mobilité","Compte les entrées, sorties ou mouvements des locataires. Le résultat est cumulé depuis le début de l'année.","False","2738"
"Vacance financière commerce.SemanticModel","Vacance financière commerce\Vacance financière commerce.SemanticModel\definition\tables\Mesure.tmdl","# Mutations YTD","Mutations cumulées annuelles","Occupation et mobilité","Compte les entrées, sorties ou mouvements des locataires. La comparaison se fait avec la même période de l'année précédente.","False","3560"
"Vacance financière commerce.SemanticModel","Vacance financière commerce\Vacance financière commerce.SemanticModel\definition\tables\Mesure.tmdl","# Sorties","Nombre de sorties","Occupation et mobilité","Compte les entrées, sorties ou mouvements des locataires.","False","419"
"Vacance financière commerce.SemanticModel","Vacance financière commerce\Vacance financière commerce.SemanticModel\definition\tables\Mesure.tmdl","# Entrées","Nombre d'entrées","Occupation et mobilité","Compte les entrées, sorties ou mouvements des locataires.","False","414"
"Vacance financière commerce.SemanticModel","Vacance financière commerce\Vacance financière commerce.SemanticModel\definition\tables\Mesure.tmdl","# Entrées YTD","Nombre d'entrées cumulées annuelles","Occupation et mobilité","Compte les entrées, sorties ou mouvements des locataires. La comparaison se fait avec la même période de l'année précédente.","False","3565"
"Vacance financière commerce.SemanticModel","Vacance financière commerce\Vacance financière commerce.SemanticModel\definition\tables\Mesure.tmdl","# Entrées Salariés YTD","Nombre d'entrées de salariés cumulées annuelles","Occupation et mobilité","Compte les entrées, sorties ou mouvements des locataires. La comparaison se fait avec la même période de l'année précédente.","False","3575"
"Vacance financière commerce.SemanticModel","Vacance financière commerce\Vacance financière commerce.SemanticModel\definition\tables\Mesure.tmdl","Sorties YTD","Sorties cumul annuel","Occupation et mobilité","Compte les entrées, sorties ou mouvements des locataires. La comparaison se fait avec la même période de l'année précédente.","False","3447"
"Vacance financière commerce.SemanticModel","Vacance financière commerce\Vacance financière commerce.SemanticModel\definition\tables\Mesure.tmdl","Sorties_YTD","Sorties cumulées annuelles","Occupation et mobilité","Compte les entrées, sorties ou mouvements des locataires. Le résultat est cumulé depuis le début de l'année.","False","616"
"Vacance financière commerce.SemanticModel","Vacance financière commerce\Vacance financière commerce.SemanticModel\definition\tables\Mesure.tmdl","Sorties_12M","Sorties sur douze mois","Occupation et mobilité","Compte les entrées, sorties ou mouvements des locataires.","False","855"
"Vacance financière commerce.SemanticModel","Vacance financière commerce\Vacance financière commerce.SemanticModel\definition\tables\Mesure.tmdl","Tx de mutation YTD","Taux de mutation cumul annuel","Occupation et mobilité","Mesure la part ou le rythme des mouvements d'occupation. Le résultat est cumulé depuis le début de l'année.","False","2757"
"Vacance financière commerce.SemanticModel","Vacance financière commerce\Vacance financière commerce.SemanticModel\definition\tables\Mesure.tmdl","% Entrées Salariés YTD","Taux Entrées Salariés cumul annuel","Occupation et mobilité","Mesure la part ou le rythme des mouvements d'occupation. Le résultat est cumulé depuis le début de l'année.","False","671"
"Vacance financière commerce.SemanticModel","Vacance financière commerce\Vacance financière commerce.SemanticModel\definition\tables\Mesure.tmdl","Age","Age","Patrimoine","Compte des éléments du patrimoine comme les logements, commerces, bâtiments ou unités de gestion.","False","1898"
"Vacance financière commerce.SemanticModel","Vacance financière commerce\Vacance financière commerce.SemanticModel\definition\tables\Mesure.tmdl","GH","GH","Patrimoine","Compte des éléments du patrimoine comme les logements, commerces, bâtiments ou unités de gestion.","False","1842"
"Vacance financière commerce.SemanticModel","Vacance financière commerce\Vacance financière commerce.SemanticModel\definition\tables\Mesure.tmdl","Indice de densité urbaine","Indice de densité urbaine","Patrimoine","Suit un indicateur descriptif du patrimoine.","False","3852"
"Vacance financière commerce.SemanticModel","Vacance financière commerce\Vacance financière commerce.SemanticModel\definition\tables\Mesure.tmdl","Livraisons cumulées","Livraisons cumulées","Patrimoine","Compte des éléments du patrimoine comme les logements, commerces, bâtiments ou unités de gestion. La comparaison se fait avec la même période de l'année précédente.","False","446"
"Vacance financière commerce.SemanticModel","Vacance financière commerce\Vacance financière commerce.SemanticModel\definition\tables\Mesure.tmdl","Logements","Logements","Patrimoine","Compte des éléments du patrimoine comme les logements, commerces, bâtiments ou unités de gestion.","False","1692"
"Vacance financière commerce.SemanticModel","Vacance financière commerce\Vacance financière commerce.SemanticModel\definition\tables\Mesure.tmdl","# Bâtiments","Nombre de bâtiments","Patrimoine","Compte des éléments du patrimoine comme les logements, commerces, bâtiments ou unités de gestion.","False","3765"
"Vacance financière commerce.SemanticModel","Vacance financière commerce\Vacance financière commerce.SemanticModel\definition\tables\Mesure.tmdl","# Commerces","Nombre de commerces","Patrimoine","Compte des éléments du patrimoine comme les logements, commerces, bâtiments ou unités de gestion.","False","581"
"Vacance financière commerce.SemanticModel","Vacance financière commerce\Vacance financière commerce.SemanticModel\definition\tables\Mesure.tmdl","# Commerces m-1","Nombre de commerces du mois précédent","Patrimoine","Compte des éléments du patrimoine comme les logements, commerces, bâtiments ou unités de gestion. La comparaison se fait avec le mois précédent.","False","1936"
"Vacance financière commerce.SemanticModel","Vacance financière commerce\Vacance financière commerce.SemanticModel\definition\tables\Mesure.tmdl","# Commerces 2024","Nombre de commerces en 2024","Patrimoine","Compte des éléments du patrimoine comme les logements, commerces, bâtiments ou unités de gestion.","False","1700"
"Vacance financière commerce.SemanticModel","Vacance financière commerce\Vacance financière commerce.SemanticModel\definition\tables\Mesure.tmdl","# Commerces vacants","Nombre de commerces vacants","Patrimoine","Compte des éléments du patrimoine comme les logements, commerces, bâtiments ou unités de gestion.","False","1953"
"Vacance financière commerce.SemanticModel","Vacance financière commerce\Vacance financière commerce.SemanticModel\definition\tables\Mesure.tmdl","# CA principaux","Nombre de contrats principaux","Patrimoine","Compte des éléments du patrimoine comme les logements, commerces, bâtiments ou unités de gestion.","False","2767"
"Vacance financière commerce.SemanticModel","Vacance financière commerce\Vacance financière commerce.SemanticModel\definition\tables\Mesure.tmdl","Nb LIBRE","Nombre de LIBRE","Patrimoine","Compte des éléments du patrimoine comme les logements, commerces, bâtiments ou unités de gestion.","False","3088"
"Vacance financière commerce.SemanticModel","Vacance financière commerce\Vacance financière commerce.SemanticModel\definition\tables\Mesure.tmdl","# Livraisons M","Nombre de livraisons logements mensuelles","Patrimoine","Compte des éléments du patrimoine comme les logements, commerces, bâtiments ou unités de gestion.","False","1877"
"Vacance financière commerce.SemanticModel","Vacance financière commerce\Vacance financière commerce.SemanticModel\definition\tables\Mesure.tmdl","# Livraisons mensuelles","Nombre de livraisons mensuelles","Patrimoine","Compte des éléments du patrimoine comme les logements, commerces, bâtiments ou unités de gestion.","False","24"
"Vacance financière commerce.SemanticModel","Vacance financière commerce\Vacance financière commerce.SemanticModel\definition\tables\Mesure.tmdl","Nb LLS","Nombre de LLS","Patrimoine","Compte des éléments du patrimoine comme les logements, commerces, bâtiments ou unités de gestion.","False","3296"
"Vacance financière commerce.SemanticModel","Vacance financière commerce\Vacance financière commerce.SemanticModel\definition\tables\Mesure.tmdl","Nb LLTS","Nombre de LLTS","Patrimoine","Compte des éléments du patrimoine comme les logements, commerces, bâtiments ou unités de gestion.","False","3157"
"Vacance financière commerce.SemanticModel","Vacance financière commerce\Vacance financière commerce.SemanticModel\definition\tables\Mesure.tmdl","# Logements","Nombre de logements","Patrimoine","Compte des éléments du patrimoine comme les logements, commerces, bâtiments ou unités de gestion.","False","577"
"Vacance financière commerce.SemanticModel","Vacance financière commerce\Vacance financière commerce.SemanticModel\definition\tables\Mesure.tmdl","# Collectifs","Nombre de logements collectifs","Patrimoine","Compte des éléments du patrimoine comme les logements, commerces, bâtiments ou unités de gestion.","False","3907"
"Vacance financière commerce.SemanticModel","Vacance financière commerce\Vacance financière commerce.SemanticModel\definition\tables\Mesure.tmdl","# Logements m-1","Nombre de logements du mois précédent","Patrimoine","Compte des éléments du patrimoine comme les logements, commerces, bâtiments ou unités de gestion. La comparaison se fait avec le mois précédent.","False","1978"
"Vacance financière commerce.SemanticModel","Vacance financière commerce\Vacance financière commerce.SemanticModel\definition\tables\Mesure.tmdl","# Logements et commerces contractés","Nombre de logements et commerces contractés","Patrimoine","Compte des éléments du patrimoine comme les logements, commerces, bâtiments ou unités de gestion.","False","3895"
"Vacance financière commerce.SemanticModel","Vacance financière commerce\Vacance financière commerce.SemanticModel\definition\tables\Mesure.tmdl","# Individuels","Nombre de logements individuels","Patrimoine","Compte des éléments du patrimoine comme les logements, commerces, bâtiments ou unités de gestion.","False","3903"
"Vacance financière commerce.SemanticModel","Vacance financière commerce\Vacance financière commerce.SemanticModel\definition\tables\Mesure.tmdl","# Logements Vacants","Nombre de logements vacants","Patrimoine","Compte des éléments du patrimoine comme les logements, commerces, bâtiments ou unités de gestion.","False","67"
"Vacance financière commerce.SemanticModel","Vacance financière commerce\Vacance financière commerce.SemanticModel\definition\tables\Mesure.tmdl","# Loges","Nombre de loges","Patrimoine","Compte des éléments du patrimoine comme les logements, commerces, bâtiments ou unités de gestion.","False","1084"
"Vacance financière commerce.SemanticModel","Vacance financière commerce\Vacance financière commerce.SemanticModel\definition\tables\Mesure.tmdl","Nb PLI","Nombre de PLI","Patrimoine","Compte des éléments du patrimoine comme les logements, commerces, bâtiments ou unités de gestion.","False","3192"
"Vacance financière commerce.SemanticModel","Vacance financière commerce\Vacance financière commerce.SemanticModel\definition\tables\Mesure.tmdl","Nb PSLA","Nombre de PSLA","Patrimoine","Compte des éléments du patrimoine comme les logements, commerces, bâtiments ou unités de gestion.","False","3261"
"Vacance financière commerce.SemanticModel","Vacance financière commerce\Vacance financière commerce.SemanticModel\definition\tables\Mesure.tmdl","Nb T1","Nombre de T1","Patrimoine","Compte des éléments du patrimoine comme les logements, commerces, bâtiments ou unités de gestion.","False","2918"
"Vacance financière commerce.SemanticModel","Vacance financière commerce\Vacance financière commerce.SemanticModel\definition\tables\Mesure.tmdl","Nb T2","Nombre de T2","Patrimoine","Compte des éléments du patrimoine comme les logements, commerces, bâtiments ou unités de gestion.","False","2952"
"Vacance financière commerce.SemanticModel","Vacance financière commerce\Vacance financière commerce.SemanticModel\definition\tables\Mesure.tmdl","Nb T3","Nombre de T3","Patrimoine","Compte des éléments du patrimoine comme les logements, commerces, bâtiments ou unités de gestion.","False","2986"
"Vacance financière commerce.SemanticModel","Vacance financière commerce\Vacance financière commerce.SemanticModel\definition\tables\Mesure.tmdl","Nb T4","Nombre de T4","Patrimoine","Compte des éléments du patrimoine comme les logements, commerces, bâtiments ou unités de gestion.","False","3020"
"Vacance financière commerce.SemanticModel","Vacance financière commerce\Vacance financière commerce.SemanticModel\definition\tables\Mesure.tmdl","Nb T5+","Nombre de T5 et plus","Patrimoine","Compte des éléments du patrimoine comme les logements, commerces, bâtiments ou unités de gestion.","False","3054"
"Vacance financière commerce.SemanticModel","Vacance financière commerce\Vacance financière commerce.SemanticModel\definition\tables\Mesure.tmdl","Nb d'étages","Nombre d'étages","Patrimoine","Compte des éléments du patrimoine comme les logements, commerces, bâtiments ou unités de gestion.","False","2903"
"Vacance financière commerce.SemanticModel","Vacance financière commerce\Vacance financière commerce.SemanticModel\definition\tables\Mesure.tmdl","# UG","Nombre d'UG","Patrimoine","Compte des éléments du patrimoine comme les logements, commerces, bâtiments ou unités de gestion.","False","20"
"Vacance financière commerce.SemanticModel","Vacance financière commerce\Vacance financière commerce.SemanticModel\definition\tables\Mesure.tmdl","# UG Vacants VVO","Nombre d'UG vacantes volontaires","Patrimoine","Compte des éléments du patrimoine comme les logements, commerces, bâtiments ou unités de gestion.","False","1650"
"Vacance financière commerce.SemanticModel","Vacance financière commerce\Vacance financière commerce.SemanticModel\definition\tables\Mesure.tmdl","Prix m²","Prix mensuel²","Patrimoine","Suit un indicateur descriptif du patrimoine.","False","1893"
"Vacance financière commerce.SemanticModel","Vacance financière commerce\Vacance financière commerce.SemanticModel\definition\tables\Mesure.tmdl","% Commerces","Taux Commerces","Patrimoine","Compte des éléments du patrimoine comme les logements, commerces, bâtiments ou unités de gestion.","False","2830"
"Vacance financière commerce.SemanticModel","Vacance financière commerce\Vacance financière commerce.SemanticModel\definition\tables\Mesure.tmdl","% Logements","Taux Logements","Patrimoine","Compte des éléments du patrimoine comme les logements, commerces, bâtiments ou unités de gestion.","False","810"
"Vacance financière commerce.SemanticModel","Vacance financière commerce\Vacance financière commerce.SemanticModel\definition\tables\Mesure.tmdl","Couleur dette","Couleur de la dette","Restitution","Sert à afficher un texte, une couleur ou un contenu de restitution dans le rapport. Le résultat est cumulé depuis le début de l'année.","False","4083"
"Vacance financière commerce.SemanticModel","Vacance financière commerce\Vacance financière commerce.SemanticModel\definition\tables\Mesure.tmdl","Couleur vacance","Couleur de la vacance","Restitution","Sert à afficher un texte, une couleur ou un contenu de restitution dans le rapport. Le résultat est cumulé depuis le début de l'année.","False","4068"
"Vacance financière commerce.SemanticModel","Vacance financière commerce\Vacance financière commerce.SemanticModel\definition\tables\Mesure.tmdl","Couleur salariés","Couleur des entrées de salariés","Restitution","Sert à afficher un texte, une couleur ou un contenu de restitution dans le rapport. Le résultat est cumulé depuis le début de l'année.","False","4053"
"Vacance financière commerce.SemanticModel","Vacance financière commerce\Vacance financière commerce.SemanticModel\definition\tables\Mesure.tmdl","Narratif HTML","Narratif HTML","Restitution","Sert à afficher un texte, une couleur ou un contenu de restitution dans le rapport. La comparaison se fait avec la même période de l'année précédente.","False","4098"
"Vacance financière commerce.SemanticModel","Vacance financière commerce\Vacance financière commerce.SemanticModel\definition\tables\Mesure.tmdl","SousTitre HTML Détail impayé","Sous-titre HTML détail impayé","Restitution","Sert à afficher un texte, une couleur ou un contenu de restitution dans le rapport. La comparaison se fait avec la même période de l'année précédente.","False","4281"
"Vacance financière commerce.SemanticModel","Vacance financière commerce\Vacance financière commerce.SemanticModel\definition\tables\Mesure.tmdl","SousTitre HTML Détail vacance","Sous-titre HTML détail vacance","Restitution","Sert à afficher un texte, une couleur ou un contenu de restitution dans le rapport. La comparaison se fait avec la même période de l'année précédente.","False","4257"
"Vacance financière commerce.SemanticModel","Vacance financière commerce\Vacance financière commerce.SemanticModel\definition\tables\Mesure.tmdl","SousTitre HTML Flux d'occupation","Sous-titre HTML flux d'occupation","Restitution","Sert à afficher un texte, une couleur ou un contenu de restitution dans le rapport. La comparaison se fait avec la même période de l'année précédente.","False","4305"
"Vacance financière commerce.SemanticModel","Vacance financière commerce\Vacance financière commerce.SemanticModel\definition\tables\Mesure.tmdl","SousTitre HTML Patrimoine","Sous-titre HTML patrimoine","Restitution","Sert à afficher un texte, une couleur ou un contenu de restitution dans le rapport. La comparaison se fait avec la même période de l'année précédente.","False","4233"
"Vacance financière commerce.SemanticModel","Vacance financière commerce\Vacance financière commerce.SemanticModel\definition\tables\Mesure.tmdl","SousTitre HTML Quittancement et impayé","Sous-titre HTML quittancement et impayé","Restitution","Sert à afficher un texte, une couleur ou un contenu de restitution dans le rapport. La comparaison se fait avec la même période de l'année précédente.","False","4329"
"Vacance financière commerce.SemanticModel","Vacance financière commerce\Vacance financière commerce.SemanticModel\definition\tables\Mesure.tmdl","SousTitre HTML Vacance financière logements","Sous-titre HTML vacance financière logements","Restitution","Sert à afficher un texte, une couleur ou un contenu de restitution dans le rapport. La comparaison se fait avec la même période de l'année précédente.","False","4353"
"Vacance financière commerce.SemanticModel","Vacance financière commerce\Vacance financière commerce.SemanticModel\definition\tables\Mesure.tmdl","SousTitre HTML Vacance physique logements","Sous-titre HTML vacance physique logements","Restitution","Sert à afficher un texte, une couleur ou un contenu de restitution dans le rapport. La comparaison se fait avec la même période de l'année précédente.","False","4377"
"Vacance financière commerce.SemanticModel","Vacance financière commerce\Vacance financière commerce.SemanticModel\definition\tables\Mesure.tmdl","Titre Gestion Locative HTML","Titre HTML gestion locative","Restitution","Sert à afficher un texte, une couleur ou un contenu de restitution dans le rapport. La comparaison se fait avec la même période de l'année précédente.","False","4186"
"Vacance financière commerce.SemanticModel","Vacance financière commerce\Vacance financière commerce.SemanticModel\definition\tables\Mesure.tmdl","PPM1","Passages en perte du mois précédent","Temps","Sert à comparer ou cumuler un indicateur dans le temps. La comparaison se fait avec le mois précédent.","False","259"
"Vacance financière commerce.SemanticModel","Vacance financière commerce\Vacance financière commerce.SemanticModel\definition\tables\Mesure.tmdl","Armos Quittancement Théorique","Armos Quittancement Théorique","Vacance\Financière","Compte les logements, commerces ou unités concernés par une situation de vacance. Le résultat est cumulé depuis le début de l'année.","False","1517"
"Vacance financière commerce.SemanticModel","Vacance financière commerce\Vacance financière commerce.SemanticModel\definition\tables\Mesure.tmdl","Loyers Quittançables HC","Loyers Quittançables HC","Vacance\Financière","Mesure le montant ou le volume lié à la vacance.","False","2706"
"Vacance financière commerce.SemanticModel","Vacance financière commerce\Vacance financière commerce.SemanticModel\definition\tables\Mesure.tmdl","Loyers Quittançables TCC","Loyers Quittançables TCC","Vacance\Financière","Mesure le montant ou le volume lié à la vacance.","False","1499"
"Vacance financière commerce.SemanticModel","Vacance financière commerce\Vacance financière commerce.SemanticModel\definition\tables\Mesure.tmdl","MontantTotal3*vacance_SUMX","Montant total des vacances élevées","Vacance\Financière","Compte les logements, commerces ou unités concernés par une situation de vacance. Le résultat est cumulé depuis le début de l'année.","False","1521"
"Vacance financière commerce.SemanticModel","Vacance financière commerce\Vacance financière commerce.SemanticModel\definition\tables\Mesure.tmdl","% Tx Vac Comm YTD","Taux de vacance commerciale cumulé annuel","Vacance\Financière","Indique la part de vacance par rapport au volume de référence, pour suivre le niveau de vacance. Le résultat est cumulé depuis le début de l'année.","False","560"
"Vacance financière commerce.SemanticModel","Vacance financière commerce\Vacance financière commerce.SemanticModel\definition\tables\Mesure.tmdl","Tx de vacance fi YTD comm recalcul","Taux de vacance financière cumul annuel commerciale recalcul","Vacance\Financière","Indique la part de vacance par rapport au volume de référence, pour suivre le niveau de vacance. Le résultat est cumulé depuis le début de l'année.","False","1325"
"Vacance financière commerce.SemanticModel","Vacance financière commerce\Vacance financière commerce.SemanticModel\definition\tables\Mesure.tmdl","Tx de vacance fi YTD Strat recalcul","Taux de vacance financière cumul annuel stratégique recalcul","Vacance\Financière","Indique la part de vacance par rapport au volume de référence, pour suivre le niveau de vacance. Le résultat est cumulé depuis le début de l'année.","False","1329"
"Vacance financière commerce.SemanticModel","Vacance financière commerce\Vacance financière commerce.SemanticModel\definition\tables\Mesure.tmdl","Tx de vacance fi YTD Tech recalcul","Taux de vacance financière cumul annuel technique recalcul","Vacance\Financière","Indique la part de vacance par rapport au volume de référence, pour suivre le niveau de vacance. Le résultat est cumulé depuis le début de l'année.","False","1333"
"Vacance financière commerce.SemanticModel","Vacance financière commerce\Vacance financière commerce.SemanticModel\definition\tables\Mesure.tmdl","% Tx Vac Fi YTD","Taux de vacance financière cumulé annuel","Vacance\Financière","Indique la part de vacance par rapport au volume de référence, pour suivre le niveau de vacance. Le résultat est cumulé depuis le début de l'année.","False","431"
"Vacance financière commerce.SemanticModel","Vacance financière commerce\Vacance financière commerce.SemanticModel\definition\tables\Mesure.tmdl","% Vacance Financière Logements YTD","Taux de vacance financière logements cumulé annuel","Vacance\Financière","Indique la part de vacance par rapport au volume de référence, pour suivre le niveau de vacance. Le résultat est cumulé depuis le début de l'année.","False","3606"
"Vacance financière commerce.SemanticModel","Vacance financière commerce\Vacance financière commerce.SemanticModel\definition\tables\Mesure.tmdl","% Vacance Financière Logements YTD M-1","Taux de vacance financière logements cumulé annuel du mois précédent","Vacance\Financière","Indique la part de vacance par rapport au volume de référence, pour suivre le niveau de vacance. La comparaison se fait avec le mois précédent.","False","4033"
"Vacance financière commerce.SemanticModel","Vacance financière commerce\Vacance financière commerce.SemanticModel\definition\tables\Mesure.tmdl","% Vacance Financière Logements M-1","Taux de vacance financière logements du mois précédent","Vacance\Financière","Indique la part de vacance par rapport au volume de référence, pour suivre le niveau de vacance. La comparaison se fait avec le mois précédent.","False","4038"
"Vacance financière commerce.SemanticModel","Vacance financière commerce\Vacance financière commerce.SemanticModel\definition\tables\Mesure.tmdl","% Vacance Financière Logements M","Taux de vacance financière logements mensuel","Vacance\Financière","Indique la part de vacance par rapport au volume de référence, pour suivre le niveau de vacance.","False","3617"
"Vacance financière commerce.SemanticModel","Vacance financière commerce\Vacance financière commerce.SemanticModel\definition\tables\Mesure.tmdl","% Tx Vac Fi mensuelle","Taux de vacance financière mensuel","Vacance\Financière","Indique la part de vacance par rapport au volume de référence, pour suivre le niveau de vacance.","False","519"
"Vacance financière commerce.SemanticModel","Vacance financière commerce\Vacance financière commerce.SemanticModel\definition\tables\Mesure.tmdl","vacance fi YTD recalcul","Taux de vacance financière recalculé cumulé annuel","Vacance\Financière","Indique la part de vacance par rapport au volume de référence, pour suivre le niveau de vacance. Le résultat est cumulé depuis le début de l'année.","False","1317"
"Vacance financière commerce.SemanticModel","Vacance financière commerce\Vacance financière commerce.SemanticModel\definition\tables\Mesure.tmdl","% Tx Vac Strat Fi YTD","Taux de vacance financière stratégique cumulé annuel","Vacance\Financière","Indique la part de vacance par rapport au volume de référence, pour suivre le niveau de vacance. Le résultat est cumulé depuis le début de l'année.","False","526"
"Vacance financière commerce.SemanticModel","Vacance financière commerce\Vacance financière commerce.SemanticModel\definition\tables\Mesure.tmdl","% Tx Vac Tech Fi YTD","Taux de vacance financière technique cumulé annuel","Vacance\Financière","Indique la part de vacance par rapport au volume de référence, pour suivre le niveau de vacance. Le résultat est cumulé depuis le début de l'année.","False","545"
"Vacance financière commerce.SemanticModel","Vacance financière commerce\Vacance financière commerce.SemanticModel\definition\tables\Mesure.tmdl","% Vacance Financière Commerciale Logements YTD","Taux Vacance Financière Commerciale Logements cumul annuel","Vacance\Financière","Indique la part de vacance par rapport au volume de référence, pour suivre le niveau de vacance. Le résultat est cumulé depuis le début de l'année.","False","3674"
"Vacance financière commerce.SemanticModel","Vacance financière commerce\Vacance financière commerce.SemanticModel\definition\tables\Mesure.tmdl","% Vacance Financière Stratégique Logements YTD","Taux Vacance Financière Stratégique Logements cumul annuel","Vacance\Financière","Indique la part de vacance par rapport au volume de référence, pour suivre le niveau de vacance. Le résultat est cumulé depuis le début de l'année.","False","3679"
"Vacance financière commerce.SemanticModel","Vacance financière commerce\Vacance financière commerce.SemanticModel\definition\tables\Mesure.tmdl","% Vacance globale commerces et logements YTD","Taux Vacance globale commerces et logements cumul annuel","Vacance\Financière","Indique la part de vacance par rapport au volume de référence, pour suivre le niveau de vacance. Le résultat est cumulé depuis le début de l'année.","False","3822"
"Vacance financière commerce.SemanticModel","Vacance financière commerce\Vacance financière commerce.SemanticModel\definition\tables\Mesure.tmdl","Vacance < 3M","Vacance < 3M","Vacance\Financière","Compte les logements, commerces ou unités concernés par une situation de vacance. Le résultat est cumulé depuis le début de l'année.","False","1534"
"Vacance financière commerce.SemanticModel","Vacance financière commerce\Vacance financière commerce.SemanticModel\definition\tables\Mesure.tmdl","Vacance financière - Commerces & Bureaux","Vacance financière - Commerces et Bureaux","Vacance\Financière","Mesure le montant ou le volume lié à la vacance.","False","3947"
"Vacance financière commerce.SemanticModel","Vacance financière commerce\Vacance financière commerce.SemanticModel\definition\tables\Mesure.tmdl","Vacance Financière Commerces YTD","Vacance Financière Commerces cumul annuel","Vacance\Financière","Compte les logements, commerces ou unités concernés par une situation de vacance. La comparaison se fait avec la même période de l'année précédente.","False","3684"
"Vacance financière commerce.SemanticModel","Vacance financière commerce\Vacance financière commerce.SemanticModel\definition\tables\Mesure.tmdl","Vacance Financière Commerces YTD LY","Vacance Financière Commerces cumul annuel année précédente","Vacance\Financière","Compte les logements, commerces ou unités concernés par une situation de vacance. La comparaison se fait avec la même période de l'année précédente.","False","3689"
"Vacance financière commerce.SemanticModel","Vacance financière commerce\Vacance financière commerce.SemanticModel\definition\tables\Mesure.tmdl","Vacance Financière Commerce et Logement TCC YTD","Vacance financière commerces et logements cumulée annuelle","Vacance\Financière","Compte les logements, commerces ou unités concernés par une situation de vacance. La comparaison se fait avec la même période de l'année précédente.","False","3807"
"Vacance financière commerce.SemanticModel","Vacance financière commerce\Vacance financière commerce.SemanticModel\definition\tables\Mesure.tmdl","Vacance Financière Commerce et Logement TCC M","Vacance financière commerces et logements mensuelle","Vacance\Financière","Mesure le montant ou le volume lié à la vacance.","False","3801"
"Vacance financière commerce.SemanticModel","Vacance financière commerce\Vacance financière commerce.SemanticModel\definition\tables\Mesure.tmdl","Vacance Financière Commerces M","Vacance financière commerces mensuelle","Vacance\Financière","Mesure le montant ou le volume lié à la vacance.","False","3648"
"Vacance financière commerce.SemanticModel","Vacance financière commerce\Vacance financière commerce.SemanticModel\definition\tables\Mesure.tmdl","Vacance financière commerciale LGT","Vacance financière commerciale logements","Vacance\Financière","Compte les logements, commerces ou unités concernés par une situation de vacance.","False","3622"
"Vacance financière commerce.SemanticModel","Vacance financière commerce\Vacance financière commerce.SemanticModel\definition\tables\Mesure.tmdl","Vacance financière commerciale LGT YTD","Vacance financière commerciale logements cumul annuel","Vacance\Financière","Compte les logements, commerces ou unités concernés par une situation de vacance. La comparaison se fait avec la même période de l'année précédente.","False","3627"
"Vacance financière commerce.SemanticModel","Vacance financière commerce\Vacance financière commerce.SemanticModel\definition\tables\Mesure.tmdl","vacance financière YTD","Vacance financière cumul annuel","Vacance\Financière","Compte les logements, commerces ou unités concernés par une situation de vacance. Le résultat est cumulé depuis le début de l'année.","False","427"
"Vacance financière commerce.SemanticModel","Vacance financière commerce\Vacance financière commerce.SemanticModel\definition\tables\Mesure.tmdl","Vacance financière YTD - Commerces & Bureaux","Vacance financière cumul annuel - Commerces et Bureaux","Vacance\Financière","Mesure le montant ou le volume lié à la vacance. La comparaison se fait avec la même période de l'année précédente.","False","3957"
"Vacance financière commerce.SemanticModel","Vacance financière commerce\Vacance financière commerce.SemanticModel\definition\tables\Mesure.tmdl","Vacance Financière YTD N-1","Vacance Financière cumul annuel année précédente","Vacance\Financière","Compte les logements, commerces ou unités concernés par une situation de vacance. La comparaison se fait avec la même période de l'année précédente.","False","1155"
"Vacance financière commerce.SemanticModel","Vacance financière commerce\Vacance financière commerce.SemanticModel\definition\tables\Mesure.tmdl","VacanceFinanciereYTDRecalculeHC","Vacance financière hors charges recalculée cumulée annuelle","Vacance\Financière","Compte les logements, commerces ou unités concernés par une situation de vacance. Le résultat est cumulé depuis le début de l'année.","False","2871"
"Vacance financière commerce.SemanticModel","Vacance financière commerce\Vacance financière commerce.SemanticModel\definition\tables\Mesure.tmdl","Vacance Financière Logements YTD","Vacance financière logements cumulée annuelle","Vacance\Financière","Compte les logements, commerces ou unités concernés par une situation de vacance. La comparaison se fait avec la même période de l'année précédente.","False","3587"
"Vacance financière commerce.SemanticModel","Vacance financière commerce\Vacance financière commerce.SemanticModel\definition\tables\Mesure.tmdl","Vacance Financière Logements YTD LY","Vacance financière logements cumulée annuelle précédente","Vacance\Financière","Compte les logements, commerces ou unités concernés par une situation de vacance. La comparaison se fait avec la même période de l'année précédente.","False","3592"
"Vacance financière commerce.SemanticModel","Vacance financière commerce\Vacance financière commerce.SemanticModel\definition\tables\Mesure.tmdl","Vacance financière MEL LGT","Vacance financière logements en mise en location","Vacance\Financière","Compte les logements, commerces ou unités concernés par une situation de vacance.","False","3791"
"Vacance financière commerce.SemanticModel","Vacance financière commerce\Vacance financière commerce.SemanticModel\definition\tables\Mesure.tmdl","Vacance financière MEL LGT YTD","Vacance financière logements en mise en location cumulée annuelle","Vacance\Financière","Compte les logements, commerces ou unités concernés par une situation de vacance. La comparaison se fait avec la même période de l'année précédente.","False","3796"
"Vacance financière commerce.SemanticModel","Vacance financière commerce\Vacance financière commerce.SemanticModel\definition\tables\Mesure.tmdl","Vacance Financière Logements M","Vacance financière logements mensuelle","Vacance\Financière","Compte les logements, commerces ou unités concernés par une situation de vacance.","False","3580"
"Vacance financière commerce.SemanticModel","Vacance financière commerce\Vacance financière commerce.SemanticModel\definition\tables\Mesure.tmdl","VacanceFinanciereYTDRecalcule","Vacance financière recalculée cumulée annuelle","Vacance\Financière","Mesure le montant ou le volume lié à la vacance. Le résultat est cumulé depuis le début de l'année.","False","1394"
"Vacance financière commerce.SemanticModel","Vacance financière commerce\Vacance financière commerce.SemanticModel\definition\tables\Mesure.tmdl","Vacance Financière Stratégique LGT","Vacance Financière Stratégique logements","Vacance\Financière","Compte les logements, commerces ou unités concernés par une situation de vacance.","False","3632"
"Vacance financière commerce.SemanticModel","Vacance financière commerce\Vacance financière commerce.SemanticModel\definition\tables\Mesure.tmdl","Vacance Financière Stratégique LGT YTD","Vacance Financière Stratégique logements cumul annuel","Vacance\Financière","Compte les logements, commerces ou unités concernés par une situation de vacance. La comparaison se fait avec la même période de l'année précédente.","False","3637"
"Vacance financière commerce.SemanticModel","Vacance financière commerce\Vacance financière commerce.SemanticModel\definition\tables\Mesure.tmdl","Vacance financière technique LGT","Vacance financière technique logements","Vacance\Financière","Compte les logements, commerces ou unités concernés par une situation de vacance.","False","3755"
"Vacance financière commerce.SemanticModel","Vacance financière commerce\Vacance financière commerce.SemanticModel\definition\tables\Mesure.tmdl","Vacance financière technique LGT YTD","Vacance financière technique logements cumul annuel","Vacance\Financière","Compte les logements, commerces ou unités concernés par une situation de vacance. La comparaison se fait avec la même période de l'année précédente.","False","3760"
"Vacance financière commerce.SemanticModel","Vacance financière commerce\Vacance financière commerce.SemanticModel\definition\tables\Mesure.tmdl","Vacance commerciale","Nombre de logements en vacance commerciale","Vacance\Physique","Compte les logements, commerces ou unités concernés par une situation de vacance.","False","941"
"Vacance financière commerce.SemanticModel","Vacance financière commerce\Vacance financière commerce.SemanticModel\definition\tables\Mesure.tmdl","# Logements Vacants Stratégique","Nombre de logements en vacance stratégique","Vacance\Physique","Compte les logements, commerces ou unités concernés par une situation de vacance.","False","2791"
"Vacance financière commerce.SemanticModel","Vacance financière commerce\Vacance financière commerce.SemanticModel\definition\tables\Mesure.tmdl","# Logements Vacants Commercial","Nombre de logements vacants en commercial","Vacance\Physique","Compte les logements, commerces ou unités concernés par une situation de vacance.","False","2779"
"Vacance financière commerce.SemanticModel","Vacance financière commerce\Vacance financière commerce.SemanticModel\definition\tables\Mesure.tmdl","# UG Vacance Ordinaire","Nombre d'UG en vacance ordinaire","Vacance\Physique","Compte les logements, commerces ou unités concernés par une situation de vacance.","False","460"
"Vacance financière commerce.SemanticModel","Vacance financière commerce\Vacance financière commerce.SemanticModel\definition\tables\Mesure.tmdl","# UG Vacants Technique","Nombre d'UG en vacance technique","Vacance\Physique","Compte les logements, commerces ou unités concernés par une situation de vacance.","False","2785"
"Vacance financière commerce.SemanticModel","Vacance financière commerce\Vacance financière commerce.SemanticModel\definition\tables\Mesure.tmdl","Nb UG Vac Plus 3 Mois","Nombre d'UG vacantes depuis plus de trois mois","Vacance\Physique","Compte les logements, commerces ou unités concernés par une situation de vacance.","False","1613"
"Vacance financière commerce.SemanticModel","Vacance financière commerce\Vacance financière commerce.SemanticModel\definition\tables\Mesure.tmdl","Vacance globale","Nombre total de logements vacants","Vacance\Physique","Compte les logements, commerces ou unités concernés par une situation de vacance.","False","945"
"Vacance financière commerce.SemanticModel","Vacance financière commerce\Vacance financière commerce.SemanticModel\definition\tables\Mesure.tmdl","Part vacance stratégique","Part vacance stratégique","Vacance\Physique","Indique la part de vacance par rapport au volume de référence, pour suivre le niveau de vacance.","False","2894"
"Vacance financière commerce.SemanticModel","Vacance financière commerce\Vacance financière commerce.SemanticModel\definition\tables\Mesure.tmdl","Part vacance stratégique dans la vacance globale","Part vacance stratégique dans la vacance globale","Vacance\Physique","Indique la part de vacance par rapport au volume de référence, pour suivre le niveau de vacance.","False","1096"
"Vacance financière commerce.SemanticModel","Vacance financière commerce\Vacance financière commerce.SemanticModel\definition\tables\Mesure.tmdl","% Vac com commerces","Taux de vacance commerciale des commerces","Vacance\Physique","Indique la part de vacance par rapport au volume de référence, pour suivre le niveau de vacance.","False","2854"
"Vacance financière commerce.SemanticModel","Vacance financière commerce\Vacance financière commerce.SemanticModel\definition\tables\Mesure.tmdl","% Vac","Taux Vac","Vacance\Physique","Indique la part de vacance par rapport au volume de référence, pour suivre le niveau de vacance.","False","1957"
"Vacance financière commerce.SemanticModel","Vacance financière commerce\Vacance financière commerce.SemanticModel\definition\tables\Mesure.tmdl","% Vac com","Taux Vac commerces","Vacance\Physique","Indique la part de vacance par rapport au volume de référence, pour suivre le niveau de vacance.","False","1088"
"Vacance financière commerce.SemanticModel","Vacance financière commerce\Vacance financière commerce.SemanticModel\definition\tables\Mesure.tmdl","Vacance commerciale - Commerces & Bureaux","Vacance commerciale - Commerces et Bureaux","Vacance\Physique","Mesure le montant ou le volume lié à la vacance.","False","3928"
"Vacance financière commerce.SemanticModel","Vacance financière commerce\Vacance financière commerce.SemanticModel\definition\tables\Mesure.tmdl","Vacance commerciale YTD - Commerces & Bureaux","Vacance commerciale cumul annuel - Commerces et Bureaux","Vacance\Physique","Mesure le montant ou le volume lié à la vacance. La comparaison se fait avec la même période de l'année précédente.","False","3940"
"Vacance financière commerce.SemanticModel","Vacance financière commerce\Vacance financière commerce.SemanticModel\definition\tables\Mesure.tmdl","TotalVacanceComm_ug","Vacance commerciale totale par UG","Vacance\Physique","Compte les logements, commerces ou unités concernés par une situation de vacance.","False","1418"
"Vacance financière commerce.SemanticModel","Vacance financière commerce\Vacance financière commerce.SemanticModel\definition\tables\Mesure.tmdl","TotalVacanceDemol_ug","Vacance liée aux démolitions par UG","Vacance\Physique","Mesure le montant ou le volume lié à la vacance.","False","1562"
"Vacance financière commerce.SemanticModel","Vacance financière commerce\Vacance financière commerce.SemanticModel\definition\tables\Mesure.tmdl","TotalVacanceVendu_ug","Vacance liée aux ventes par UG","Vacance\Physique","Mesure le montant ou le volume lié à la vacance.","False","1538"
"Vacance financière commerce.SemanticModel","Vacance financière commerce\Vacance financière commerce.SemanticModel\definition\tables\Mesure.tmdl","Vacance MEL - Commerces & Bureaux","Vacance mise en location - Commerces et Bureaux","Vacance\Physique","Mesure le montant ou le volume lié à la vacance.","False","3964"
"Vacance financière commerce.SemanticModel","Vacance financière commerce\Vacance financière commerce.SemanticModel\definition\tables\Mesure.tmdl","Vacance MEL YTD - Commerces & Bureaux","Vacance mise en location cumul annuel - Commerces et Bureaux","Vacance\Physique","Mesure le montant ou le volume lié à la vacance. La comparaison se fait avec la même période de l'année précédente.","False","3974"
"Vacance financière commerce.SemanticModel","Vacance financière commerce\Vacance financière commerce.SemanticModel\definition\tables\Mesure.tmdl","Vacance moins de trois mois","Vacance moins de trois mois","Vacance\Physique","Compte les logements, commerces ou unités concernés par une situation de vacance.","False","1645"
"Vacance financière commerce.SemanticModel","Vacance financière commerce\Vacance financière commerce.SemanticModel\definition\tables\Mesure.tmdl","Vacance phy commerciale commerces","Vacance phy commerciale commerces","Vacance\Physique","Compte les logements, commerces ou unités concernés par une situation de vacance.","False","2858"
"Vacance financière commerce.SemanticModel","Vacance financière commerce\Vacance financière commerce.SemanticModel\definition\tables\Mesure.tmdl","Vacance phy globale commerce","Vacance phy globale commerce","Vacance\Physique","Compte les logements, commerces ou unités concernés par une situation de vacance.","False","2862"
"Vacance financière commerce.SemanticModel","Vacance financière commerce\Vacance financière commerce.SemanticModel\definition\tables\Mesure.tmdl","Vacance stratégique - Commerces & Bureaux","Vacance stratégique - Commerces et Bureaux","Vacance\Physique","Mesure le montant ou le volume lié à la vacance.","False","3981"
"Vacance financière commerce.SemanticModel","Vacance financière commerce\Vacance financière commerce.SemanticModel\definition\tables\Mesure.tmdl","Vacance stratégique YTD - Commerces & Bureaux","Vacance stratégique cumul annuel - Commerces et Bureaux","Vacance\Physique","Mesure le montant ou le volume lié à la vacance. La comparaison se fait avec la même période de l'année précédente.","False","3991"
"Vacance financière commerce.SemanticModel","Vacance financière commerce\Vacance financière commerce.SemanticModel\definition\tables\Mesure.tmdl","Vacance Stratégique logement","Vacance Stratégique logement","Vacance\Physique","Compte les logements, commerces ou unités concernés par une situation de vacance.","False","1092"
"Vacance financière commerce.SemanticModel","Vacance financière commerce\Vacance financière commerce.SemanticModel\definition\tables\Mesure.tmdl","TotalVacanceStrat_ug","Vacance stratégique totale par UG","Vacance\Physique","Compte les logements, commerces ou unités concernés par une situation de vacance.","False","1443"
"Vacance financière commerce.SemanticModel","Vacance financière commerce\Vacance financière commerce.SemanticModel\definition\tables\Mesure.tmdl","Vacance technique - Commerces & Bureaux","Vacance technique - Commerces et Bureaux","Vacance\Physique","Mesure le montant ou le volume lié à la vacance.","False","4005"
"Vacance financière commerce.SemanticModel","Vacance financière commerce\Vacance financière commerce.SemanticModel\definition\tables\Mesure.tmdl","Vacance technique YTD - Commerces & Bureaux","Vacance technique cumul annuel - Commerces et Bureaux","Vacance\Physique","Mesure le montant ou le volume lié à la vacance. La comparaison se fait avec la même période de l'année précédente.","False","4017"
"Vacance financière commerce.SemanticModel","Vacance financière commerce\Vacance financière commerce.SemanticModel\definition\tables\Mesure.tmdl","TotalVacanceTech_ug","Vacance technique totale par UG","Vacance\Physique","Compte les logements, commerces ou unités concernés par une situation de vacance.","False","1467"
"Vacance financière commerce.SemanticModel","Vacance financière commerce\Vacance financière commerce.SemanticModel\definition\tables\Mesure.tmdl","VacanceVolontaireYTD","Vacance Volontaire cumul annuel","Vacance\Physique","Compte les logements, commerces ou unités concernés par une situation de vacance. Le résultat est cumulé depuis le début de l'année.","False","1586"
"Vacance financière commerce.SemanticModel","Vacance financière commerce\Vacance financière commerce.SemanticModel\definition\tables\Mesure.tmdl","# CA","# CA","À vérifier","À vérifier avant usage. Cette mesure n'a pas été retrouvée dans les rapports analysés et doit être confirmée avec le métier. Elle est conservée temporairement pour éviter de supprimer un calcul potentiellement utile.","True","73"
"Vacance financière commerce.SemanticModel","Vacance financière commerce\Vacance financière commerce.SemanticModel\definition\tables\Mesure.tmdl","# CA presents","# CA presents","À vérifier","À vérifier avant usage. Cette mesure n'a pas été retrouvée dans les rapports analysés et doit être confirmée avec le métier. Elle est conservée temporairement pour éviter de supprimer un calcul potentiellement utile.","True","655"
"Vacance financière commerce.SemanticModel","Vacance financière commerce\Vacance financière commerce.SemanticModel\definition\tables\Mesure.tmdl","# Livraisons Mensuelles commerces","# Livraisons Mensuelles commerces","À vérifier","À vérifier avant usage. Cette mesure n'a pas été retrouvée dans les rapports analysés et doit être confirmée avec le métier. Elle est conservée temporairement pour éviter de supprimer un calcul potentiellement utile.","True","1121"
"Vacance financière commerce.SemanticModel","Vacance financière commerce\Vacance financière commerce.SemanticModel\definition\tables\Mesure.tmdl","# Logements contractés","# Logements contractés","À vérifier","À vérifier avant usage. Cette mesure n'a pas été retrouvée dans les rapports analysés et doit être confirmée avec le métier. Elle est conservée temporairement pour éviter de supprimer un calcul potentiellement utile.","True","2771"
"Vacance financière commerce.SemanticModel","Vacance financière commerce\Vacance financière commerce.SemanticModel\definition\tables\Mesure.tmdl","# Logements vacants m-1","# Logements vacants m-1","À vérifier","À vérifier avant usage. Cette mesure n'a pas été retrouvée dans les rapports analysés et doit être confirmée avec le métier. Elle est conservée temporairement pour éviter de supprimer un calcul potentiellement utile.","True","1996"
"Vacance financière commerce.SemanticModel","Vacance financière commerce\Vacance financière commerce.SemanticModel\definition\tables\Mesure.tmdl","# Sorties YTD LY","# Sorties YTD LY","À vérifier","À vérifier avant usage. Cette mesure n'a pas été retrouvée dans les rapports analysés et doit être confirmée avec le métier. Elle est conservée temporairement pour éviter de supprimer un calcul potentiellement utile.","True","3451"
"Vacance financière commerce.SemanticModel","Vacance financière commerce\Vacance financière commerce.SemanticModel\definition\tables\Mesure.tmdl","# UG M1","# UG M1","À vérifier","À vérifier avant usage. Cette mesure n'a pas été retrouvée dans les rapports analysés et doit être confirmée avec le métier. Elle est conservée temporairement pour éviter de supprimer un calcul potentiellement utile.","True","47"
"Vacance financière commerce.SemanticModel","Vacance financière commerce\Vacance financière commerce.SemanticModel\definition\tables\Mesure.tmdl","% Entrées Salariés","% Entrées Salariés","À vérifier","À vérifier avant usage. Cette mesure n'a pas été retrouvée dans les rapports analysés et doit être confirmée avec le métier. Elle est conservée temporairement pour éviter de supprimer un calcul potentiellement utile.","True","410"
"Vacance financière commerce.SemanticModel","Vacance financière commerce\Vacance financière commerce.SemanticModel\definition\tables\Mesure.tmdl","% quittançable TTC","% quittançable TTC","À vérifier","À vérifier avant usage. Cette mesure n'a pas été retrouvée dans les rapports analysés et doit être confirmée avec le métier. Elle est conservée temporairement pour éviter de supprimer un calcul potentiellement utile.","True","2898"
"Vacance financière commerce.SemanticModel","Vacance financière commerce\Vacance financière commerce.SemanticModel\definition\tables\Mesure.tmdl","% Tx Vac Comm Fi mensuelle","% Tx Vac Comm Fi mensuelle","À vérifier","À vérifier avant usage. Cette mesure n'a pas été retrouvée dans les rapports analysés et doit être confirmée avec le métier. Elle est conservée temporairement pour éviter de supprimer un calcul potentiellement utile.","True","502"
"Vacance financière commerce.SemanticModel","Vacance financière commerce\Vacance financière commerce.SemanticModel\definition\tables\Mesure.tmdl","% Tx Vac Strat Fi mensuelle","% Tx Vac Strat Fi mensuelle","À vérifier","À vérifier avant usage. Cette mesure n'a pas été retrouvée dans les rapports analysés et doit être confirmée avec le métier. Elle est conservée temporairement pour éviter de supprimer un calcul potentiellement utile.","True","470"
"Vacance financière commerce.SemanticModel","Vacance financière commerce\Vacance financière commerce.SemanticModel\definition\tables\Mesure.tmdl","% Tx Vac Tech Fi mensuelle","% Tx Vac Tech Fi mensuelle","À vérifier","À vérifier avant usage. Cette mesure n'a pas été retrouvée dans les rapports analysés et doit être confirmée avec le métier. Elle est conservée temporairement pour éviter de supprimer un calcul potentiellement utile.","True","487"
"Vacance financière commerce.SemanticModel","Vacance financière commerce\Vacance financière commerce.SemanticModel\definition\tables\Mesure.tmdl","% tximpaye M Operation","% tximpaye M Operation","À vérifier","À vérifier avant usage. Cette mesure n'a pas été retrouvée dans les rapports analysés et doit être confirmée avec le métier. Elle est conservée temporairement pour éviter de supprimer un calcul potentiellement utile.","True","157"
"Vacance financière commerce.SemanticModel","Vacance financière commerce\Vacance financière commerce.SemanticModel\definition\tables\Mesure.tmdl","% txrecouv Hpp M operation","% txrecouv Hpp M operation","À vérifier","À vérifier avant usage. Cette mesure n'a pas été retrouvée dans les rapports analysés et doit être confirmée avec le métier. Elle est conservée temporairement pour éviter de supprimer un calcul potentiellement utile.","True","97"
"Vacance financière commerce.SemanticModel","Vacance financière commerce\Vacance financière commerce.SemanticModel\definition\tables\Mesure.tmdl","% txrecouv Hpp YTD operation","% txrecouv Hpp YTD operation","À vérifier","À vérifier avant usage. Cette mesure n'a pas été retrouvée dans les rapports analysés et doit être confirmée avec le métier. Elle est conservée temporairement pour éviter de supprimer un calcul potentiellement utile.","True","137"
"Vacance financière commerce.SemanticModel","Vacance financière commerce\Vacance financière commerce.SemanticModel\definition\tables\Mesure.tmdl","% txrecouv M operation","% txrecouv M operation","À vérifier","À vérifier avant usage. Cette mesure n'a pas été retrouvée dans les rapports analysés et doit être confirmée avec le métier. Elle est conservée temporairement pour éviter de supprimer un calcul potentiellement utile.","True","82"
"Vacance financière commerce.SemanticModel","Vacance financière commerce\Vacance financière commerce.SemanticModel\definition\tables\Mesure.tmdl","% txrecouv YTD operation","% txrecouv YTD operation","À vérifier","À vérifier avant usage. Cette mesure n'a pas été retrouvée dans les rapports analysés et doit être confirmée avec le métier. Elle est conservée temporairement pour éviter de supprimer un calcul potentiellement utile.","True","117"
"Vacance financière commerce.SemanticModel","Vacance financière commerce\Vacance financière commerce.SemanticModel\definition\tables\Mesure.tmdl","% Vac strat","% Vac strat","À vérifier","À vérifier avant usage. Cette mesure n'a pas été retrouvée dans les rapports analysés et doit être confirmée avec le métier. Elle est conservée temporairement pour éviter de supprimer un calcul potentiellement utile.","True","1297"
"Vacance financière commerce.SemanticModel","Vacance financière commerce\Vacance financière commerce.SemanticModel\definition\tables\Mesure.tmdl","% Vacance Financière Commerces M","% Vacance Financière Commerces M","À vérifier","À vérifier avant usage. Cette mesure n'a pas été retrouvée dans les rapports analysés et doit être confirmée avec le métier. Elle est conservée temporairement pour éviter de supprimer un calcul potentiellement utile.","True","3728"
"Vacance financière commerce.SemanticModel","Vacance financière commerce\Vacance financière commerce.SemanticModel\definition\tables\Mesure.tmdl","% Vacance Financière Commerces YTD","% Vacance Financière Commerces YTD","À vérifier","À vérifier avant usage. Cette mesure n'a pas été retrouvée dans les rapports analysés et doit être confirmée avec le métier. Elle est conservée temporairement pour éviter de supprimer un calcul potentiellement utile.","True","3723"
"Vacance financière commerce.SemanticModel","Vacance financière commerce\Vacance financière commerce.SemanticModel\definition\tables\Mesure.tmdl","% Vacance Financière Commerciale Commerces YTD","% Vacance Financière Commerciale Commerces YTD","À vérifier","À vérifier avant usage. Cette mesure n'a pas été retrouvée dans les rapports analysés et doit être confirmée avec le métier. Elle est conservée temporairement pour éviter de supprimer un calcul potentiellement utile.","True","3713"
"Vacance financière commerce.SemanticModel","Vacance financière commerce\Vacance financière commerce.SemanticModel\definition\tables\Mesure.tmdl","% Vacance Financière Stratégique Commerces YTD","% Vacance Financière Stratégique Commerces YTD","À vérifier","À vérifier avant usage. Cette mesure n'a pas été retrouvée dans les rapports analysés et doit être confirmée avec le métier. Elle est conservée temporairement pour éviter de supprimer un calcul potentiellement utile.","True","3718"
"Vacance financière commerce.SemanticModel","Vacance financière commerce\Vacance financière commerce.SemanticModel\definition\tables\Mesure.tmdl","% Vacance globale commerces et logements HC YTD","% Vacance globale commerces et logements HC YTD","À vérifier","À vérifier avant usage. Cette mesure n'a pas été retrouvée dans les rapports analysés et doit être confirmée avec le métier. Elle est conservée temporairement pour éviter de supprimer un calcul potentiellement utile.","True","3848"
"Vacance financière commerce.SemanticModel","Vacance financière commerce\Vacance financière commerce.SemanticModel\definition\tables\Mesure.tmdl","€ Quittancement logements et commerces M HC","€ Quittancement logements et commerces M HC","À vérifier","À vérifier avant usage. Cette mesure n'a pas été retrouvée dans les rapports analysés et doit être confirmée avec le métier. Elle est conservée temporairement pour éviter de supprimer un calcul potentiellement utile.","True","3826"
"Vacance financière commerce.SemanticModel","Vacance financière commerce\Vacance financière commerce.SemanticModel\definition\tables\Mesure.tmdl","€ Quittancement logements et commerces YTD HC","€ Quittancement logements et commerces YTD HC","À vérifier","À vérifier avant usage. Cette mesure n'a pas été retrouvée dans les rapports analysés et doit être confirmée avec le métier. Elle est conservée temporairement pour éviter de supprimer un calcul potentiellement utile.","True","3831"
"Vacance financière commerce.SemanticModel","Vacance financière commerce\Vacance financière commerce.SemanticModel\definition\tables\Mesure.tmdl","€ Quittancement YTD M-1","€ Quittancement YTD M-1","À vérifier","À vérifier avant usage. Cette mesure n'a pas été retrouvée dans les rapports analysés et doit être confirmée avec le métier. Elle est conservée temporairement pour éviter de supprimer un calcul potentiellement utile.","True","3890"
"Vacance financière commerce.SemanticModel","Vacance financière commerce\Vacance financière commerce.SemanticModel\definition\tables\Mesure.tmdl","€ Total Vacance M UG","€ Total Vacance M UG","À vérifier","À vérifier avant usage. Cette mesure n'a pas été retrouvée dans les rapports analysés et doit être confirmée avec le métier. Elle est conservée temporairement pour éviter de supprimer un calcul potentiellement utile.","True","386"
"Vacance financière commerce.SemanticModel","Vacance financière commerce\Vacance financière commerce.SemanticModel\definition\tables\Mesure.tmdl","Absenteisme :","Absenteisme :","À vérifier","À vérifier avant usage. Cette mesure n'a pas été retrouvée dans les rapports analysés et doit être confirmée avec le métier. Elle est conservée temporairement pour éviter de supprimer un calcul potentiellement utile.","True","1753"
"Vacance financière commerce.SemanticModel","Vacance financière commerce\Vacance financière commerce.SemanticModel\definition\tables\Mesure.tmdl","Acquisitions","Acquisitions","À vérifier","À vérifier avant usage. Cette mesure n'a pas été retrouvée dans les rapports analysés et doit être confirmée avec le métier. Elle est conservée temporairement pour éviter de supprimer un calcul potentiellement utile.","True","1725"
"Vacance financière commerce.SemanticModel","Vacance financière commerce\Vacance financière commerce.SemanticModel\definition\tables\Mesure.tmdl","Affaires économiques sociales et familiales","Affaires économiques sociales et familiales","À vérifier","À vérifier avant usage. Cette mesure n'a pas été retrouvée dans les rapports analysés et doit être confirmée avec le métier. Elle est conservée temporairement pour éviter de supprimer un calcul potentiellement utile.","True","1835"
"Vacance financière commerce.SemanticModel","Vacance financière commerce\Vacance financière commerce.SemanticModel\definition\tables\Mesure.tmdl","Affaires traitées","Affaires traitées","À vérifier","À vérifier avant usage. Cette mesure n'a pas été retrouvée dans les rapports analysés et doit être confirmée avec le métier. Elle est conservée temporairement pour éviter de supprimer un calcul potentiellement utile.","True","1831"
"Vacance financière commerce.SemanticModel","Vacance financière commerce\Vacance financière commerce.SemanticModel\definition\tables\Mesure.tmdl","Agréments","Agréments","À vérifier","À vérifier avant usage. Cette mesure n'a pas été retrouvée dans les rapports analysés et doit être confirmée avec le métier. Elle est conservée temporairement pour éviter de supprimer un calcul potentiellement utile.","True","1785"
"Vacance financière commerce.SemanticModel","Vacance financière commerce\Vacance financière commerce.SemanticModel\definition\tables\Mesure.tmdl","Agréments Réhab","Agréments Réhab","À vérifier","À vérifier avant usage. Cette mesure n'a pas été retrouvée dans les rapports analysés et doit être confirmée avec le métier. Elle est conservée temporairement pour éviter de supprimer un calcul potentiellement utile.","True","1839"
"Vacance financière commerce.SemanticModel","Vacance financière commerce\Vacance financière commerce.SemanticModel\definition\tables\Mesure.tmdl","Aménagements PMR","Aménagements PMR","À vérifier","À vérifier avant usage. Cette mesure n'a pas été retrouvée dans les rapports analysés et doit être confirmée avec le métier. Elle est conservée temporairement pour éviter de supprimer un calcul potentiellement utile.","True","1773"
"Vacance financière commerce.SemanticModel","Vacance financière commerce\Vacance financière commerce.SemanticModel\definition\tables\Mesure.tmdl","Attributions salariées","Attributions salariées","À vérifier","À vérifier avant usage. Cette mesure n'a pas été retrouvée dans les rapports analysés et doit être confirmée avec le métier. Elle est conservée temporairement pour éviter de supprimer un calcul potentiellement utile.","True","1769"
"Vacance financière commerce.SemanticModel","Vacance financière commerce\Vacance financière commerce.SemanticModel\definition\tables\Mesure.tmdl","Autre variation de stock","Autre variation de stock","À vérifier","À vérifier avant usage. Cette mesure n'a pas été retrouvée dans les rapports analysés et doit être confirmée avec le métier. Elle est conservée temporairement pour éviter de supprimer un calcul potentiellement utile.","True","43"
"Vacance financière commerce.SemanticModel","Vacance financière commerce\Vacance financière commerce.SemanticModel\definition\tables\Mesure.tmdl","Balance annuelle","Balance annuelle","À vérifier","À vérifier avant usage. Cette mesure n'a pas été retrouvée dans les rapports analysés et doit être confirmée avec le métier. Elle est conservée temporairement pour éviter de supprimer un calcul potentiellement utile.","True","675"
"Vacance financière commerce.SemanticModel","Vacance financière commerce\Vacance financière commerce.SemanticModel\definition\tables\Mesure.tmdl","Compromis :","Compromis :","À vérifier","À vérifier avant usage. Cette mesure n'a pas été retrouvée dans les rapports analysés et doit être confirmée avec le métier. Elle est conservée temporairement pour éviter de supprimer un calcul potentiellement utile.","True","1721"
"Vacance financière commerce.SemanticModel","Vacance financière commerce\Vacance financière commerce.SemanticModel\definition\tables\Mesure.tmdl","croissance_soldem_ca_operation_+","croissance_soldem_ca_operation_+","À vérifier","À vérifier avant usage. Cette mesure n'a pas été retrouvée dans les rapports analysés et doit être confirmée avec le métier. Elle est conservée temporairement pour éviter de supprimer un calcul potentiellement utile.","True","1254"
"Vacance financière commerce.SemanticModel","Vacance financière commerce\Vacance financière commerce.SemanticModel\definition\tables\Mesure.tmdl","CroissanceSoldem_CA_Operation_YTD N-1","CroissanceSoldem_CA_Operation_YTD N-1","À vérifier","À vérifier avant usage. Cette mesure n'a pas été retrouvée dans les rapports analysés et doit être confirmée avec le métier. Elle est conservée temporairement pour éviter de supprimer un calcul potentiellement utile.","True","1234"
"Vacance financière commerce.SemanticModel","Vacance financière commerce\Vacance financière commerce.SemanticModel\definition\tables\Mesure.tmdl","CroissanceSoldem_CA_Operation_YTD_test","CroissanceSoldem_CA_Operation_YTD_test","À vérifier","À vérifier avant usage. Cette mesure n'a pas été retrouvée dans les rapports analysés et doit être confirmée avec le métier. Elle est conservée temporairement pour éviter de supprimer un calcul potentiellement utile.","True","3359"
"Vacance financière commerce.SemanticModel","Vacance financière commerce\Vacance financière commerce.SemanticModel\definition\tables\Mesure.tmdl","DAF Financements obtenus","DAF Financements obtenus","À vérifier","À vérifier avant usage. Cette mesure n'a pas été retrouvée dans les rapports analysés et doit être confirmée avec le métier. Elle est conservée temporairement pour éviter de supprimer un calcul potentiellement utile.","True","1804"
"Vacance financière commerce.SemanticModel","Vacance financière commerce\Vacance financière commerce.SemanticModel\definition\tables\Mesure.tmdl","DAF Trésoreries","DAF Trésoreries","À vérifier","À vérifier avant usage. Cette mesure n'a pas été retrouvée dans les rapports analysés et doit être confirmée avec le métier. Elle est conservée temporairement pour éviter de supprimer un calcul potentiellement utile.","True","1800"
"Vacance financière commerce.SemanticModel","Vacance financière commerce\Vacance financière commerce.SemanticModel\definition\tables\Mesure.tmdl","Dates données GL","Dates données GL","À vérifier","À vérifier avant usage. Cette mesure n'a pas été retrouvée dans les rapports analysés et doit être confirmée avec le métier. Elle est conservée temporairement pour éviter de supprimer un calcul potentiellement utile.","True","2083"
"Vacance financière commerce.SemanticModel","Vacance financière commerce\Vacance financière commerce.SemanticModel\definition\tables\Mesure.tmdl","DDC Livraisons","DDC Livraisons","À vérifier","À vérifier avant usage. Cette mesure n'a pas été retrouvée dans les rapports analysés et doit être confirmée avec le métier. Elle est conservée temporairement pour éviter de supprimer un calcul potentiellement utile.","True","1777"
"Vacance financière commerce.SemanticModel","Vacance financière commerce\Vacance financière commerce.SemanticModel\definition\tables\Mesure.tmdl","Découpage 2","Découpage 2","À vérifier","À vérifier avant usage. Cette mesure n'a pas été retrouvée dans les rapports analysés et doit être confirmée avec le métier. Elle est conservée temporairement pour éviter de supprimer un calcul potentiellement utile.","True","2644"
"Vacance financière commerce.SemanticModel","Vacance financière commerce\Vacance financière commerce.SemanticModel\definition\tables\Mesure.tmdl","Découpage1","Découpage1","À vérifier","À vérifier avant usage. Cette mesure n'a pas été retrouvée dans les rapports analysés et doit être confirmée avec le métier. Elle est conservée temporairement pour éviter de supprimer un calcul potentiellement utile.","True","2617"
"Vacance financière commerce.SemanticModel","Vacance financière commerce\Vacance financière commerce.SemanticModel\definition\tables\Mesure.tmdl","Dette avec PP","Dette avec PP","À vérifier","À vérifier avant usage. Cette mesure n'a pas été retrouvée dans les rapports analysés et doit être confirmée avec le métier. Elle est conservée temporairement pour éviter de supprimer un calcul potentiellement utile.","True","901"
"Vacance financière commerce.SemanticModel","Vacance financière commerce\Vacance financière commerce.SemanticModel\definition\tables\Mesure.tmdl","Dette YTD","Dette YTD","À vérifier","À vérifier avant usage. Cette mesure n'a pas été retrouvée dans les rapports analysés et doit être confirmée avec le métier. Elle est conservée temporairement pour éviter de supprimer un calcul potentiellement utile.","True","3442"
"Vacance financière commerce.SemanticModel","Vacance financière commerce\Vacance financière commerce.SemanticModel\definition\tables\Mesure.tmdl","DIS dénominateur","DIS dénominateur","À vérifier","À vérifier avant usage. Cette mesure n'a pas été retrouvée dans les rapports analysés et doit être confirmée avec le métier. Elle est conservée temporairement pour éviter de supprimer un calcul potentiellement utile.","True","2724"
"Vacance financière commerce.SemanticModel","Vacance financière commerce\Vacance financière commerce.SemanticModel\definition\tables\Mesure.tmdl","DIS indicateur % de loyer / loyer plafond","DIS indicateur % de loyer / loyer plafond","À vérifier","À vérifier avant usage. Cette mesure n'a pas été retrouvée dans les rapports analysés et doit être confirmée avec le métier. Elle est conservée temporairement pour éviter de supprimer un calcul potentiellement utile.","True","2729"
"Vacance financière commerce.SemanticModel","Vacance financière commerce\Vacance financière commerce.SemanticModel\definition\tables\Mesure.tmdl","DIS numérateur","DIS numérateur","À vérifier","À vérifier avant usage. Cette mesure n'a pas été retrouvée dans les rapports analysés et doit être confirmée avec le métier. Elle est conservée temporairement pour éviter de supprimer un calcul potentiellement utile.","True","2719"
"Vacance financière commerce.SemanticModel","Vacance financière commerce\Vacance financière commerce.SemanticModel\definition\tables\Mesure.tmdl","DistinctCount_CodeCA_par_Tranche","DistinctCount_CodeCA_par_Tranche","À vérifier","À vérifier avant usage. Cette mesure n'a pas été retrouvée dans les rapports analysés et doit être confirmée avec le métier. Elle est conservée temporairement pour éviter de supprimer un calcul potentiellement utile.","True","2102"
"Vacance financière commerce.SemanticModel","Vacance financière commerce\Vacance financière commerce.SemanticModel\definition\tables\Mesure.tmdl","Dont CDI :","Dont CDI :","À vérifier","À vérifier avant usage. Cette mesure n'a pas été retrouvée dans les rapports analysés et doit être confirmée avec le métier. Elle est conservée temporairement pour éviter de supprimer un calcul potentiellement utile.","True","1748"
"Vacance financière commerce.SemanticModel","Vacance financière commerce\Vacance financière commerce.SemanticModel\definition\tables\Mesure.tmdl","Encaissement_Alloc_Cumul_Annuel","Encaissement_Alloc_Cumul_Annuel","À vérifier","À vérifier avant usage. Cette mesure n'a pas été retrouvée dans les rapports analysés et doit être confirmée avec le métier. Elle est conservée temporairement pour éviter de supprimer un calcul potentiellement utile.","True","2573"
"Vacance financière commerce.SemanticModel","Vacance financière commerce\Vacance financière commerce.SemanticModel\definition\tables\Mesure.tmdl","Entrées 2024","Entrées 2024","À vérifier","À vérifier avant usage. Cette mesure n'a pas été retrouvée dans les rapports analysés et doit être confirmée avec le métier. Elle est conservée temporairement pour éviter de supprimer un calcul potentiellement utile.","True","1761"
"Vacance financière commerce.SemanticModel","Vacance financière commerce\Vacance financière commerce.SemanticModel\definition\tables\Mesure.tmdl","Entrées salariées recalcul","Entrées salariées recalcul","À vérifier","À vérifier avant usage. Cette mesure n'a pas été retrouvée dans les rapports analysés et doit être confirmée avec le métier. Elle est conservée temporairement pour éviter de supprimer un calcul potentiellement utile.","True","1815"
"Vacance financière commerce.SemanticModel","Vacance financière commerce\Vacance financière commerce.SemanticModel\definition\tables\Mesure.tmdl","Entrées salariés YTD graph","Entrées salariés YTD graph","À vérifier","À vérifier avant usage. Cette mesure n'a pas été retrouvée dans les rapports analysés et doit être confirmée avec le métier. Elle est conservée temporairement pour éviter de supprimer un calcul potentiellement utile.","True","1277"
"Vacance financière commerce.SemanticModel","Vacance financière commerce\Vacance financière commerce.SemanticModel\definition\tables\Mesure.tmdl","Entrées YTD LOC","Entrées YTD LOC","À vérifier","À vérifier avant usage. Cette mesure n'a pas été retrouvée dans les rapports analysés et doit être confirmée avec le métier. Elle est conservée temporairement pour éviter de supprimer un calcul potentiellement utile.","True","1301"
"Vacance financière commerce.SemanticModel","Vacance financière commerce\Vacance financière commerce.SemanticModel\definition\tables\Mesure.tmdl","Entrées YTD N-1","Entrées YTD N-1","À vérifier","À vérifier avant usage. Cette mesure n'a pas été retrouvée dans les rapports analysés et doit être confirmée avec le métier. Elle est conservée temporairement pour éviter de supprimer un calcul potentiellement utile.","True","602"
"Vacance financière commerce.SemanticModel","Vacance financière commerce\Vacance financière commerce.SemanticModel\definition\tables\Mesure.tmdl","ETP","ETP","À vérifier","À vérifier avant usage. Cette mesure n'a pas été retrouvée dans les rapports analysés et doit être confirmée avec le métier. Elle est conservée temporairement pour éviter de supprimer un calcul potentiellement utile.","True","1743"
"Vacance financière commerce.SemanticModel","Vacance financière commerce\Vacance financière commerce.SemanticModel\definition\tables\Mesure.tmdl","Fonds propres","Fonds propres","À vérifier","À vérifier avant usage. Cette mesure n'a pas été retrouvée dans les rapports analysés et doit être confirmée avec le métier. Elle est conservée temporairement pour éviter de supprimer un calcul potentiellement utile.","True","1808"
"Vacance financière commerce.SemanticModel","Vacance financière commerce\Vacance financière commerce.SemanticModel\definition\tables\Mesure.tmdl","heures d'insertion","heures d'insertion","À vérifier","À vérifier avant usage. Cette mesure n'a pas été retrouvée dans les rapports analysés et doit être confirmée avec le métier. Elle est conservée temporairement pour éviter de supprimer un calcul potentiellement utile.","True","1788"
"Vacance financière commerce.SemanticModel","Vacance financière commerce\Vacance financière commerce.SemanticModel\definition\tables\Mesure.tmdl","Indice de pauvreté","Indice de pauvreté","À vérifier","À vérifier avant usage. Cette mesure n'a pas été retrouvée dans les rapports analysés et doit être confirmée avec le métier. Elle est conservée temporairement pour éviter de supprimer un calcul potentiellement utile.","True","3871"
"Vacance financière commerce.SemanticModel","Vacance financière commerce\Vacance financière commerce.SemanticModel\definition\tables\Mesure.tmdl","Livraisons cumulées alt","Livraisons cumulées alt","À vérifier","À vérifier avant usage. Cette mesure n'a pas été retrouvée dans les rapports analysés et doit être confirmée avec le métier. Elle est conservée temporairement pour éviter de supprimer un calcul potentiellement utile.","True","1140"
"Vacance financière commerce.SemanticModel","Vacance financière commerce\Vacance financière commerce.SemanticModel\definition\tables\Mesure.tmdl","Logements 2023","Logements 2023","À vérifier","À vérifier avant usage. Cette mesure n'a pas été retrouvée dans les rapports analysés et doit être confirmée avec le métier. Elle est conservée temporairement pour éviter de supprimer un calcul potentiellement utile.","True","1696"
"Vacance financière commerce.SemanticModel","Vacance financière commerce\Vacance financière commerce.SemanticModel\definition\tables\Mesure.tmdl","Logements indécents","Logements indécents","À vérifier","À vérifier avant usage. Cette mesure n'a pas été retrouvée dans les rapports analysés et doit être confirmée avec le métier. Elle est conservée temporairement pour éviter de supprimer un calcul potentiellement utile.","True","2698"
"Vacance financière commerce.SemanticModel","Vacance financière commerce\Vacance financière commerce.SemanticModel\definition\tables\Mesure.tmdl","Mesure","Mesure","À vérifier","À vérifier avant usage. Cette mesure n'a pas été retrouvée dans les rapports analysés et doit être confirmée avec le métier. Elle est conservée temporairement pour éviter de supprimer un calcul potentiellement utile.","True","965"
"Vacance financière commerce.SemanticModel","Vacance financière commerce\Vacance financière commerce.SemanticModel\definition\tables\Mesure.tmdl","Mesure 2","Mesure 2","À vérifier","À vérifier avant usage. Cette mesure n'a pas été retrouvée dans les rapports analysés et doit être confirmée avec le métier. Elle est conservée temporairement pour éviter de supprimer un calcul potentiellement utile.","True","1713"
"Vacance financière commerce.SemanticModel","Vacance financière commerce\Vacance financière commerce.SemanticModel\definition\tables\Mesure.tmdl","Mesure 3","Mesure 3","À vérifier","À vérifier avant usage. Cette mesure n'a pas été retrouvée dans les rapports analysés et doit être confirmée avec le métier. Elle est conservée temporairement pour éviter de supprimer un calcul potentiellement utile.","True","1969"
"Vacance financière commerce.SemanticModel","Vacance financière commerce\Vacance financière commerce.SemanticModel\definition\tables\Mesure.tmdl","Mesure 4","Mesure 4","À vérifier","À vérifier avant usage. Cette mesure n'a pas été retrouvée dans les rapports analysés et doit être confirmée avec le métier. Elle est conservée temporairement pour éviter de supprimer un calcul potentiellement utile.","True","2689"
"Vacance financière commerce.SemanticModel","Vacance financière commerce\Vacance financière commerce.SemanticModel\definition\tables\Mesure.tmdl","Mesure 5","Mesure 5","À vérifier","À vérifier avant usage. Cette mesure n'a pas été retrouvée dans les rapports analysés et doit être confirmée avec le métier. Elle est conservée temporairement pour éviter de supprimer un calcul potentiellement utile.","True","2825"
"Vacance financière commerce.SemanticModel","Vacance financière commerce\Vacance financière commerce.SemanticModel\definition\tables\Mesure.tmdl","Mesure 6","Mesure 6","À vérifier","À vérifier avant usage. Cette mesure n'a pas été retrouvée dans les rapports analysés et doit être confirmée avec le métier. Elle est conservée temporairement pour éviter de supprimer un calcul potentiellement utile.","True","3998"
"Vacance financière commerce.SemanticModel","Vacance financière commerce\Vacance financière commerce.SemanticModel\definition\tables\Mesure.tmdl","Mesure 7","Mesure 7","À vérifier","À vérifier avant usage. Cette mesure n'a pas été retrouvée dans les rapports analysés et doit être confirmée avec le métier. Elle est conservée temporairement pour éviter de supprimer un calcul potentiellement utile.","True","4024"
"Vacance financière commerce.SemanticModel","Vacance financière commerce\Vacance financière commerce.SemanticModel\definition\tables\Mesure.tmdl","Mises en chantier","Mises en chantier","À vérifier","À vérifier avant usage. Cette mesure n'a pas été retrouvée dans les rapports analysés et doit être confirmée avec le métier. Elle est conservée temporairement pour éviter de supprimer un calcul potentiellement utile.","True","1782"
"Vacance financière commerce.SemanticModel","Vacance financière commerce\Vacance financière commerce.SemanticModel\definition\tables\Mesure.tmdl","Mises en chantier Réhab","Mises en chantier Réhab","À vérifier","À vérifier avant usage. Cette mesure n'a pas été retrouvée dans les rapports analysés et doit être confirmée avec le métier. Elle est conservée temporairement pour éviter de supprimer un calcul potentiellement utile.","True","1740"
"Vacance financière commerce.SemanticModel","Vacance financière commerce\Vacance financière commerce.SemanticModel\definition\tables\Mesure.tmdl","Mobilité 2024","Mobilité 2024","À vérifier","À vérifier avant usage. Cette mesure n'a pas été retrouvée dans les rapports analysés et doit être confirmée avec le métier. Elle est conservée temporairement pour éviter de supprimer un calcul potentiellement utile.","True","1765"
"Vacance financière commerce.SemanticModel","Vacance financière commerce\Vacance financière commerce.SemanticModel\definition\tables\Mesure.tmdl","MoisDecembre","MoisDecembre","À vérifier","À vérifier avant usage. Cette mesure n'a pas été retrouvée dans les rapports analysés et doit être confirmée avec le métier. Elle est conservée temporairement pour éviter de supprimer un calcul potentiellement utile.","True","3400"
"Vacance financière commerce.SemanticModel","Vacance financière commerce\Vacance financière commerce.SemanticModel\definition\tables\Mesure.tmdl","Moyenne Glissante 12m Vac fi","Moyenne Glissante 12m Vac fi","À vérifier","À vérifier avant usage. Cette mesure n'a pas été retrouvée dans les rapports analysés et doit être confirmée avec le métier. Elle est conservée temporairement pour éviter de supprimer un calcul potentiellement utile.","True","12"
"Vacance financière commerce.SemanticModel","Vacance financière commerce\Vacance financière commerce.SemanticModel\definition\tables\Mesure.tmdl","Nb jour vac YTD","Nb jour vac YTD","À vérifier","À vérifier avant usage. Cette mesure n'a pas été retrouvée dans les rapports analysés et doit être confirmée avec le métier. Elle est conservée temporairement pour éviter de supprimer un calcul potentiellement utile.","True","1590"
"Vacance financière commerce.SemanticModel","Vacance financière commerce\Vacance financière commerce.SemanticModel\definition\tables\Mesure.tmdl","Nb NA","Nb NA","À vérifier","À vérifier avant usage. Cette mesure n'a pas été retrouvée dans les rapports analysés et doit être confirmée avec le métier. Elle est conservée temporairement pour éviter de supprimer un calcul potentiellement utile.","True","3122"
"Vacance financière commerce.SemanticModel","Vacance financière commerce\Vacance financière commerce.SemanticModel\definition\tables\Mesure.tmdl","Nb PLS","Nb PLS","À vérifier","À vérifier avant usage. Cette mesure n'a pas été retrouvée dans les rapports analysés et doit être confirmée avec le métier. Elle est conservée temporairement pour éviter de supprimer un calcul potentiellement utile.","True","3227"
"Vacance financière commerce.SemanticModel","Vacance financière commerce\Vacance financière commerce.SemanticModel\definition\tables\Mesure.tmdl","Nombre d'entrée PP","Nombre d'entrée PP","À vérifier","À vérifier avant usage. Cette mesure n'a pas été retrouvée dans les rapports analysés et doit être confirmée avec le métier. Elle est conservée temporairement pour éviter de supprimer un calcul potentiellement utile.","True","659"
"Vacance financière commerce.SemanticModel","Vacance financière commerce\Vacance financière commerce.SemanticModel\definition\tables\Mesure.tmdl","Nombre d'entrée PP YTD","Nombre d'entrée PP YTD","À vérifier","À vérifier avant usage. Cette mesure n'a pas été retrouvée dans les rapports analysés et doit être confirmée avec le métier. Elle est conservée temporairement pour éviter de supprimer un calcul potentiellement utile.","True","390"
"Vacance financière commerce.SemanticModel","Vacance financière commerce\Vacance financière commerce.SemanticModel\definition\tables\Mesure.tmdl","Objectif annuel vac fi","Objectif annuel vac fi","À vérifier","À vérifier avant usage. Cette mesure n'a pas été retrouvée dans les rapports analysés et doit être confirmée avec le métier. Elle est conservée temporairement pour éviter de supprimer un calcul potentiellement utile.","True","382"
"Vacance financière commerce.SemanticModel","Vacance financière commerce\Vacance financière commerce.SemanticModel\definition\tables\Mesure.tmdl","Objectif encaissement","Objectif encaissement","À vérifier","À vérifier avant usage. Cette mesure n'a pas été retrouvée dans les rapports analysés et doit être confirmée avec le métier. Elle est conservée temporairement pour éviter de supprimer un calcul potentiellement utile.","True","960"
"Vacance financière commerce.SemanticModel","Vacance financière commerce\Vacance financière commerce.SemanticModel\definition\tables\Mesure.tmdl","Objectif vac fi à date","Objectif vac fi à date","À vérifier","À vérifier avant usage. Cette mesure n'a pas été retrouvée dans les rapports analysés et doit être confirmée avec le métier. Elle est conservée temporairement pour éviter de supprimer un calcul potentiellement utile.","True","851"
"Vacance financière commerce.SemanticModel","Vacance financière commerce\Vacance financière commerce.SemanticModel\definition\tables\Mesure.tmdl","Parcelles","Parcelles","À vérifier","À vérifier avant usage. Cette mesure n'a pas été retrouvée dans les rapports analysés et doit être confirmée avec le métier. Elle est conservée temporairement pour éviter de supprimer un calcul potentiellement utile.","True","3860"
"Vacance financière commerce.SemanticModel","Vacance financière commerce\Vacance financière commerce.SemanticModel\definition\tables\Mesure.tmdl","Quitm_ca_calculé","Quitm_ca_calculé","À vérifier","À vérifier avant usage. Cette mesure n'a pas été retrouvée dans les rapports analysés et doit être confirmée avec le métier. Elle est conservée temporairement pour éviter de supprimer un calcul potentiellement utile.","True","2701"
"Vacance financière commerce.SemanticModel","Vacance financière commerce\Vacance financière commerce.SemanticModel\definition\tables\Mesure.tmdl","Quitm_CA_Operation_Annuel","Quitm_CA_Operation_Annuel","À vérifier","À vérifier avant usage. Cette mesure n'a pas été retrouvée dans les rapports analysés et doit être confirmée avec le métier. Elle est conservée temporairement pour éviter de supprimer un calcul potentiellement utile.","True","2520"
"Vacance financière commerce.SemanticModel","Vacance financière commerce\Vacance financière commerce.SemanticModel\definition\tables\Mesure.tmdl","Quittancement Commerces","Quittancement Commerces","À vérifier","À vérifier avant usage. Cette mesure n'a pas été retrouvée dans les rapports analysés et doit être confirmée avec le métier. Elle est conservée temporairement pour éviter de supprimer un calcul potentiellement utile.","True","3694"
"Vacance financière commerce.SemanticModel","Vacance financière commerce\Vacance financière commerce.SemanticModel\definition\tables\Mesure.tmdl","Quittancement Commerces YTD","Quittancement Commerces YTD","À vérifier","À vérifier avant usage. Cette mesure n'a pas été retrouvée dans les rapports analysés et doit être confirmée avec le métier. Elle est conservée temporairement pour éviter de supprimer un calcul potentiellement utile.","True","3700"
"Vacance financière commerce.SemanticModel","Vacance financière commerce\Vacance financière commerce.SemanticModel\definition\tables\Mesure.tmdl","Quittancement m1","Quittancement m1","À vérifier","À vérifier avant usage. Cette mesure n'a pas été retrouvée dans les rapports analysés et doit être confirmée avec le métier. Elle est conservée temporairement pour éviter de supprimer un calcul potentiellement utile.","True","3782"
"Vacance financière commerce.SemanticModel","Vacance financière commerce\Vacance financière commerce.SemanticModel\definition\tables\Mesure.tmdl","Ratio contrôle","Ratio contrôle","À vérifier","À vérifier avant usage. Cette mesure n'a pas été retrouvée dans les rapports analysés et doit être confirmée avec le métier. Elle est conservée temporairement pour éviter de supprimer un calcul potentiellement utile.","True","1272"
"Vacance financière commerce.SemanticModel","Vacance financière commerce\Vacance financière commerce.SemanticModel\definition\tables\Mesure.tmdl","Réhabilitations Livrées","Réhabilitations Livrées","À vérifier","À vérifier avant usage. Cette mesure n'a pas été retrouvée dans les rapports analysés et doit être confirmée avec le métier. Elle est conservée temporairement pour éviter de supprimer un calcul potentiellement utile.","True","1737"
"Vacance financière commerce.SemanticModel","Vacance financière commerce\Vacance financière commerce.SemanticModel\definition\tables\Mesure.tmdl","Réservations PSLA :","Réservations PSLA :","À vérifier","À vérifier avant usage. Cette mesure n'a pas été retrouvée dans les rapports analysés et doit être confirmée avec le métier. Elle est conservée temporairement pour éviter de supprimer un calcul potentiellement utile.","True","1729"
"Vacance financière commerce.SemanticModel","Vacance financière commerce\Vacance financière commerce.SemanticModel\definition\tables\Mesure.tmdl","Salaire injectés","Salaire injectés","À vérifier","À vérifier avant usage. Cette mesure n'a pas été retrouvée dans les rapports analysés et doit être confirmée avec le métier. Elle est conservée temporairement pour éviter de supprimer un calcul potentiellement utile.","True","1792"
"Vacance financière commerce.SemanticModel","Vacance financière commerce\Vacance financière commerce.SemanticModel\definition\tables\Mesure.tmdl","Satisfaction globale","Satisfaction globale","À vérifier","À vérifier avant usage. Cette mesure n'a pas été retrouvée dans les rapports analysés et doit être confirmée avec le métier. Elle est conservée temporairement pour éviter de supprimer un calcul potentiellement utile.","True","954"
"Vacance financière commerce.SemanticModel","Vacance financière commerce\Vacance financière commerce.SemanticModel\definition\tables\Mesure.tmdl","Satisfaction réclamation","Satisfaction réclamation","À vérifier","À vérifier avant usage. Cette mesure n'a pas été retrouvée dans les rapports analysés et doit être confirmée avec le métier. Elle est conservée temporairement pour éviter de supprimer un calcul potentiellement utile.","True","957"
"Vacance financière commerce.SemanticModel","Vacance financière commerce\Vacance financière commerce.SemanticModel\definition\tables\Mesure.tmdl","Soldem_ca_operation_+ yc PP_presents","Soldem_ca_operation_+ yc PP_presents","À vérifier","À vérifier avant usage. Cette mesure n'a pas été retrouvée dans les rapports analysés et doit être confirmée avec le métier. Elle est conservée temporairement pour éviter de supprimer un calcul potentiellement utile.","True","1704"
"Vacance financière commerce.SemanticModel","Vacance financière commerce\Vacance financière commerce.SemanticModel\definition\tables\Mesure.tmdl","Soldem_ca_operation_+_Absent","Soldem_ca_operation_+_Absent","À vérifier","À vérifier avant usage. Cette mesure n'a pas été retrouvée dans les rapports analysés et doit être confirmée avec le métier. Elle est conservée temporairement pour éviter de supprimer un calcul potentiellement utile.","True","647"
"Vacance financière commerce.SemanticModel","Vacance financière commerce\Vacance financière commerce.SemanticModel\definition\tables\Mesure.tmdl","Soldem_ca_operation_+_LOC","Soldem_ca_operation_+_LOC","À vérifier","À vérifier avant usage. Cette mesure n'a pas été retrouvée dans les rapports analysés et doit être confirmée avec le métier. Elle est conservée temporairement pour éviter de supprimer un calcul potentiellement utile.","True","373"
"Vacance financière commerce.SemanticModel","Vacance financière commerce\Vacance financière commerce.SemanticModel\definition\tables\Mesure.tmdl","Sorties 2024","Sorties 2024","À vérifier","À vérifier avant usage. Cette mesure n'a pas été retrouvée dans les rapports analysés et doit être confirmée avec le métier. Elle est conservée temporairement pour éviter de supprimer un calcul potentiellement utile.","True","1757"
"Vacance financière commerce.SemanticModel","Vacance financière commerce\Vacance financière commerce.SemanticModel\definition\tables\Mesure.tmdl","T1","T1","À vérifier","À vérifier avant usage. Cette mesure n'a pas été retrouvée dans les rapports analysés et doit être confirmée avec le métier. Elle est conservée temporairement pour éviter de supprimer un calcul potentiellement utile.","True","2914"
"Vacance financière commerce.SemanticModel","Vacance financière commerce\Vacance financière commerce.SemanticModel\definition\tables\Mesure.tmdl","Taux - 20 jours réclamation 2024","Taux - 20 jours réclamation 2024","À vérifier","À vérifier avant usage. Cette mesure n'a pas été retrouvée dans les rapports analysés et doit être confirmée avec le métier. Elle est conservée temporairement pour éviter de supprimer un calcul potentiellement utile.","True","1811"
"Vacance financière commerce.SemanticModel","Vacance financière commerce\Vacance financière commerce.SemanticModel\definition\tables\Mesure.tmdl","Taux Paiement HPP M","Taux Paiement HPP M","À vérifier","À vérifier avant usage. Cette mesure n'a pas été retrouvée dans les rapports analysés et doit être confirmée avec le métier. Elle est conservée temporairement pour éviter de supprimer un calcul potentiellement utile.","True","2232"
"Vacance financière commerce.SemanticModel","Vacance financière commerce\Vacance financière commerce.SemanticModel\definition\tables\Mesure.tmdl","Taux Paiement HPP M-1","Taux Paiement HPP M-1","À vérifier","À vérifier avant usage. Cette mesure n'a pas été retrouvée dans les rapports analysés et doit être confirmée avec le métier. Elle est conservée temporairement pour éviter de supprimer un calcul potentiellement utile.","True","2246"
"Vacance financière commerce.SemanticModel","Vacance financière commerce\Vacance financière commerce.SemanticModel\definition\tables\Mesure.tmdl","Taux Paiement HPP M-12","Taux Paiement HPP M-12","À vérifier","À vérifier avant usage. Cette mesure n'a pas été retrouvée dans les rapports analysés et doit être confirmée avec le métier. Elle est conservée temporairement pour éviter de supprimer un calcul potentiellement utile.","True","2260"
"Vacance financière commerce.SemanticModel","Vacance financière commerce\Vacance financière commerce.SemanticModel\definition\tables\Mesure.tmdl","Taux_Mobilité_YoY_YTD_Dyn","Taux_Mobilité_YoY_YTD_Dyn","À vérifier","À vérifier avant usage. Cette mesure n'a pas été retrouvée dans les rapports analysés et doit être confirmée avec le métier. Elle est conservée temporairement pour éviter de supprimer un calcul potentiellement utile.","True","866"
"Vacance financière commerce.SemanticModel","Vacance financière commerce\Vacance financière commerce.SemanticModel\definition\tables\Mesure.tmdl","test","test","À vérifier","À vérifier avant usage. Cette mesure n'a pas été retrouvée dans les rapports analysés et doit être confirmée avec le métier. Elle est conservée temporairement pour éviter de supprimer un calcul potentiellement utile.","True","3787"
"Vacance financière commerce.SemanticModel","Vacance financière commerce\Vacance financière commerce.SemanticModel\definition\tables\Mesure.tmdl","Total logements","Total logements","À vérifier","À vérifier avant usage. Cette mesure n'a pas été retrouvée dans les rapports analysés et doit être confirmée avec le métier. Elle est conservée temporairement pour éviter de supprimer un calcul potentiellement utile.","True","1873"
"Vacance financière commerce.SemanticModel","Vacance financière commerce\Vacance financière commerce.SemanticModel\definition\tables\Mesure.tmdl","TotalVacanceMEL_ug","TotalVacanceMEL_ug","À vérifier","À vérifier avant usage. Cette mesure n'a pas été retrouvée dans les rapports analysés et doit être confirmée avec le métier. Elle est conservée temporairement pour éviter de supprimer un calcul potentiellement utile.","True","3335"
"Vacance financière commerce.SemanticModel","Vacance financière commerce\Vacance financière commerce.SemanticModel\definition\tables\Mesure.tmdl","Tx dématérialisation","Tx dématérialisation","À vérifier","À vérifier avant usage. Cette mesure n'a pas été retrouvée dans les rapports analysés et doit être confirmée avec le métier. Elle est conservée temporairement pour éviter de supprimer un calcul potentiellement utile.","True","3911"
"Vacance financière commerce.SemanticModel","Vacance financière commerce\Vacance financière commerce.SemanticModel\definition\tables\Mesure.tmdl","Tx Encaissement HPP Soldes_CA_Operation N-1","Tx Encaissement HPP Soldes_CA_Operation N-1","À vérifier","À vérifier avant usage. Cette mesure n'a pas été retrouvée dans les rapports analysés et doit être confirmée avec le métier. Elle est conservée temporairement pour éviter de supprimer un calcul potentiellement utile.","True","1178"
"Vacance financière commerce.SemanticModel","Vacance financière commerce\Vacance financière commerce.SemanticModel\definition\tables\Mesure.tmdl","Tx Mutation","Tx Mutation","À vérifier","À vérifier avant usage. Cette mesure n'a pas été retrouvée dans les rapports analysés et doit être confirmée avec le métier. Elle est conservée temporairement pour éviter de supprimer un calcul potentiellement utile.","True","2753"
"Vacance financière commerce.SemanticModel","Vacance financière commerce\Vacance financière commerce.SemanticModel\definition\tables\Mesure.tmdl","tx vac fi comm recalcul","tx vac fi comm recalcul","À vérifier","À vérifier avant usage. Cette mesure n'a pas été retrouvée dans les rapports analysés et doit être confirmée avec le métier. Elle est conservée temporairement pour éviter de supprimer un calcul potentiellement utile.","True","1321"
"Vacance financière commerce.SemanticModel","Vacance financière commerce\Vacance financière commerce.SemanticModel\definition\tables\Mesure.tmdl","Tx Vac Mensuelle","Tx Vac Mensuelle","À vérifier","À vérifier avant usage. Cette mesure n'a pas été retrouvée dans les rapports analysés et doit être confirmée avec le métier. Elle est conservée temporairement pour éviter de supprimer un calcul potentiellement utile.","True","679"
"Vacance financière commerce.SemanticModel","Vacance financière commerce\Vacance financière commerce.SemanticModel\definition\tables\Mesure.tmdl","Tx Vac Mensuelle TxVacCommm","Tx Vac Mensuelle TxVacCommm","À vérifier","À vérifier avant usage. Cette mesure n'a pas été retrouvée dans les rapports analysés et doit être confirmée avec le métier. Elle est conservée temporairement pour éviter de supprimer un calcul potentiellement utile.","True","706"
"Vacance financière commerce.SemanticModel","Vacance financière commerce\Vacance financière commerce.SemanticModel\definition\tables\Mesure.tmdl","Tx Vac Mensuelle TxVacMELm","Tx Vac Mensuelle TxVacMELm","À vérifier","À vérifier avant usage. Cette mesure n'a pas été retrouvée dans les rapports analysés et doit être confirmée avec le métier. Elle est conservée temporairement pour éviter de supprimer un calcul potentiellement utile.","True","732"
"Vacance financière commerce.SemanticModel","Vacance financière commerce\Vacance financière commerce.SemanticModel\definition\tables\Mesure.tmdl","Tx Vac Mensuelle TxVacStratm","Tx Vac Mensuelle TxVacStratm","À vérifier","À vérifier avant usage. Cette mesure n'a pas été retrouvée dans les rapports analysés et doit être confirmée avec le métier. Elle est conservée temporairement pour éviter de supprimer un calcul potentiellement utile.","True","758"
"Vacance financière commerce.SemanticModel","Vacance financière commerce\Vacance financière commerce.SemanticModel\definition\tables\Mesure.tmdl","Tx Vac Mensuelle TxVacTechm","Tx Vac Mensuelle TxVacTechm","À vérifier","À vérifier avant usage. Cette mesure n'a pas été retrouvée dans les rapports analysés et doit être confirmée avec le métier. Elle est conservée temporairement pour éviter de supprimer un calcul potentiellement utile.","True","784"
"Vacance financière commerce.SemanticModel","Vacance financière commerce\Vacance financière commerce.SemanticModel\definition\tables\Mesure.tmdl","Tx_recouvrement_impayé","Tx_recouvrement_impayé","À vérifier","À vérifier avant usage. Cette mesure n'a pas été retrouvée dans les rapports analysés et doit être confirmée avec le métier. Elle est conservée temporairement pour éviter de supprimer un calcul potentiellement utile.","True","177"
"Vacance financière commerce.SemanticModel","Vacance financière commerce\Vacance financière commerce.SemanticModel\definition\tables\Mesure.tmdl","Vacance Financière Commerce et Logement HC M","Vacance Financière Commerce et Logement HC M","À vérifier","À vérifier avant usage. Cette mesure n'a pas été retrouvée dans les rapports analysés et doit être confirmée avec le métier. Elle est conservée temporairement pour éviter de supprimer un calcul potentiellement utile.","True","3836"
"Vacance financière commerce.SemanticModel","Vacance financière commerce\Vacance financière commerce.SemanticModel\definition\tables\Mesure.tmdl","Vacance Financière Commerce et Logement HC YTD","Vacance Financière Commerce et Logement HC YTD","À vérifier","À vérifier avant usage. Cette mesure n'a pas été retrouvée dans les rapports analysés et doit être confirmée avec le métier. Elle est conservée temporairement pour éviter de supprimer un calcul potentiellement utile.","True","3842"
"Vacance financière commerce.SemanticModel","Vacance financière commerce\Vacance financière commerce.SemanticModel\definition\tables\Mesure.tmdl","Vacance financière commerciale COM","Vacance financière commerciale COM","À vérifier","À vérifier avant usage. Cette mesure n'a pas été retrouvée dans les rapports analysés et doit être confirmée avec le métier. Elle est conservée temporairement pour éviter de supprimer un calcul potentiellement utile.","True","3642"
"Vacance financière commerce.SemanticModel","Vacance financière commerce\Vacance financière commerce.SemanticModel\definition\tables\Mesure.tmdl","Vacance Financière Commerciale COM YTD","Vacance Financière Commerciale COM YTD","À vérifier","À vérifier avant usage. Cette mesure n'a pas été retrouvée dans les rapports analysés et doit être confirmée avec le métier. Elle est conservée temporairement pour éviter de supprimer un calcul potentiellement utile.","True","3668"
"Vacance financière commerce.SemanticModel","Vacance financière commerce\Vacance financière commerce.SemanticModel\definition\tables\Mesure.tmdl","Vacance Financière Stratégique COM","Vacance Financière Stratégique COM","À vérifier","À vérifier avant usage. Cette mesure n'a pas été retrouvée dans les rapports analysés et doit être confirmée avec le métier. Elle est conservée temporairement pour éviter de supprimer un calcul potentiellement utile.","True","3656"
"Vacance financière commerce.SemanticModel","Vacance financière commerce\Vacance financière commerce.SemanticModel\definition\tables\Mesure.tmdl","Vacance Financière Stratégique COM YTD","Vacance Financière Stratégique COM YTD","À vérifier","À vérifier avant usage. Cette mesure n'a pas été retrouvée dans les rapports analysés et doit être confirmée avec le métier. Elle est conservée temporairement pour éviter de supprimer un calcul potentiellement utile.","True","3662"
"Vacance financière commerce.SemanticModel","Vacance financière commerce\Vacance financière commerce.SemanticModel\definition\tables\Mesure.tmdl","vacance financière totale","vacance financière totale","À vérifier","À vérifier avant usage. Cette mesure n'a pas été retrouvée dans les rapports analysés et doit être confirmée avec le métier. Elle est conservée temporairement pour éviter de supprimer un calcul potentiellement utile.","True","833"
"Vacance financière commerce.SemanticModel","Vacance financière commerce\Vacance financière commerce.SemanticModel\definition\tables\Mesure.tmdl","vacance mensuelle rali","vacance mensuelle rali","À vérifier","À vérifier avant usage. Cette mesure n'a pas été retrouvée dans les rapports analysés et doit être confirmée avec le métier. Elle est conservée temporairement pour éviter de supprimer un calcul potentiellement utile.","True","1512"
"Vacance financière commerce.SemanticModel","Vacance financière commerce\Vacance financière commerce.SemanticModel\definition\tables\Mesure.tmdl","VacanceFinanciereHCYTDRecalcule","VacanceFinanciereHCYTDRecalcule","À vérifier","À vérifier avant usage. Cette mesure n'a pas été retrouvée dans les rapports analysés et doit être confirmée avec le métier. Elle est conservée temporairement pour éviter de supprimer un calcul potentiellement utile.","True","1656"
"Vacance financière commerce.SemanticModel","Vacance financière commerce\Vacance financière commerce.SemanticModel\definition\tables\Mesure.tmdl","VacanceFinanciereYTD","VacanceFinanciereYTD","À vérifier","À vérifier avant usage. Cette mesure n'a pas été retrouvée dans les rapports analysés et doit être confirmée avec le métier. Elle est conservée temporairement pour éviter de supprimer un calcul potentiellement utile.","True","1371"
"Vacance financière commerce.SemanticModel","Vacance financière commerce\Vacance financière commerce.SemanticModel\definition\tables\Mesure.tmdl","VacanceFinancièreYTD_LastPériode","VacanceFinancièreYTD_LastPériode","À vérifier","À vérifier avant usage. Cette mesure n'a pas été retrouvée dans les rapports analysés et doit être confirmée avec le métier. Elle est conservée temporairement pour éviter de supprimer un calcul potentiellement utile.","True","3"
"Vacance financière commerce.SemanticModel","Vacance financière commerce\Vacance financière commerce.SemanticModel\definition\tables\Mesure.tmdl","variation dette","variation dette","À vérifier","À vérifier avant usage. Cette mesure n'a pas été retrouvée dans les rapports analysés et doit être confirmée avec le métier. Elle est conservée temporairement pour éviter de supprimer un calcul potentiellement utile.","True","77"
"Vacance financière commerce.SemanticModel","Vacance financière commerce\Vacance financière commerce.SemanticModel\definition\tables\Mesure.tmdl","Ventes","Ventes","À vérifier","À vérifier avant usage. Cette mesure n'a pas été retrouvée dans les rapports analysés et doit être confirmée avec le métier. Elle est conservée temporairement pour éviter de supprimer un calcul potentiellement utile.","True","1117"
"Vacance financière commerce.SemanticModel","Vacance financière commerce\Vacance financière commerce.SemanticModel\definition\tables\Mesure.tmdl","Ventes 2024","Ventes 2024","À vérifier","À vérifier avant usage. Cette mesure n'a pas été retrouvée dans les rapports analysés et doit être confirmée avec le métier. Elle est conservée temporairement pour éviter de supprimer un calcul potentiellement utile.","True","1718"
